PubChem_CID	name	iupac_name	inchi_key	References	ototoxicity_sum	abs_sum	score	class
19	2,3-dihydroxybenzoic acid	2,3-dihydroxybenzoic acid	GLDQAMYCGOIJDV-UHFFFAOYSA-N	15672440	-1	1	-0.0134498991257566	otoprotective
176	Acetic acid	acetic acid	QTBSBXVTEAMEQO-UHFFFAOYSA-N	11802005, 2495509, 3228184	3	3	0.0403496973772697	ototoxic
180	Acetone	propan-2-one	CSCPPACGZOOCGX-UHFFFAOYSA-N	12194157	1	1	0.0134498991257566	ototoxic
199	Agmatine	2-(4-aminobutyl)guanidine	QYPPJABKJHAVHS-UHFFFAOYSA-N	35256453	-1	1	-0.0134498991257566	otoprotective
241	Benzene	benzene	UHOVQNZJYSORNB-UHFFFAOYSA-N	12194157, 9367235	2	2	0.0268997982515131	ototoxic
281	Carbon monoxide	carbon monoxide	UGFAIRIUMAVXCW-UHFFFAOYSA-N	22064681, 16678019, 11348833	1	3	0.0134498991257566	ototoxic
286	Aminooxyacetic acid	2-aminooxyacetic acid	NQRKYASMKDDGHT-UHFFFAOYSA-N	3675301, 6490543, 7061347	-3	3	-0.0403496973772697	otoprotective
338	Salicylic acid	2-hydroxybenzoic acid	YGSDEFSMJLZEOE-UHFFFAOYSA-N	17970566, 10748326	0	2	0.0	undetermined
370	Gallic acid	3,4,5-trihydroxybenzoic acid	LNTHITQWFMADLM-UHFFFAOYSA-N	29673779	-1	1	-0.0134498991257566	otoprotective
428	1,3-diaminopropane	propane-1,3-diamine	XFNJVJPLKCPIBV-UHFFFAOYSA-N	3788534	1	1	0.0134498991257566	ototoxic
444	Bupropion	2-(tert-butylamino)-1-(3-chlorophenyl)propan-1-one	SNPPWIUOZRMYNY-UHFFFAOYSA-N	16973315	1	1	0.0134498991257566	ototoxic
586	Creatine	2-[carbamimidoyl(methyl)amino]acetic acid	CVSVTCORWBXHQV-UHFFFAOYSA-N	33121925, 21685512	-2	2	-0.0268997982515131	otoprotective
679	Dimethyl sulfoxide	methylsulfinylmethane	IAZDPXIOMUYVGZ-UHFFFAOYSA-N	33084473, 24609645, 9875724	-3	3	-0.0403496973772697	otoprotective
681	Dopamine	4-(2-aminoethyl)benzene-1,2-diol	VYFYYTLLBUKUHU-UHFFFAOYSA-N	32720645, 7738626	-2	2	-0.0268997982515131	otoprotective
702	Ethanol	ethanol	LFQSCWFLJHTTHZ-UHFFFAOYSA-N	29490694, 10983954	2	2	0.0268997982515131	ototoxic
753	Glycerol	propane-1,2,3-triol	PEDCQBHIVMGVHV-UHFFFAOYSA-N	2635548	-1	1	-0.0134498991257566	otoprotective
783	Hydrogen	molecular hydrogen	UFHFLCQGNIYNRP-UHFFFAOYSA-N	28955207, 25064701, 22055279, 20879827, 19339905	-5	5	-0.0672494956287828	otoprotective
784	Hydrogen peroxide	hydrogen peroxide	MHAJPDPJQMAIIY-UHFFFAOYSA-N	39259947, 29490694, 29056901, 25975288	4	4	0.0537995965030262	ototoxic
798	Indole	1H-indole	SIKJAQJRHWYJAI-UHFFFAOYSA-N	23053627	-1	1	-0.0134498991257566	otoprotective
864	Thioctic acid	5-(dithiolan-3-yl)pentanoic acid	AGBQKNBQESQNJD-UHFFFAOYSA-N	39823520, 36142894, 33181275, 30068942, 25296102, 24796665, 25317129, 11039868, 10842591, 10082281	-10	10	-0.134498991257566	otoprotective
896	Melatonin	N-[2-(5-methoxy-1H-indol-3-yl)ethyl]acetamide	DRLFMBDRBRZALE-UHFFFAOYSA-N	41440725, 40937151, 36092781, 31338024, 31092439, 30892162, 27855522, 26915150, 24945170, 23311701, 22320124, 21673362, 18957160, 19434285, 15170574, 10709968, 10626598, 10807352, 38725150, 25413777, 40304216	-21	21	-0.282447881640888	otoprotective
931	Naphthalene	naphthalene	UFWIBTONFRDIAS-UHFFFAOYSA-N	23053627	-1	1	-0.0134498991257566	otoprotective
935	Nickel	nickel	PXHVJJICTQNCMI-UHFFFAOYSA-N	41383593	1	1	0.0134498991257566	ototoxic
936	Nicotinamide	pyridine-3-carboxamide	DFPAKSUCGFBDDF-UHFFFAOYSA-N	11137357, 38225752, 6230750	-3	3	-0.0403496973772697	otoprotective
996	Phenol	phenol	ISWSIDIOOBJBQZ-UHFFFAOYSA-N	2282220	1	1	0.0134498991257566	ototoxic
1024	Pyrroloquinoline quinone	4,5-dioxo-1H-pyrrolo[2,3-f]quinoline-2,7,9-tricarboxylic acid	MMXZSJMASHPLLR-UHFFFAOYSA-N	37650462	-1	1	-0.0134498991257566	otoprotective
1030	Propylene glycol	propane-1,2-diol	DNIAPMSPPWPWGF-UHFFFAOYSA-N	2495509, 3228184, 1207541	3	3	0.0403496973772697	ototoxic
1046	Pyrazinamide	pyrazine-2-carboxamide	IPEHBUMCGVEMRF-UHFFFAOYSA-N	134476	1	1	0.0134498991257566	ototoxic
1084	Thiosulfate ion	dioxido-oxo-sulfanylidene-lambda6-sulfane	DHCDFWKWKRSZHF-UHFFFAOYSA-L	8261581	-1	1	-0.0134498991257566	otoprotective
1102	Spermidine	N'-(3-aminopropyl)butane-1,4-diamine	ATHGHQPFGPMSJY-UHFFFAOYSA-N	3788534	1	1	0.0134498991257566	ototoxic
1103	Spermine	N,N'-bis(3-aminopropyl)butane-1,4-diamine	PFNFFQXMRSDOHW-UHFFFAOYSA-N	7514588, 3788534	2	2	0.0268997982515131	ototoxic
1123	Taurine	2-aminoethanesulfonic acid	XOAAWQZATWQOTB-UHFFFAOYSA-N	25202928, 24312759, 18799819, 18281904	-4	4	-0.0537995965030262	otoprotective
1140	Toluene	toluene	YXFVVABEGXRONW-UHFFFAOYSA-N	32236973, 22064681, 18259983, 15660228, 12194157, 10440486, 9367235, 8571371, 8171264, 3244344	10	10	0.134498991257566	ototoxic
1175	Uric acid	7,9-dihydro-3H-purine-2,6,8-trione	LEHOTFFKMJEONL-UHFFFAOYSA-N	40041973	-1	1	-0.0134498991257566	otoprotective
1329	8-cyclopentyl-1,3-dipropylxanthine	8-cyclopentyl-1,3-dipropyl-7H-purine-2,6-dione	FFBDFADSZUINTG-UHFFFAOYSA-N	15081879	-1	1	-0.0134498991257566	otoprotective
1367	1-aminobenzotriazole	benzotriazol-1-amine	JCXKHYLLVKZPKE-UHFFFAOYSA-N	22546275	-1	1	-0.0134498991257566	otoprotective
1474	2,2'-bipyridine	2-pyridin-2-ylpyridine	ROFVEXUMMXZLPA-UHFFFAOYSA-N	12121739	-1	1	-0.0134498991257566	otoprotective
1598	2-aminoethyl diphenylborinate	2-diphenylboranyloxyethanamine	BLZVCIGGICSWIG-UHFFFAOYSA-N	34902678	-1	1	-0.0134498991257566	otoprotective
1615	Mdma	1-(1,3-benzodioxol-5-yl)-N-methylpropan-2-amine	SHXWCVYOXRDMCX-UHFFFAOYSA-N	11779309	1	1	0.0134498991257566	ototoxic
1639	Amitrole	1H-1,2,4-triazol-5-amine	KLSJWNVTNUYHDU-UHFFFAOYSA-N	25820916	-1	1	-0.0134498991257566	otoprotective
1645	3-aminobenzamide	3-aminobenzamide	GSCPDZHWVNUUFI-UHFFFAOYSA-N	26963167	-1	1	-0.0134498991257566	otoprotective
1678	3-nitropropionic acid	3-nitropropanoic acid	WBLZUCOIBUDNBV-UHFFFAOYSA-N	29032664, 18607972, 15232290	3	3	0.0403496973772697	ototoxic
1752	4-nonylphenol	4-nonylphenol	IGFHQQFPSIBGKE-UHFFFAOYSA-N	27847309	1	1	0.0134498991257566	ototoxic
1775	Phenytoin	5,5-diphenylimidazolidine-2,4-dione	CXOFVDLJLONNDW-UHFFFAOYSA-N	29545765, 28838247, 6384162, 1675495, 8649611	3	5	0.0403496973772697	ototoxic
1935	Tacrine	1,2,3,4-tetrahydroacridin-9-amine	YLJREFDVOIBQDA-UHFFFAOYSA-N	23444481	-1	1	-0.0134498991257566	otoprotective
1983	Acetaminophen	N-(4-hydroxyphenyl)acetamide	RZVAJINKPMORJF-UHFFFAOYSA-N	38882992, 37889440, 33414397, 31282945, 29757919, 29430414, 26930622, 24793116, 20493351, 20193831, 19128584, 28333727	8	12	0.107599193006052	ototoxic
2092	Alfuzosin	N-[3-[(4-amino-6,7-dimethoxyquinazolin-2-yl)-methylamino]propyl]oxolane-2-carboxamide	WNMJYKCGWZFFKR-UHFFFAOYSA-N	33566468	1	1	0.0134498991257566	ototoxic
2130	Amantadine	adamantan-1-amine	DKNWSYNQZKUICI-UHFFFAOYSA-N	35645195	1	1	0.0134498991257566	ototoxic
2141	Amifostine	2-(3-aminopropylamino)ethylsulfanylphosphonic acid	JKOQGQFVAUAYPM-UHFFFAOYSA-N	40165641, 38916058, 39140499, 31866182, 31160205, 31063591, 27669661, 28266200, 26581586, 24984156, 24414535, 23092832, 22592737, 19916578, 19018081, 17823555, 17710657, 16781082, 16465691, 15999362, 16020136, 15390300, 15475801, 15185124, 15185124, 14974858, 14514973, 11745184, 11583387, 11149742, 10588857, 10442192, 10360638, 10348271, 9806657, 9568606, 9374173, 9256891, 9099346, 8783674, 8783672, 8683243, 8656260, 8789814, 8976821, 8612469, 7561498, 7577096, 7973776, 8261581, 2177606, 6090371, 10597214, 15949078, 11335791, 10808697	-56	56	-0.753194351042367	otoprotective
2146	Aminoguanidine	2-aminoguanidine	HAMNKKUPIHEESI-UHFFFAOYSA-N	18281904, 16081592, 15278326, 14644455	-4	4	-0.0537995965030262	otoprotective
2151	4-aminoantipyrine	4-amino-1,5-dimethyl-2-phenylpyrazol-3-one	RLFWWDJHLFCNIJ-UHFFFAOYSA-N	40001646	-1	1	-0.0134498991257566	otoprotective
2153	Theophylline	1,3-dimethyl-7H-purine-2,6-dione	ZFXYFBGIUFBOJW-UHFFFAOYSA-N	33652374, 3627078	0	2	0.0	undetermined
2157	Amiodarone	(2-butyl-1-benzofuran-3-yl)-[4-[2-(diethylamino)ethoxy]-3,5-diiodophenyl]methanone	IYIKLHRQXLHMJQ-UHFFFAOYSA-N	29559948, 29282523, 39087074, 21733416	4	4	0.0537995965030262	ototoxic
2160	Amitriptyline	N,N-dimethyl-3-(2-tricyclo[9.4.0.03,8]pentadeca-1(15),3,5,7,11,13-hexaenylidene)propan-1-amine	KRMDCWKBEZIMAB-UHFFFAOYSA-N	33373328, 16973315, 21733416	1	3	0.0134498991257566	ototoxic
2165	Amodiaquine	4-[(7-chloroquinolin-4-yl)amino]-2-(diethylaminomethyl)phenol	OVCDSSHSILBFBN-UHFFFAOYSA-N	21264010	1	1	0.0134498991257566	ototoxic
2214	Acetovanillone	1-(4-hydroxy-3-methoxyphenyl)ethanone	DFYRUELUNQRZTB-UHFFFAOYSA-N	33084473, 26319609, 25092119, 22147442, 20237264	-5	5	-0.0672494956287828	otoprotective
2244	Aspirin	2-acetyloxybenzoic acid	BSYNRYMUTXBXSQ-UHFFFAOYSA-N	41462666, 40188564, 39965236, 39530276, 35773430, 35894537, 34604960, 29128692, 27548570, 26719956, 24453035, 20193831, 19750261, 17653135, 16844331, 17191118, 9362035, 8397891, 8171264, 2029065, 3143707, 3113170, 3923568, 1169743, 4853118, 1378336, 6691886, 29861128	-6	28	-0.0806993947545393	otoprotective
2256	Atrazine	6-chloro-4-N-ethyl-2-N-propan-2-yl-1,3,5-triazine-2,4-diamine	MXWJVTOOROXGIU-UHFFFAOYSA-N	40001646	-1	1	-0.0134498991257566	otoprotective
2265	Azathioprine	6-(3-methyl-5-nitroimidazol-4-yl)sulfanyl-7H-purine	LMEKQMALGUDUQG-UHFFFAOYSA-N	25166425	1	1	0.0134498991257566	ototoxic
2273	Azosemide	2-chloro-5-(2H-tetrazol-5-yl)-4-(thiophen-2-ylmethylamino)benzenesulfonamide	HMEDEBAJARCKCT-UHFFFAOYSA-N	4088324	1	1	0.0134498991257566	ototoxic
2284	Baclofen	4-amino-3-(4-chlorophenyl)butanoic acid	KPYSYYIEGFHWSV-UHFFFAOYSA-N	17452577	-1	1	-0.0134498991257566	otoprotective
2349	Penicillins	3,3-dimethyl-7-oxo-6-[(2-phenylacetyl)amino]-4-thia-1-azabicyclo[3.2.0]heptane-2-carboxylic acid	JGSARLDLIJGVTE-UHFFFAOYSA-N	26930622, 15164960, 1629050, 7559168	0	4	0.0	undetermined
2353	Berberine	16,17-dimethoxy-5,7-dioxa-13-azoniapentacyclo[11.8.0.02,10.04,8.015,20]henicosa-1(13),2,4(8),9,14,16,18,20-octaene	YBHILYKTIRIUTE-UHFFFAOYSA-N	38068993, 37844727	-2	2	-0.0268997982515131	otoprotective
2366	Betahistine	N-methyl-2-pyridin-2-ylethanamine	UUQMNUMQCIQDMZ-UHFFFAOYSA-N	35656811	-1	1	-0.0134498991257566	otoprotective
2435	Brimonidine	5-bromo-N-(4,5-dihydro-1H-imidazol-2-yl)quinoxalin-6-amine	XYLJNLCSTIOKRM-UHFFFAOYSA-N	28889125, 23069749	-2	2	-0.0268997982515131	otoprotective
2449	Seratrodast	7-phenyl-7-(2,4,5-trimethyl-3,6-dioxocyclohexa-1,4-dien-1-yl)heptanoic acid	ZBVKEHDGYSLCCC-UHFFFAOYSA-N	41011663	-1	1	-0.0134498991257566	otoprotective
2471	Bumetanide	3-(butylamino)-4-phenoxy-5-sulfamoylbenzoic acid	MAEIEVLCKWDQJH-UHFFFAOYSA-N	40098168, 39312737, 30981948, 31015607, 23109177, 1930985, 4088324, 6524339, 7118731, 7338574, 7338573, 7338572, 716856, 18057986, 7093563, 30773607	14	16	0.188298587760592	ototoxic
2474	Bupivacaine [usan:inn:ban]	1-butyl-N-(2,6-dimethylphenyl)piperidine-2-carboxamide	LEBVLXFERQHONN-UHFFFAOYSA-N	484349	1	1	0.0134498991257566	ototoxic
2520	Verapamil	2-(3,4-dimethoxyphenyl)-5-[2-(3,4-dimethoxyphenyl)ethyl-methylamino]-2-propan-2-ylpentanenitrile	SGTNSNPWRIOYBX-UHFFFAOYSA-N	38563869, 12124659, 2197052	-3	3	-0.0403496973772697	otoprotective
2554	Carbamazepine	benzo[b][1]benzazepine-11-carboxamide	FFGPTBGBLSHEPO-UHFFFAOYSA-N	28838247, 17538173, 38707045	1	3	0.0134498991257566	ototoxic
2578	Carmustine	1,3-bis(2-chloroethyl)-1-nitrosourea	DLGOEMSEDOSKAD-UHFFFAOYSA-N	17026822, 9894965	2	2	0.0268997982515131	ototoxic
2585	Carvedilol	1-(9H-carbazol-4-yloxy)-3-[2-(2-methoxyphenoxy)ethylamino]propan-2-ol	OGHNVEJMJSYVRP-UHFFFAOYSA-N	31083995	-1	1	-0.0134498991257566	otoprotective
2603	Cccp	2-[(3-chlorophenyl)hydrazinylidene]propanedinitrile	UGTJLJZQQFGTJD-UHFFFAOYSA-N	34095303	-1	1	-0.0134498991257566	otoprotective
2678	Cetirizine	2-[2-[4-[(4-chlorophenyl)-phenylmethyl]piperazin-1-yl]ethoxy]acetic acid	ZKLPARSLTMPFCP-UHFFFAOYSA-N	36119253	-1	1	-0.0134498991257566	otoprotective
2719	Chloroquine	4-N-(7-chloroquinolin-4-yl)-1-N,1-N-diethylpentane-1,4-diamine	WHTVZRBIWZFKQO-UHFFFAOYSA-N	39376413, 36003319, 35645195, 35096175, 33780902, 34489859, 33491234, 34205776, 33075521, 32768772, 32774508, 32574312, 30654088, 25025411, 27186836, 23238197, 17594118, 11093607, 21264010, 4013729, 7093567, 490032, 1120003, 32603516	22	24	0.295897780766644	ototoxic
2726	Chlorpromazine	3-(2-chlorophenothiazin-10-yl)-N,N-dimethylpropan-1-amine	ZPEIMTDSQAKGNT-UHFFFAOYSA-N	484349	1	1	0.0134498991257566	ototoxic
2733	Chlorzoxazone	5-chloro-3H-1,3-benzoxazol-2-one	TZFWDZFKRBELIQ-UHFFFAOYSA-N	23975871	-1	1	-0.0134498991257566	otoprotective
2754	Cilostazol	6-[4-(1-cyclohexyltetrazol-5-yl)butoxy]-3,4-dihydro-1H-quinolin-2-one	RRGUKTPIGVIEKM-UHFFFAOYSA-N	35849599, 27576862, 23429295	-3	3	-0.0403496973772697	otoprotective
2756	Cimetidine	1-cyano-2-methyl-3-[2-[(5-methyl-1H-imidazol-4-yl)methylsulfanyl]ethyl]guanidine	AQIXAKUUQRKLND-UHFFFAOYSA-N	39947413, 38718672, 35221917, 34234249, 28448657, 24403515, 21854840, 20110413, 21733416	-5	9	-0.0672494956287828	otoprotective
2764	Ciprofloxacin	1-cyclopropyl-6-fluoro-4-oxo-7-piperazin-1-ylquinoline-3-carboxylic acid	MYSWGUAQZAJSOK-UHFFFAOYSA-N	39831503, 37696227, 25363170, 24518407, 14561355, 15841993, 37026784, 40005998, 1929256	9	9	0.121049092131809	ototoxic
2803	Clonidine	N-(2,6-dichlorophenyl)-4,5-dihydro-1H-imidazol-2-amine	GJSURZIOUXUGAL-UHFFFAOYSA-N	21733416	1	1	0.0134498991257566	ototoxic
2882	Cromolyn	5-[3-(2-carboxy-4-oxochromen-5-yl)oxy-2-hydroxypropoxy]-4-oxochromene-2-carboxylic acid	IMZMKUWMOSJXDT-UHFFFAOYSA-N	36902051, 36902051	-2	2	-0.0268997982515131	otoprotective
2907	Cyclophosphamide	N,N-bis(2-chloroethyl)-2-oxo-1,3,2lambda5-oxazaphosphinan-2-amine	CMSMOCZEIVJLDB-UHFFFAOYSA-N	32269613, 28281768, 16135407, 11114707, 1919629, 3039831	6	6	0.0806993947545393	ototoxic
2912	Cypermethrin	[cyano-(3-phenoxyphenyl)methyl] 3-(2,2-dichloroethenyl)-2,2-dimethylcyclopropane-1-carboxylate	KAATUXNTWXVJKI-UHFFFAOYSA-N	31122882	1	1	0.0134498991257566	ototoxic
2913	Cyproheptadine	1-methyl-4-(2-tricyclo[9.4.0.03,8]pentadeca-1(15),3,5,7,9,11,13-heptaenylidene)piperidine	JJCFRYNCJDLXIK-UHFFFAOYSA-N	38627042, 38176752, 33889537, 26019424, 23140169	-5	5	-0.0672494956287828	otoprotective
2972	Deferiprone	3-hydroxy-1,2-dimethylpyridin-4-one	TZXKOCQBRNJULO-UHFFFAOYSA-N	37903661, 26670754, 25051423, 23956204	4	4	0.0537995965030262	ototoxic
2973	Deferoxamine	N-[5-[[4-[5-[acetyl(hydroxy)amino]pentylamino]-4-oxobutanoyl]-hydroxyamino]pentyl]-N'-(5-aminopentyl)-N'-hydroxybutanediamide	UBQYURCVBFRUQT-UHFFFAOYSA-N	37903661, 38242180, 34302894, 33841317, 27879229, 26670754, 25051423, 23956204, 25205902, 17364358, 16344669, 15180462, 15515654, 12121739, 12187025, 11023713, 10748326, 9473083, 9429839, 9367228, 9223576, 9106087, 8951429, 8880186, 8789814, 8556369, 7642453, 7857625, 2605127, 2535320, 3503576, 3657630, 39276841, 10601716, 8738260	1	35	0.0134498991257566	ototoxic
3009	Eflornithine	2,5-diamino-2-(difluoromethyl)pentanoic acid	VLCYCQAOQCDTCN-UHFFFAOYSA-N	39614759, 19139001, 15247138, 11359155, 10869460, 8538189, 8233488, 1862765, 2506912, 2492203, 3125950, 2116404, 15179223, 3082642	12	14	0.161398789509079	ototoxic
3016	Diazepam	7-chloro-1-methyl-5-phenyl-3H-1,4-benzodiazepin-2-one	AAOVKJBEBIDNHE-UHFFFAOYSA-N	16756965, 21733416	0	2	0.0	undetermined
3033	Diclofenac	2-[2-(2,6-dichloroanilino)phenyl]acetic acid	DCOPUUMXTXDBNB-UHFFFAOYSA-N	36133817	1	1	0.0134498991257566	ototoxic
3039	Dichlorvos	2,2-dichloroethenyl dimethyl phosphate	OEBRKCOSUFCWJD-UHFFFAOYSA-N	27847309	1	1	0.0134498991257566	ototoxic
3100	Diphenhydramine	2-benzhydryloxy-N,N-dimethylethanamine	ZZVUWRFHKOJYTH-UHFFFAOYSA-N	32037720, 36133817, 36660180, 10349117	-2	4	-0.0268997982515131	otoprotective
3101	Diphenyleneiodonium	8-iodoniatricyclo[7.4.0.02,7]trideca-1(13),2,4,6,9,11-hexaene	QFXKXRXFBRLLPQ-UHFFFAOYSA-N	34954246	-1	1	-0.0134498991257566	otoprotective
3108	Dipyridamole	2-[[2-[bis(2-hydroxyethyl)amino]-4,8-di(piperidin-1-yl)pyrimido[5,4-d]pyrimidin-6-yl]-(2-hydroxyethyl)amino]ethanol	IZEKFCXSFNUWAM-UHFFFAOYSA-N	7747703, 34137476, 29680437	-3	3	-0.0403496973772697	otoprotective
3114	Disopyramide	4-[di(propan-2-yl)amino]-2-phenyl-2-pyridin-2-ylbutanamide	UVTNFZQICZKOEM-UHFFFAOYSA-N	38474165	-1	1	-0.0134498991257566	otoprotective
3117	Disulfiram	diethylcarbamothioylsulfanyl N,N-diethylcarbamodithioate	AUZONCFQVSMFAP-UHFFFAOYSA-N	40067887, 31866182, 31160205, 2180271	-4	4	-0.0537995965030262	otoprotective
3121	Valproic acid	2-propylpentanoic acid	NIJJYAXOARWZEE-UHFFFAOYSA-N	40851451, 25167568, 25216807, 25875282, 38707045	3	5	0.0403496973772697	ototoxic
3157	Doxazosin	[4-(4-amino-6,7-dimethoxyquinazolin-2-yl)piperazin-1-yl]-(2,3-dihydro-1,4-benzodioxin-3-yl)methanone	RUZYUOTYCVRMRZ-UHFFFAOYSA-N	33566468	1	1	0.0134498991257566	ototoxic
3158	Doxepin	3-(6H-benzo[c][1]benzoxepin-11-ylidene)-N,N-dimethylpropan-1-amine	ODQWQRRAPPTVAG-UHFFFAOYSA-N	16973315	1	1	0.0134498991257566	ototoxic
3194	Ebselen	2-phenyl-1,2-benzoselenazol-3-one	DYEFUKCXAQOFHX-UHFFFAOYSA-N	37711004, 34539342, 32147183, 30727719, 21804453, 18629305, 15721563, 12855368, 10912697, 10842591, 10569399, 10095194, 9303151, 19286452, 33041759	-15	15	-0.201748486886348	otoprotective
3213	Ellipticine	5,11-dimethyl-6H-pyrido[4,3-b]carbazole	CTSPAMFJBXKSOY-UHFFFAOYSA-N	38840194	-1	1	-0.0134498991257566	otoprotective
3220	Emodin	1,3,8-trihydroxy-6-methylanthracene-9,10-dione	RHMXXJGYXNZAPX-UHFFFAOYSA-N	41110266	-1	1	-0.0134498991257566	otoprotective
3229	Enoxacin	1-ethyl-6-fluoro-4-oxo-7-piperazin-1-yl-1,8-naphthyridine-3-carboxylic acid	IDYZIJYBMGIQMJ-UHFFFAOYSA-N	8052802, 1929256	2	2	0.0268997982515131	ototoxic
3278	Ethacrynic acid	2-[2,3-dichloro-4-(2-methylidenebutanoyl)phenoxy]acetic acid	AVOLMBLBETYQHX-UHFFFAOYSA-N	39522055, 29937824, 22189415, 23044998, 21960349, 19142159, 19142155, 17387707, 16978814, 16525832, 14759801, 14599696, 12875913, 12433413, 12372630, 10678781, 10842600, 10842580, 10431119, 9665261, 8880186, 8703385, 8647736, 7714255, 8073219, 8340273, 1930985, 1662964, 2380130, 2160140, 2309560, 2589069, 3178887, 3348750, 3344128, 3341701, 3436849, 3578676, 3833863, 3972753, 3003019, 6512095, 7093562, 6281596, 7061347, 7064694, 6175163, 7197152, 6973908, 7469887, 7271577, 7369651, 7446078, 435146, 760380, 532612, 114151, 716856, 300585, 1084946, 19715747, 7737922, 7970174, 8294268, 8294265, 8281295, 2064270, 2512556, 3228181, 753207, 1156239, 1769908	68	72	0.914593140551446	ototoxic
3291	Ethosuximide	3-ethyl-3-methylpyrrolidine-2,5-dione	HAPOVYFOVVWLRS-UHFFFAOYSA-N	38428726	-1	1	-0.0134498991257566	otoprotective
3292	Ethotoin	3-ethyl-5-phenylimidazolidine-2,4-dione	SZQIFWWUIBRPBZ-UHFFFAOYSA-N	1675495	1	1	0.0134498991257566	ototoxic
3305	Etidronic acid	(1-hydroxy-1-phosphonoethyl)phosphonic acid	DBVJJBKOTRCVKF-UHFFFAOYSA-N	9799894	1	1	0.0134498991257566	ototoxic
3306	Etilefrine	3-[2-(ethylamino)-1-hydroxyethyl]phenol	SQVIAVUSQAWMKL-UHFFFAOYSA-N	35633931	-1	1	-0.0134498991257566	otoprotective
3314	Eugenol	2-methoxy-4-prop-2-enylphenol	RRAFCDWBNXTKKO-UHFFFAOYSA-N	30126770	-1	1	-0.0134498991257566	otoprotective
3339	Fenofibrate	propan-2-yl 2-[4-(4-chlorobenzoyl)phenoxy]-2-methylpropanoate	YMTINGFKWWXKFG-UHFFFAOYSA-N	29908243, 29873734, 28290603	-3	3	-0.0403496973772697	otoprotective
3345	Fentanyl	N-phenyl-N-[1-(2-phenylethyl)piperidin-4-yl]propanamide	PJMPHNIQZUBGLI-UHFFFAOYSA-N	38187991	1	1	0.0134498991257566	ototoxic
3366	5-fluorocytosine	6-amino-5-fluoro-1H-pyrimidin-2-one	XRECTZIEBJDKEO-UHFFFAOYSA-N	11564051	1	1	0.0134498991257566	ototoxic
3385	5-fluorouracil	5-fluoro-1H-pyrimidine-2,4-dione	GHASVSINZRGABV-UHFFFAOYSA-N	40525941, 16135407, 3338666	3	3	0.0403496973772697	ototoxic
3386	Fluoxetine	N-methyl-3-phenyl-3-[4-(trifluoromethyl)phenoxy]propan-1-amine	RTHCYVBBDHJXIQ-UHFFFAOYSA-N	38597272, 16973315, 36133817, 21733416	2	4	0.0268997982515131	ototoxic
3397	Flutamide	2-methyl-N-[4-nitro-3-(trifluoromethyl)phenyl]propanamide	MKXKFYHWDHIYRV-UHFFFAOYSA-N	34070066	-1	1	-0.0134498991257566	otoprotective
3406	4-methylpyrazole	4-methyl-1H-pyrazole	RIKMMFOAQPJVMX-UHFFFAOYSA-N	17222524	-1	1	-0.0134498991257566	otoprotective
3415	Foscarnet	phosphonoformic acid	ZJAOAACCNHFJAH-UHFFFAOYSA-N	10554048	1	1	0.0134498991257566	ototoxic
3440	Furosemide	4-chloro-2-(furan-2-ylmethylamino)-5-sulfamoylbenzoic acid	ZZUFCTLCJUWOSV-UHFFFAOYSA-N	41386467, 41271447, 41173903, 40712497, 40685565, 40564195, 39954163, 40160057, 40098168, 39312737, 39227091, 39484318, 38882992, 38740884, 38143588, 36564163, 37692553, 37108758, 36428503, 36286446, 35806348, 35182603, 33667563, 33735112, 33747602, 32767320, 32105765, 31312524, 30831441, 30489485, 30193125, 30235835, 30078839, 29304389, 29403358, 29085910, 29430461, 29937824, 27311812, 26574172, 26692870, 26029729, 26279947, 25629145, 24845404, 24762042, 24415490, 24308912, 23548607, 23928512, 23884329, 23483451, 23109177, 23756362, 22105869, 21455790, 21493303, 21678708, 21044672, 19861195, 19032419, 19142155, 18692557, 18281904, 17441933, 16861256, 16450683, 15311369, 12520253, 11895059, 10925178, 10842580, 10554048, 10223612, 9557770, 9525243, 9643307, 9389339, 9364616, 9185101, 8996652, 8880186, 8887885, 8611353, 8113137, 8318205, 1486914, 1629050, 1930985, 1662964, 2923694, 2708156, 2808293, 3344128, 3424416, 3113170, 2951360, 3962650, 3753295, 3015857, 4088324, 3833863, 4033342, 4051876, 3003019, 2416729, 6512095, 6470975, 6480524, 6357686, 7180439, 7093562, 6281596, 7042998, 7338574, 7338573, 7338572, 6973908, 6791457, 7224511, 7381633, 114151, 716856, 622611, 567775, 139522, 951390, 1089388, 39725872, 30196524, 21625081, 25356760, 23747541, 23811456, 21463565, 18607918, 18157569, 10962178, 2531137, 3228181, 6673810, 7093563, 1156239, 1166784, 33566468	145	145	1.9502353732347	ototoxic
3446	Gabapentin	2-[1-(aminomethyl)cyclohexyl]acetic acid	UGJMXCAKCUNAIE-UHFFFAOYSA-N	28838247	1	1	0.0134498991257566	ototoxic
3467	Gentamicin	2-[4,6-diamino-3-[3-amino-6-[1-(methylamino)ethyl]oxan-2-yl]oxy-2-hydroxycyclohexyl]oxy-5-methyl-4-(methylamino)oxane-3,5-diol	CEAZRRDELHUEMR-UHFFFAOYSA-N	41194325, 41401640, 41462666, 41350742, 41325835, 41323644, 41189051, 41090873, 40865250, 41011663, 40876780, 40851451, 40582230, 40724969, 40488759, 40362438, 40233985, 40160057, 39827939, 39702402, 39656249, 39312737, 38563333, 39594548, 39610699, 38653908, 39575153, 39525588, 39487741, 39264922, 39138615, 39355176, 39309510, 39072683, 39201833, 38366625, 39005374, 38747600, 38563869, 38743715, 38483863, 38432189, 37650462, 38588647, 38189717, 38101494, 38085767, 37243327, 37900280, 38020411, 36564163, 37263384, 37192594, 37292223, 37018758, 37206823, 36791364, 36655955, 37795280, 36481814, 36330896, 35859240, 36311033, 36026605, 36286446, 36113482, 36003319, 35469039, 34711521, 34561196, 35887836, 35806348, 35781072, 35584572, 35739134, 35658237, 35478148, 35348190, 35286283, 35496911, 35234826, 35370892, 35197290, 34847071, 35087693, 35656452, 35096168, 31533491, 34949620, 34651662, 34500358, 34765606, 34322916, 34049329, 33956344, 33094525, 33998666, 33667563, 33735112, 33713642, 33652374, 33841317, 33359225, 33679402, 33745337, 33274582, 33288712, 32976341, 33192313, 32877949, 31755556, 32767320, 32593214, 32848624, 32850822, 32640539, 32259317, 31937930, 32343899, 32152768, 31997155, 32206579, 32369826, 31838466, 31848399, 31482417, 31041655, 31236744, 31572129, 31311369, 31021006, 31312524, 30991372, 31022870, 30893980, 30868909, 30541727, 30317595, 30787404, 30791463, 30728348, 30341698, 30704056, 29684426, 30244991, 30483050, 30799660, 30411553, 30256516, 30310154, 30119187, 29751043, 31949840, 30245978, 29519695, 29995010, 29873734, 30123246, 29708331, 29933376, 29904366, 29876332, 29301391, 29760588, 29105116, 29595337, 29128692, 29182629, 29214897, 29038666, 29163044, 29114207, 29049311, 29093665, 28791351, 28928635, 29392065, 28802382, 28760048, 28867994, 28332931, 28583486, 28483249, 28440437, 28390604, 28405467, 28290603, 28063006, 28050646, 27819649, 28424655, 28026149, 27709784, 28145495, 27022163, 28121979, 27136366, 27942103, 27689867, 27631653, 26831119, 26797463, 27660456, 27073077, 27251979, 27142333, 27095551, 26930622, 27096015, 26968049, 26775580, 26719956, 26639016, 26523487, 26438271, 27638075, 26673664, 26434546, 26426298, 25377793, 26564118, 26384832, 26295804, 26385408, 26071016, 25882166, 26734400, 25783988, 25647042, 25896296, 25790951, 25779470, 26052268, 26642653, 25688541, 25926770, 26223711, 25712657, 25550222, 25811375, 25554003, 25076226, 24798086, 25640330, 24786541, 25674052, 26506922, 25821323, 25740492, 25199523, 25240593, 25315890, 25268124, 25237294, 25215266, 25087465, 24881578, 25025411, 24834938, 24680217, 24673561, 24662629, 24590390, 24664118, 24142776, 24521345, 24518411, 24119490, 24397911, 24525357, 24451682, 24308912, 24343446, 23606282, 24005042, 24233331, 23619994, 23933362, 23736811, 23651617, 24057822, 23482479, 23557866, 23413197, 23109177, 22991276, 23313113, 23470714, 25414733, 23275343, 23663536, 24319682, 24051519, 23533589, 23359017, 22965463, 22865193, 22977711, 22704672, 22138884, 22320124, 22554194, 22822547, 22817467, 22767971, 22569007, 22545403, 22101097, 22397224, 22075224, 22896926, 22715386, 21856322, 22015113, 21979311, 21879401, 21785162, 21616617, 22020098, 21888961, 21577177, 21190826, 21745548, 21592592, 21519324, 21541943, 21563089, 21552569, 21412917, 21127443, 24312759, 22423580, 21818312, 21455009, 21424048, 21407276, 21196726, 20971179, 21368867, 20709153, 21756683, 20809542, 21364656, 20694782, 20513043, 19958252, 20416460, 20227774, 20213791, 19858169, 20074632, 20060460, 20339695, 20130394, 20004583, 23120646, 19619619, 19687236, 19902799, 19723345, 19902817, 19750261, 19564314, 19285547, 18855163, 18957160, 19629324, 19434285, 20446443, 19925332, 19151550, 19130971, 18809482, 19273542, 18845345, 19582340, 19128679, 19128673, 18698269, 19086304, 18672044, 18512096, 18799819, 18568512, 18485636, 18281904, 18776599, 18161505, 17980524, 18087627, 17964097, 17869439, 17457375, 17595452, 17478213, 16844331, 17364358, 17334299, 16934423, 17346484, 17204896, 17266591, 17390629, 17051332, 16923710, 16939554, 16929990, 16871924, 16436714, 16338090, 16437518, 16289993, 15971031, 16239342, 16298782, 16014323, 15936782, 16417703, 16241022, 15953516, 15831617, 15847949, 15721565, 15721555, 15656952, 16286701, 15799569, 15708492, 15577786, 15571911, 15564826, 15504599, 15334394, 15476311, 15241236, 15231982, 15200423, 15499183, 15357417, 15219046, 26942826, 15064639, 15198381, 15054365, 15806708, 14605921, 14599696, 14606592, 14561355, 12907047, 12855368, 12760856, 12966700, 12797578, 12797577, 12634456, 12725542, 12701739, 12625566, 12583992, 12472526, 12433413, 12213294, 12138146, 12235923, 12169892, 12121739, 12098580, 12486847, 12062756, 12021507, 11895059, 11950531, 11843723, 11876587, 11788201, 11811857, 11781046, 11589975, 11711880, 11591895, 11550524, 11409421, 11425200, 11425199, 11423218, 11283825, 14964951, 11284941, 11270488, 11770143, 11115087, 11132710, 10983954, 10962181, 10871754, 10748326, 10733183, 11045311, 10944833, 10626598, 10575113, 10842610, 10842609, 10842603, 10842584, 10595663, 10591076, 10536212, 10900093, 10554048, 10511636, 10542926, 10435736, 10431887, 10431882, 10418821, 10416864, 10401847, 10401837, 10410341, 10353934, 10416224, 10337971, 10213451, 10095194, 10445072, 9875724, 9872137, 9870624, 9834971, 9833965, 9811183, 9778281, 9762501, 9694103, 9665261, 9669481, 9667428, 9655210, 9626861, 9626860, 9591868, 9547237, 9520053, 9643307, 9812247, 9472730, 9391006, 9447921, 9391883, 9307323, 9263025, 9263020, 9260460, 9246024, 9223576, 9056039, 9039999, 9115709, 9107358, 9001278, 8989951, 9863139, 8973713, 8921280, 8879853, 8878610, 8783082, 8789814, 8623702, 8614212, 9390792, 8868314, 9145593, 8681976, 8647739, 8568514, 8600126, 8587775, 8567412, 7636022, 7747908, 7653256, 7541520, 7785834, 7634515, 7793867, 7775283, 7759396, 7758492, 8749130, 8749119, 7897777, 7928740, 7928715, 7521830, 8056701, 8046610, 8179516, 7514588, 8156402, 8128848, 8073220, 8073219, 8403669, 8233484, 8409715, 8341099, 8238270, 8019890, 8241967, 8094114, 1436928, 1526361, 1604991, 1787382, 1773198, 1943414, 1754734, 1752795, 2064025, 2035927, 2068897, 2008289, 1950529, 1930983, 1930979, 1843163, 1795911, 1763622, 2285060, 2079453, 2277804, 2390421, 2311443, 2309560, 2294943, 2108113, 2097072, 2589069, 2585554, 2793613, 2929339, 2757563, 2635545, 2590032, 2536649, 3264488, 3262982, 3289583, 3294318, 2484534, 3391108, 3261106, 3446672, 3657309, 2889262, 3038190, 3496507, 3617152, 3550341, 3680049, 3675301, 3662925, 3447874, 3570684, 3804883, 3793961, 3777905, 3488158, 3489440, 3524221, 3524215, 3720107, 3700652, 3087162, 3705953, 3485932, 3015857, 4074978, 2866803, 3897942, 3923568, 3975915, 4086385, 4066523, 3972753, 2416729, 6398148, 6391780, 6487373, 6238929, 6479502, 6732634, 6701104, 6693800, 6690474, 6365884, 6146501, 6658186, 6637456, 6643334, 6619004, 6613550, 6586053, 6352035, 6336862, 7159067, 7158707, 7178647, 7093565, 7093564, 6980039, 6813810, 6977353, 6174496, 7159300, 7125634, 7099580, 7038338, 6760967, 7321720, 7185589, 6799892, 7241381, 6927603, 6895009, 7223791, 7282684, 7217716, 7271577, 7034939, 7432055, 7436516, 7413550, 7355388, 7458761, 7425950, 7425946, 533261, 503379, 373439, 312486, 485941, 89779, 309753, 697635, 358884, 100086, 704499, 309268, 696295, 350471, 648238, 567775, 606305, 147625, 900916, 899753, 874379, 868906, 319355, 186696, 972282, 972270, 1017880, 1202914, 1130763, 4206128, 22454868, 38053543, 31328162, 29740652, 9119753, 2705702, 6337228, 40879998, 38476465, 38387448, 33368220, 33422932, 33633676, 32569143, 29762076, 28084995, 27725177, 25793391, 25436048, 25135244, 24758923, 23899413, 21625081, 20814306, 19896499, 19301415, 19380701, 19029517, 18648019, 16549744, 15742260, 12833591, 11288217, 11052245, 10908994, 10612521, 10664709, 9807064, 9726669, 8583847, 7620206, 7970794, 8022610, 311609, 31523085, 27438868, 24008307, 18274912, 15377947, 14710003, 2068914, 507791, 40324675, 32612358, 31324869, 30870364, 29395614, 29330026, 28650045, 28853245, 28968134, 28889125, 28033296, 27787949, 27026730, 26688175, 26528886, 25576788, 26372952, 25403399, 25100553, 25268135, 24587875, 24021919, 23821348, 24192668, 23053627, 22967486, 22085972, 22420430, 21906667, 22082490, 21957099, 20544827, 20082569, 19715747, 19318119, 19255807, 19294753, 19101043, 18607956, 18607918, 18812694, 18833534, 18758324, 18496154, 18487027, 17899270, 17884185, 17640851, 17716843, 17053865, 16528495, 16764839, 16698693, 15823802, 15717301, 16028669, 15720143, 15456806, 16374060, 15157964, 15078076, 14750159, 14724494, 12943373, 12611506, 12616196, 12567093, 14643769, 12537762, 12361869, 11793356, 11516749, 10758350, 10713503, 10601716, 9743081, 9671280, 9388000, 9263024, 9429983, 8951453, 8981398, 8837614, 8975003, 7790928, 8749111, 7928739, 1575776, 1733909, 2062150, 2032957, 1927492, 1927365, 2793605, 2929338, 2467504, 3620125, 3739690, 3487910, 3925771, 4055536, 6602100, 6616524, 7142042, 530709, 429887, 604520, 920138, 1251709, 1139431, 35730503, 31537428, 31508383, 30172621, 24477826, 20523039, 19309154, 19141081, 17503229, 3618167, 15474106, 9563663, 37984050, 26780342, 22283464, 17909448, 12486598, 1927484, 3178565	949	951	12.763954270343	ototoxic
3547	Fasudil	5-(1,4-diazepan-1-ylsulfonyl)isoquinoline	NGOGFTYYXHNFQH-UHFFFAOYSA-N	39769128, 31780893, 34849158	-3	3	-0.0403496973772697	otoprotective
3637	Hydralazine	phthalazin-1-ylhydrazine	RPTUSVTUFVMDQK-UHFFFAOYSA-N	8226340	-1	1	-0.0134498991257566	otoprotective
3639	Hydrochlorothiazide	6-chloro-1,1-dioxo-3,4-dihydro-2H-1lambda6,2,4-benzothiadiazine-7-sulfonamide	JZUFKLXOESDKRF-UHFFFAOYSA-N	29778098, 33566468	2	2	0.0268997982515131	ototoxic
3652	Hydroxychloroquine	2-[4-[(7-chloroquinolin-4-yl)amino]pentyl-ethylamino]ethanol	XXSMGPRMXLTPCZ-UHFFFAOYSA-N	41198710, 35973010, 35645195, 35096175, 33780902, 34259762, 33491234, 33075521, 32768772, 32774508, 32574312, 17594118, 11738695, 10984140, 9706431, 32603516	16	16	0.215198386012105	ototoxic
3658	Hydroxyzine	2-[2-[4-[(4-chlorophenyl)-phenylmethyl]piperazin-1-yl]ethoxy]ethanol	ZQDWXGKKHFNSQK-UHFFFAOYSA-N	34234249	1	1	0.0134498991257566	ototoxic
3672	58560-75-1	2-[4-(2-methylpropyl)phenyl]propanoic acid	HEFNNWSXXWATRW-UHFFFAOYSA-N	38492032, 11288217, 36697994, 36133817	2	4	0.0268997982515131	ototoxic
3675	Phenelzine	2-phenylethylhydrazine	RMUCZJUITONUFY-UHFFFAOYSA-N	16973315	1	1	0.0134498991257566	ototoxic
3676	Lidocaine	2-(diethylamino)-N-(2,6-dimethylphenyl)acetamide	NNJVILVZKWQKPM-UHFFFAOYSA-N	2282220, 6441244, 484349	1	3	0.0134498991257566	ototoxic
3686	Idebenone	2-(10-hydroxydecyl)-5,6-dimethoxy-3-methylcyclohexa-2,5-diene-1,4-dione	JGPMMRGNQUBGND-UHFFFAOYSA-N	41011663, 25550222, 25076226, 22965463	-4	4	-0.0537995965030262	otoprotective
3689	Ifenprodil	4-[2-(4-benzylpiperidin-1-yl)-1-hydroxypropyl]phenol	UYNVMODNBIQBMV-UHFFFAOYSA-N	9878779, 18301716	-2	2	-0.0268997982515131	otoprotective
3690	Ifosfamide	N,3-bis(2-chloroethyl)-2-oxo-1,3,2lambda5-oxazaphosphinan-2-amine	HOMGKSMUEGBAAB-UHFFFAOYSA-N	9743957	1	1	0.0134498991257566	ototoxic
3696	Imipramine	3-(5,6-dihydrobenzo[b][1]benzazepin-11-yl)-N,N-dimethylpropan-1-amine	BCGWQEUPMDMJNV-UHFFFAOYSA-N	38474165, 16973315	0	2	0.0	undetermined
3715	Indomethacin	2-[1-(4-chlorobenzoyl)-5-methoxy-2-methylindol-3-yl]acetic acid	CGIGDMFJXJATDK-UHFFFAOYSA-N	20650042, 8340266, 1636428, 1636419, 3113170, 11428627	2	6	0.0268997982515131	ototoxic
3767	Isoniazid	pyridine-4-carbohydrazide	QRXWMOHMRWLFEY-UHFFFAOYSA-N	12218336, 8091248	2	2	0.0268997982515131	ototoxic
3776	Isopropyl alcohol	propan-2-ol	KFZMGEQAYNKOFK-UHFFFAOYSA-N	3228184	1	1	0.0134498991257566	ototoxic
3820	Kenpaullone	9-bromo-7,12-dihydro-5H-indolo[3,2-d][1]benzazepin-6-one	QQUXFYAWXPMDOE-UHFFFAOYSA-N	31338024, 30091915, 29514916	-3	3	-0.0403496973772697	otoprotective
3826	Ketorolac	5-benzoyl-2,3-dihydro-1H-pyrrolizine-1-carboxylic acid	OZWKMVRBQXNZKK-UHFFFAOYSA-N	7594371	1	1	0.0134498991257566	ototoxic
3845	Kynurenic acid	4-oxo-1H-quinoline-2-carboxylic acid	HCZHHEIFKROPDY-UHFFFAOYSA-N	1358402	-1	1	-0.0134498991257566	otoprotective
3878	Lamotrigine	6-(2,3-dichlorophenyl)-1,2,4-triazine-3,5-diamine	PYZRQGJRPPTADH-UHFFFAOYSA-N	28838247	1	1	0.0134498991257566	ototoxic
3883	Lansoprazole	2-[[3-methyl-4-(2,2,2-trifluoroethoxy)-2-pyridinyl]methylsulfinyl]-1H-benzimidazole	MJIHNNLFOKEZEW-UHFFFAOYSA-N	35910376	-1	1	-0.0134498991257566	otoprotective
3885	Beta-lapachone	2,2-dimethyl-3,4-dihydrobenzo[h]chromene-5,6-dione	QZPQTZZNNJUOLS-UHFFFAOYSA-N	24025646	-1	1	-0.0134498991257566	otoprotective
3899	Leflunomide	5-methyl-N-[4-(trifluoromethyl)phenyl]-1,2-oxazole-4-carboxamide	VHOGYURTWQBHIL-UHFFFAOYSA-N	31912913	1	1	0.0134498991257566	ototoxic
3958	Lorazepam	7-chloro-5-(2-chlorophenyl)-3-hydroxy-1,3-dihydro-1,4-benzodiazepin-2-one	DIWRORZWFLOCLC-UHFFFAOYSA-N	21733416	1	1	0.0134498991257566	ototoxic
3961	Losartan	[2-butyl-5-chloro-3-[[4-[2-(2H-tetrazol-5-yl)phenyl]phenyl]methyl]imidazol-4-yl]methanol	PSIFNNKUMBGKDQ-UHFFFAOYSA-N	37905291	-1	1	-0.0134498991257566	otoprotective
4021	Mci-186	5-methyl-2-phenyl-4H-pyrazol-3-one	QELUYTUMUWHWMC-UHFFFAOYSA-N	41462666, 33084473, 27022163, 26278638, 24795994, 23628221, 18607936, 16308249, 15475794, 12600698, 27957345, 17109855, 15033382, 29861128	-14	14	-0.188298587760592	otoprotective
4033	Mechlorethamine	2-chloro-N-(2-chloroethyl)-N-methylethanamine	HAWPXGHAZFHHAD-UHFFFAOYSA-N	8233488, 3753658, 113748	3	3	0.0403496973772697	ototoxic
4046	Mefloquine	[2,8-bis(trifluoromethyl)quinolin-4-yl]-piperidin-2-ylmethanol	XEEQGYMUWCZPDN-UHFFFAOYSA-N	37607499, 31997155, 24223197	3	3	0.0403496973772697	ototoxic
4054	Memantine	3,5-dimethyladamantan-1-amine	BUGYDGFZZOZRHP-UHFFFAOYSA-N	39522503, 39186064, 23917735, 22947376, 38883494, 27026730	-6	6	-0.0806993947545393	otoprotective
4060	Mephenytoin	5-ethyl-3-methyl-5-phenylimidazolidine-2,4-dione	GMHKMTDVRCWUDX-UHFFFAOYSA-N	1675495	1	1	0.0134498991257566	ototoxic
4091	Metformin	3-(diaminomethylidene)-1,1-dimethylguanidine	XZWYZXLIPXDOLR-UHFFFAOYSA-N	41440725, 36800006, 36661507, 33625942, 32484378, 26719956, 25240593, 24500877, 24297263, 21979311, 25436048, 35716551, 26372952	-13	13	-0.174848688634835	otoprotective
4095	Methadone	6-(dimethylamino)-4,4-diphenylheptan-3-one	USSIQXCVUWKGNF-UHFFFAOYSA-N	32468345, 31694678, 21145191	3	3	0.0403496973772697	ototoxic
4133	Methyl salicylate	methyl 2-hydroxybenzoate	OSWPMRLSEDHDFF-UHFFFAOYSA-N	35305848	-1	1	-0.0134498991257566	otoprotective
4173	Metronidazole	2-(2-methyl-5-nitroimidazol-1-yl)ethanol	VAOCPAMSLUNLGC-UHFFFAOYSA-N	40851451, 27012341, 24401329, 10431882, 10474673, 36721588, 40571418, 40443861	8	8	0.107599193006052	ototoxic
4184	Mianserin	5-methyl-2,5-diazatetracyclo[13.4.0.02,7.08,13]nonadeca-1(19),8,10,12,15,17-hexaene	UEQUQVLFIPOEMF-UHFFFAOYSA-N	36133817	1	1	0.0134498991257566	ototoxic
4195	Midodrine	2-amino-N-[2-(2,5-dimethoxyphenyl)-2-hydroxyethyl]acetamide	PTKSEFOSCHHMPD-UHFFFAOYSA-N	35633931	-1	1	-0.0134498991257566	otoprotective
4421	Nalidixic acid	1-ethyl-7-methyl-4-oxo-1,8-naphthyridine-3-carboxylic acid	MHWLWQUZZRMNGJ-UHFFFAOYSA-N	1622440, 1929256	2	2	0.0268997982515131	ototoxic
4463	Nevirapine	2-cyclopropyl-7-methyl-2,4,9,15-tetrazatricyclo[9.4.0.03,8]pentadeca-1(11),3,5,7,12,14-hexaen-10-one	NQDJXKOVJZTUJA-UHFFFAOYSA-N	31912913, 24487230	2	2	0.0268997982515131	ototoxic
4485	Nifedipine	dimethyl 2,6-dimethyl-4-(2-nitrophenyl)-1,4-dihydropyridine-3,5-dicarboxylate	HYIMSNHJOBLJNT-UHFFFAOYSA-N	23238197	1	1	0.0134498991257566	ototoxic
4497	Nimodipine	3-O-(2-methoxyethyl) 5-O-propan-2-yl 2,6-dimethyl-4-(3-nitrophenyl)-1,4-dihydropyridine-3,5-dicarboxylate	UIAGMCDKSXEBJQ-UHFFFAOYSA-N	35628594, 12597290, 12498370, 8466750, 7928742	-5	5	-0.0672494956287828	otoprotective
4510	Nitroglycerin	1,3-dinitrooxypropan-2-yl nitrate	SNIOPGDIGTZGOP-UHFFFAOYSA-N	29069878	-1	1	-0.0134498991257566	otoprotective
4539	Norfloxacin	1-ethyl-6-fluoro-4-oxo-7-piperazin-1-ylquinoline-3-carboxylic acid	OGJPXUAPXNRGGI-UHFFFAOYSA-N	1622440, 1929256	2	2	0.0268997982515131	ototoxic
4583	Ofloxacin	7-fluoro-2-methyl-6-(4-methylpiperazin-1-yl)-10-oxo-4-oxa-1-azatricyclo[7.3.1.05,13]trideca-5(13),6,8,11-tetraene-11-carboxylic acid	GSDSWSVVBLHKDQ-UHFFFAOYSA-N	10710871, 7610811, 2311746, 37026784, 40005998, 1929256	6	6	0.0806993947545393	ototoxic
4594	Prilosec	6-methoxy-2-[(4-methoxy-3,5-dimethyl-2-pyridinyl)methylsulfinyl]-1H-benzimidazole	SUBDBMMJDZJVOS-UHFFFAOYSA-N	40188564	1	1	0.0134498991257566	ototoxic
4601	Orphenadrine	N,N-dimethyl-2-[(2-methylphenyl)-phenylmethoxy]ethanamine	QVYRGXJJSLMXQH-UHFFFAOYSA-N	38474165	-1	1	-0.0134498991257566	otoprotective
4621	Oxethazaine	2-[2-hydroxyethyl-[2-[methyl-(2-methyl-1-phenylpropan-2-yl)amino]-2-oxoethyl]amino]-N-methyl-N-(2-methyl-1-phenylpropan-2-yl)acetamide	FTLDJPRFCGDUFH-UHFFFAOYSA-N	29430414	-1	1	-0.0134498991257566	otoprotective
4634	Oxybutynin	4-(diethylamino)but-2-ynyl 2-cyclohexyl-2-hydroxy-2-phenylacetate	XIQVNETUBQGFHX-UHFFFAOYSA-N	33566468	1	1	0.0134498991257566	ototoxic
4674	Pamidronic acid	(3-amino-1-hydroxy-1-phosphonopropyl)phosphonic acid	WRUUGTRCQOWXEG-UHFFFAOYSA-N	7648491, 14729043	0	2	0.0	undetermined
4679	Pantoprazole	6-(difluoromethoxy)-2-[(3,4-dimethoxy-2-pyridinyl)methylsulfinyl]-1H-benzimidazole	IQPSEEYGBUAQFF-UHFFFAOYSA-N	29445029	-1	1	-0.0134498991257566	otoprotective
4713	167869-21-8	2-(2-amino-3-methoxyphenyl)chromen-4-one	QFWCYNPOPKQOKV-UHFFFAOYSA-N	17243113	-1	1	-0.0134498991257566	otoprotective
4740	Pentoxifylline	3,7-dimethyl-1-(5-oxohexyl)purine-2,6-dione	BYPFEZZEUUWMEJ-UHFFFAOYSA-N	30138519, 22784588, 37316424	-3	3	-0.0403496973772697	otoprotective
4768	Phenoxybenzamine	N-benzyl-N-(2-chloroethyl)-1-phenoxypropan-2-amine	QZVCTJOXCFMACW-UHFFFAOYSA-N	28503132	-1	1	-0.0134498991257566	otoprotective
4788	Phloretin	3-(4-hydroxyphenyl)-1-(2,4,6-trihydroxyphenyl)propan-1-one	VGEREEWJJVICBM-UHFFFAOYSA-N	21857081	-1	1	-0.0134498991257566	otoprotective
4829	Pioglitazone	5-[[4-[2-(5-ethyl-2-pyridinyl)ethoxy]phenyl]methyl]-1,3-thiazolidine-2,4-dione	HYAFETHFCAUJAY-UHFFFAOYSA-N	33192313, 29182629, 22513061	-3	3	-0.0403496973772697	otoprotective
4843	Piracetam	2-(2-oxopyrrolidin-1-yl)acetamide	GMZVRMREEHBGGF-UHFFFAOYSA-N	22947376, 16819189	-2	2	-0.0268997982515131	otoprotective
4848	Pirenzepine	11-[2-(4-methylpiperazin-1-yl)acetyl]-5H-pyrido[2,3-b][1,4]benzodiazepin-6-one	RMHMFHUVIITRHF-UHFFFAOYSA-N	31551715	-1	1	-0.0134498991257566	otoprotective
4849	Piretanide	4-phenoxy-3-pyrrolidin-1-yl-5-sulfamoylbenzoic acid	UJEWTUDSLQGTOA-UHFFFAOYSA-N	1930985, 3962650, 4088324	3	3	0.0403496973772697	ototoxic
4858	Pj34	2-(dimethylamino)-N-(6-oxo-5H-phenanthridin-2-yl)acetamide	UYJZZVDLGDDTCL-UHFFFAOYSA-N	40577815	-1	1	-0.0134498991257566	otoprotective
4875	Potassium iodide	potassium iodide	NLKNQRATVPKPDG-UHFFFAOYSA-M	40188564	1	1	0.0134498991257566	ototoxic
4893	Prazosin	[4-(4-amino-6,7-dimethoxyquinazolin-2-yl)piperazin-1-yl]-(furan-2-yl)methanone	IENZQIKPVFGBNW-UHFFFAOYSA-N	33566468	1	1	0.0134498991257566	ototoxic
4911	Probenecid	4-(dipropylsulfamoyl)benzoic acid	DBABZHXKTCFAPX-UHFFFAOYSA-N	1629050, 1848154, 2380130, 2951360, 6470975	-5	5	-0.0672494956287828	otoprotective
4912	Probucol	2,6-ditert-butyl-4-[2-(3,5-ditert-butyl-4-hydroxyphenyl)sulfanylpropan-2-ylsulfanyl]phenol	FYPMFJGVHOHGLL-UHFFFAOYSA-N	37529927, 38758361	-2	2	-0.0268997982515131	otoprotective
4915	Procarbazine	4-[(2-methylhydrazinyl)methyl]-N-propan-2-ylbenzamide	CPTBDICYNRMXFX-UHFFFAOYSA-N	9743957	1	1	0.0134498991257566	ototoxic
4946	Propranolol	1-naphthalen-1-yloxy-3-(propan-2-ylamino)propan-2-ol	AQHHHDLHHXJYJD-UHFFFAOYSA-N	21733416	1	1	0.0134498991257566	ototoxic
4976	Protriptyline	N-methyl-3-(2-tricyclo[9.4.0.03,8]pentadeca-1(15),3,5,7,9,11,13-heptaenyl)propan-1-amine	BWPIARFWQZKAIA-UHFFFAOYSA-N	16973315	1	1	0.0134498991257566	ototoxic
5022	R-pia	2-(hydroxymethyl)-5-[6-(1-phenylpropan-2-ylamino)purin-9-yl]oxolane-3,4-diol	RIRGCFBBHQEQQH-UHFFFAOYSA-N	31267026, 27053204, 15081879, 9303151	-4	4	-0.0537995965030262	otoprotective
5070	Riluzole	6-(trifluoromethoxy)-1,3-benzothiazol-2-amine	FTALBRSUTCGOEG-UHFFFAOYSA-N	31360245	-1	1	-0.0134498991257566	otoprotective
5092	Rolipram	4-(3-cyclopentyloxy-4-methoxyphenyl)pyrrolidin-2-one	HJORMJIFDVBMOB-UHFFFAOYSA-N	41386467	-1	1	-0.0134498991257566	otoprotective
5146	Salicyl alcohol	2-(hydroxymethyl)phenol	CQRYARSYNCAZFO-UHFFFAOYSA-N	35305848	-1	1	-0.0134498991257566	otoprotective
5169	152121-30-7	4-[4-(4-fluorophenyl)-5-pyridin-4-yl-1H-imidazol-2-yl]phenol	QHKYPYXTTXKZST-UHFFFAOYSA-N	20036720	-1	1	-0.0134498991257566	otoprotective
5206	Sevoflurane	1,1,1,3,3,3-hexafluoro-2-(fluoromethoxy)propane	DFEYYRMXOJXZRJ-UHFFFAOYSA-N	38141010	1	1	0.0134498991257566	ototoxic
5213	Silymarin	3,5,7-trihydroxy-2-[3-(4-hydroxy-3-methoxyphenyl)-2-(hydroxymethyl)-2,3-dihydro-1,4-benzodioxin-6-yl]-2,3-dihydrochromen-4-one	SEBFKMXJBCUCAI-UHFFFAOYSA-N	36450892, 26581586, 25712657, 24434130	-4	4	-0.0537995965030262	otoprotective
5235	Sodium fluoride	sodium fluoride	PUZPDOWCWNUUKD-UHFFFAOYSA-M	20089010	-1	1	-0.0134498991257566	otoprotective
5245	Risedronic acid	(1-hydroxy-1-phosphono-2-pyridin-3-ylethyl)phosphonic acid	IIDJRNMFWXDHID-UHFFFAOYSA-N	40642015	1	1	0.0134498991257566	ototoxic
5291	Imatinib	4-[(4-methylpiperazin-1-yl)methyl]-N-[4-methyl-3-[(4-pyridin-3-ylpyrimidin-2-yl)amino]phenyl]benzamide	KTUFNOKKBVMGRW-UHFFFAOYSA-N	36090793, 27909636, 18221994	3	3	0.0403496973772697	ototoxic
5311	Vorinostat	N'-hydroxy-N-phenyloctanediamide	WAEXFXRVDQXREF-UHFFFAOYSA-N	34223978, 29114207, 29114207, 26279947, 26279947, 32234638	-6	6	-0.0806993947545393	otoprotective
5339	Sulfasalazine	2-hydroxy-5-[[4-(pyridin-2-ylsulfamoyl)phenyl]diazenyl]benzoic acid	NCEXYHBECQHGNR-UHFFFAOYSA-N	16076720	1	1	0.0134498991257566	ototoxic
5350	Sulforaphane	1-isothiocyanato-4-methylsulfinylbutane	SUVMJBTUFCVSAD-UHFFFAOYSA-N	37728555, 34344210	-2	2	-0.0268997982515131	otoprotective
5361	Suramin	8-[[4-methyl-3-[[3-[[3-[[2-methyl-5-[(4,6,8-trisulfonaphthalen-1-yl)carbamoyl]phenyl]carbamoyl]phenyl]carbamoylamino]benzoyl]amino]benzoyl]amino]naphthalene-1,3,5-trisulfonic acid	FIAFUQMPZJWCLV-UHFFFAOYSA-N	17243113	-1	1	-0.0134498991257566	otoprotective
5401	Terazosin	[4-(4-amino-6,7-dimethoxyquinazolin-2-yl)piperazin-1-yl]-(oxolan-2-yl)methanone	VCKUSRYTPJJLNI-UHFFFAOYSA-N	33566468	1	1	0.0134498991257566	ototoxic
5413	Tetraethylammonium	tetraethylazanium	CBXCPBUEXACCNR-UHFFFAOYSA-N	16109459	-1	1	-0.0134498991257566	otoprotective
5431	136-09-4	[2-[3-[(4-amino-2-methylpyrimidin-5-yl)methyl]-4-methyl-1,3-thiazol-3-ium-5-yl]ethoxy-hydroxyphosphoryl] hydrogen phosphate	AYEKOFBPNLCAJY-UHFFFAOYSA-N	24163613	-1	1	-0.0134498991257566	otoprotective
5440	Thiethylperazine	2-ethylsulfanyl-10-[3-(4-methylpiperazin-1-yl)propyl]phenothiazine	XCTYLCDETUVOIP-UHFFFAOYSA-N	18591121	1	1	0.0134498991257566	ototoxic
5453	Thiotepa	tris(aziridin-1-yl)-sulfanylidene-lambda5-phosphane	FOCVUCIESVLUNU-UHFFFAOYSA-N	25179451, 11114707	2	2	0.0268997982515131	ototoxic
5483	Tiopronin	2-(2-sulfanylpropanoylamino)acetic acid	YTGJWQPHMWSCST-UHFFFAOYSA-N	15643740, 15224867, 15219046, 26942826	-4	4	-0.0537995965030262	otoprotective
5530	Tranylcypromine	2-phenylcyclopropan-1-amine	AELCINSCMGFISI-UHFFFAOYSA-N	41046290	-1	1	-0.0134498991257566	otoprotective
5533	Trazodone	2-[3-[4-(3-chlorophenyl)piperazin-1-yl]propyl]-[1,2,4]triazolo[4,3-a]pyridin-3-one	PHLBKPHSAVXXEF-UHFFFAOYSA-N	36133817	1	1	0.0134498991257566	ototoxic
5564	Triclosan	5-chloro-2-(2,4-dichlorophenoxy)phenol	XEFQLINVKFYRCS-UHFFFAOYSA-N	36505955	1	1	0.0134498991257566	ototoxic
5570	Trigonelline	1-methylpyridin-1-ium-3-carboxylate	WWNNZCOKKKDOPX-UHFFFAOYSA-N	19336890	-1	1	-0.0134498991257566	otoprotective
5578	Trimethoprim	5-[(3,4,5-trimethoxyphenyl)methyl]pyrimidine-2,4-diamine	IEDVJHCEMCRBQM-UHFFFAOYSA-N	29335807	1	1	0.0134498991257566	ototoxic
5625	Delavirdine	N-[2-[4-[3-(propan-2-ylamino)-2-pyridinyl]piperazine-1-carbonyl]-1H-indol-5-yl]methanesulfonamide	WHBIGIKBNXZKFE-UHFFFAOYSA-N	24487230	1	1	0.0134498991257566	ototoxic
5656	Venlafaxine	1-[2-(dimethylamino)-1-(4-methoxyphenyl)ethyl]cyclohexan-1-ol	PNVNVHUZROJLTJ-UHFFFAOYSA-N	16973315	1	1	0.0134498991257566	ototoxic
5665	Vigabatrin	4-aminohex-5-enoic acid	PJDFLNIOAUIZSL-UHFFFAOYSA-N	28838247, 17221143	0	2	0.0	undetermined
5743	Dexamethasone	(8S,9R,10S,11S,13S,14S,16R,17R)-9-fluoro-11,17-dihydroxy-17-(2-hydroxyacetyl)-10,13,16-trimethyl-6,7,8,11,12,14,15,16-octahydrocyclopenta[a]phenanthren-3-one	UREBDLICKHMUKA-CXSFZGCWSA-N	41278499, 41350742, 41323644, 41212257, 40128126, 39965236, 39522055, 39386930, 39141082, 39259947, 39140499, 39130317, 38065412, 37696227, 37733709, 37779780, 36731442, 36555432, 36536939, 34967280, 36499206, 36136854, 35469039, 35968304, 35688810, 34483247, 34776942, 31569969, 32273476, 33666428, 33419229, 32358651, 31531774, 31540035, 31160205, 30974336, 31239676, 30532536, 29689410, 29993216, 29197586, 29403358, 29160374, 28636736, 28213099, 28405467, 27898607, 26930622, 26971701, 26830667, 26789647, 26789647, 26485588, 26564118, 26027789, 26375980, 24841915, 24618499, 24762042, 25140325, 24233060, 22907029, 22884636, 23202157, 22947376, 22320124, 23449759, 21572077, 21521888, 20300971, 21756583, 19579145, 19747459, 19442713, 18838114, 18818545, 18716567, 17967639, 17478213, 15064639, 12117531, 11710476, 7979004, 6384162, 28084995, 15377947, 39573930, 36697994, 31217747, 28033296, 26718602, 25999718, 21571041, 21099726, 18606508, 1953842, 32155788, 28511890, 25217083, 21327728, 38279924, 33435995	-96	102	-1.29119031607263	otoprotective
5746	Mitomycin c	[(4S,6S,7R,8S)-11-amino-7-methoxy-12-methyl-10,13-dioxo-2,5-diazatetracyclo[7.4.0.02,7.04,6]trideca-1(9),11-dien-8-yl]methyl carbamate	NWIBSHFKIJFRCO-WUDYKRTCSA-N	16788424, 31741924	0	2	0.0	undetermined
5754	Hydrocortisone	(8S,9S,10R,11S,13S,14S,17R)-11,17-dihydroxy-17-(2-hydroxyacetyl)-10,13-dimethyl-2,6,7,8,9,11,12,14,15,16-decahydro-1H-cyclopenta[a]phenanthren-3-one	JYGXADMDTFJGBT-VWUMJDOOSA-N	31540035, 11802005, 11349764, 1636429, 3031988, 17309521, 11428627, 39886059, 22430411	-3	9	-0.0403496973772697	otoprotective
5755	Prednisolone	(8S,9S,10R,11S,13S,14S,17R)-11,17-dihydroxy-17-(2-hydroxyacetyl)-10,13-dimethyl-7,8,9,11,12,14,15,16-octahydro-6H-cyclopenta[a]phenanthren-3-one	OIGNJSKKLXVSLS-VWUMJDOOSA-N	33419229, 28955202, 27578030, 20800906	-4	4	-0.0537995965030262	otoprotective
5756	Estriol	(8R,9S,13S,14S,16R,17R)-13-methyl-6,7,8,9,11,12,14,15,16,17-decahydrocyclopenta[a]phenanthrene-3,16,17-triol	PROQIPRRNZUXQM-ZXXIGWHRSA-N	21856322	-1	1	-0.0134498991257566	otoprotective
5757	Estradiol	(8R,9S,13S,14S,17S)-13-methyl-6,7,8,9,11,12,14,15,16,17-decahydrocyclopenta[a]phenanthrene-3,17-diol	VOXZDWNPVJITMN-ZBRFXRBCSA-N	36661237, 20074632, 21733416	-1	3	-0.0134498991257566	otoprotective
5819	Thyroxine	(2S)-2-amino-3-[4-(4-hydroxy-3,5-diiodophenoxy)-3,5-diiodophenyl]propanoic acid	XUIIKFGFIJCVMT-LBPRGKRZSA-N	1526885	-1	1	-0.0134498991257566	otoprotective
5833	Spironolactone	S-[(7R,8R,9S,10R,13S,14S,17R)-10,13-dimethyl-3,5'-dioxospiro[2,6,7,8,9,11,12,14,15,16-decahydro-1H-cyclopenta[a]phenanthrene-17,2'-oxolane]-7-yl] ethanethioate	LXMSZDCAJNLERA-ZHYRCANASA-N	33566468, 11889387	0	2	0.0	undetermined
5839	Aldosterone	(8S,9S,10R,11S,13R,14S,17S)-11-hydroxy-17-(2-hydroxyacetyl)-10-methyl-3-oxo-1,2,6,7,8,9,11,12,14,15,16,17-dodecahydrocyclopenta[a]phenanthrene-13-carbaldehyde	PQSUYGKTWSAVDQ-ZVIOFETBSA-N	20800906	-1	1	-0.0134498991257566	otoprotective
5862	L-cysteine	(2R)-2-amino-3-sulfanylpropanoic acid	XUJNEKJLAYXESH-REOHCLBHSA-N	22080994	-1	1	-0.0134498991257566	otoprotective
5865	Prednisone	(8S,9S,10R,13S,14S,17R)-17-hydroxy-17-(2-hydroxyacetyl)-10,13-dimethyl-6,7,8,9,12,14,15,16-octahydrocyclopenta[a]phenanthrene-3,11-dione	XOFYZVNMUHMLCC-ZPOLXVRWSA-N	21327728, 36119253	-2	2	-0.0268997982515131	otoprotective
5870	Estrone	(8R,9S,13S,14S)-3-hydroxy-13-methyl-7,8,9,11,12,14,15,16-octahydro-6H-cyclopenta[a]phenanthren-17-one	DNXHEGUUPJUMQT-CBZIJGRNSA-N	21856322	-1	1	-0.0134498991257566	otoprotective
5881	Dehydroepiandrosterone	(3S,8R,9S,10R,13S,14S)-3-hydroxy-10,13-dimethyl-1,2,3,4,7,8,9,11,12,14,15,16-dodecahydrocyclopenta[a]phenanthren-17-one	FMGSKLZLMKYGDP-USOAJAOKSA-N	21856322	-1	1	-0.0134498991257566	otoprotective
5892	Nadide	[[(2R,3S,4R,5R)-5-(6-aminopurin-9-yl)-3,4-dihydroxyoxolan-2-yl]methoxy-hydroxyphosphoryl] [(2R,3S,4R,5R)-5-(3-carbamoylpyridin-1-ium-1-yl)-3,4-dihydroxyoxolan-2-yl]methyl phosphate	BAWFJGJZGIEFAR-NNYOXOHSSA-N	24308914, 25419212, 24223197	-3	3	-0.0403496973772697	otoprotective
5893	Nadide (jan/usan/inn)	[[(2R,3S,4R,5R)-5-(6-aminopurin-9-yl)-3,4-dihydroxyoxolan-2-yl]methoxy-hydroxyphosphoryl] [(2R,3S,4R,5R)-5-(3-carbamoylpyridin-1-ium-1-yl)-3,4-dihydroxyoxolan-2-yl]methyl hydrogen phosphate	BAWFJGJZGIEFAR-NNYOXOHSSA-O	25891352	-1	1	-0.0134498991257566	otoprotective
5904	Penicillin g	(2S,5R,6R)-3,3-dimethyl-7-oxo-6-[(2-phenylacetyl)amino]-4-thia-1-azabicyclo[3.2.0]heptane-2-carboxylic acid	JGSARLDLIJGVTE-MBNYWOFBSA-N	33478757, 2380130, 2951360	-1	3	-0.0134498991257566	otoprotective
5951	L-serine	(2S)-2-amino-3-hydroxypropanoic acid	MTCFGRXMJLQNBG-REOHCLBHSA-N	32221851	-1	1	-0.0134498991257566	otoprotective
5957	Adenosine triphosphate	[[(2R,3S,4R,5R)-5-(6-aminopurin-9-yl)-3,4-dihydroxyoxolan-2-yl]methoxy-hydroxyphosphoryl] phosphono hydrogen phosphate	ZKHQWZAMYRWXGA-KQYNXXCUSA-N	41198710, 32894392	-2	2	-0.0268997982515131	otoprotective
5959	Chloramphenicol	2,2-dichloro-N-[(1R,2R)-1,3-dihydroxy-1-(4-nitrophenyl)propan-2-yl]acetamide	WIIZWVCIJKGZOK-RKDXNWHRSA-N	25025411, 23238197, 16437533, 8091248, 6391780, 6715985, 6717758, 7469887, 7035098	9	9	0.121049092131809	ototoxic
5975	Cyanide	cyanide	XFXPMWWXUTWYJX-UHFFFAOYSA-N	11348833	1	1	0.0134498991257566	ototoxic
5978	Vincristine	methyl (1R,9R,10S,11R,12R,19R)-11-acetyloxy-12-ethyl-4-[(13S,15S,17S)-17-ethyl-17-hydroxy-13-methoxycarbonyl-1,11-diazatetracyclo[13.3.1.04,12.05,10]nonadeca-4(12),5,7,9-tetraen-13-yl]-8-formyl-10-hydroxy-5-methoxy-8,16-diazapentacyclo[10.6.1.01,9.02,7.016,19]nonadeca-2,4,6,13-tetraene-10-carboxylate	OGWKCGZFUXNPDA-XQKSVPLYSA-N	40642015, 34490624, 32269613, 28346057, 9579846, 8862718, 8233488, 3391815, 33200354, 7272895, 33249295, 17023056, 3039831	13	13	0.174848688634835	ototoxic
5994	Progesterone	(8S,9S,10R,13S,14S,17S)-17-acetyl-10,13-dimethyl-1,2,6,7,8,9,11,12,14,15,16,17-dodecahydrocyclopenta[a]phenanthren-3-one	RJKFOVLPORLFTN-LEKSSAKUSA-N	21856322, 28451647	-2	2	-0.0268997982515131	otoprotective
6000	Tubocurarine	(1S,16R)-10,25-dimethoxy-15,15,30-trimethyl-7,23-dioxa-30-aza-15-azoniaheptacyclo[22.6.2.23,6.18,12.118,22.027,31.016,34]hexatriaconta-3(36),4,6(35),8(34),9,11,18(33),19,21,24,26,31-dodecaene-9,21-diol	JFJZZMVDLULRGK-URLMMPGGSA-O	28928635	-1	1	-0.0134498991257566	otoprotective
6032	Kanamycin	(2R,3S,4S,5R,6R)-2-(aminomethyl)-6-[(1R,2R,3S,4R,6S)-4,6-diamino-3-[(2S,3R,4S,5S,6R)-4-amino-3,5-dihydroxy-6-(hydroxymethyl)oxan-2-yl]oxy-2-hydroxycyclohexyl]oxyoxane-3,4,5-triol	SBUJHOSQTJFQJX-NOAMYHISSA-N	41386467, 41448059, 41271447, 40319645, 41173903, 40712497, 40383085, 39954163, 40093437, 39227091, 39522055, 39435078, 39309510, 39193335, 39110778, 38840777, 38740884, 38143588, 37798459, 37692553, 37317507, 37192594, 36259357, 36466201, 36428503, 36139833, 35584572, 35658237, 35562915, 35182603, 35384675, 35211341, 35041532, 34858067, 34884516, 34678647, 34679662, 34252307, 34015383, 33898763, 33735112, 33747602, 33745337, 33567829, 32866193, 32560052, 32105765, 31739701, 31750151, 31316607, 31312524, 31122273, 31097073, 31151497, 30461043, 30843411, 30032763, 30235835, 30015752, 30078839, 29654830, 29687008, 29304389, 29403358, 29866015, 28656549, 29114207, 28685903, 28069654, 29430461, 27868278, 27548570, 27311812, 27429949, 26646261, 26963517, 26574172, 27623314, 25783988, 26029729, 26716803, 25556684, 26279947, 25268124, 24845404, 24689961, 24762042, 24508748, 24415490, 24155155, 23804282, 23928512, 23884329, 23483451, 25317129, 25745469, 21960349, 21645602, 21642291, 21493303, 21044672, 21067520, 19936834, 19858169, 20015469, 19861195, 19687236, 19242955, 18692557, 28178500, 18180779, 18819255, 18607972, 17697574, 16805980, 15862894, 15997833, 15721568, 15672440, 15571911, 15461517, 15665945, 15156439, 14759801, 14729305, 12810998, 12760856, 12102302, 12124659, 11711880, 11506949, 11474137, 11134593, 11200585, 10821231, 10678781, 10842600, 10490915, 10424676, 10082286, 20654460, 10223612, 9561858, 9391883, 9192183, 9039999, 8970816, 8880184, 8782910, 9265840, 9145593, 8647736, 8600130, 8575991, 7775291, 7993011, 8290291, 8073219, 8113131, 8233484, 8226335, 1437181, 1526885, 1571121, 1629046, 1763620, 2311443, 2921411, 3341701, 3055805, 3436849, 3681123, 3657309, 3128155, 3038190, 3619292, 3610836, 3564930, 3547005, 3451733, 3777905, 3524215, 3946576, 3946575, 4033342, 4013723, 3982812, 6524339, 6512095, 6391781, 6487373, 6490573, 6490543, 6422414, 6487176, 6441244, 6365878, 6881461, 6837286, 6651605, 6310933, 7180416, 7149992, 7148437, 7118731, 7060281, 6174496, 7159300, 7099580, 7185589, 6799892, 7224511, 7305725, 7295169, 7451380, 7440428, 7401837, 7377070, 7364666, 7469947, 435146, 312486, 760380, 532612, 532611, 526183, 485941, 474119, 734232, 704499, 696293, 567775, 114911, 303038, 1021451, 999140, 999139, 1003698, 2661, 1204792, 5035486, 14261151, 18732406, 13828609, 39725872, 30196524, 16021180, 21625081, 9667495, 507791, 36697994, 34169429, 34070066, 25356760, 25253857, 24032567, 23901169, 22967486, 20202466, 18157569, 18057986, 16521128, 12361875, 11407849, 10962178, 10416860, 10188356, 9432072, 8951456, 9390811, 8951428, 7737922, 7961178, 8151523, 8294268, 8294265, 8294264, 1526883, 2061225, 2304755, 2512556, 2596626, 2590023, 3400453, 3624085, 6464709, 6701807, 6885646, 6616524, 7436850, 438615, 532610, 82507, 696299, 1166784, 35175905, 1769908, 7054134, 40809576	297	299	3.9946200403497	ototoxic
6038	2-hydroxyquinoline	1H-quinolin-2-one	LISFMEBWQUVKPJ-UHFFFAOYSA-N	23825301, 8477766	2	2	0.0268997982515131	ototoxic
6072	Phlorizin	1-[2,4-dihydroxy-6-[(2S,3R,4S,5S,6R)-3,4,5-trihydroxy-6-(hydroxymethyl)oxan-2-yl]oxyphenyl]-3-(4-hydroxyphenyl)propan-1-one	IOUVKUPGCMBWBT-QNDFHXLGSA-N	25268124	-1	1	-0.0134498991257566	otoprotective
6112	Lipoic acid	5-[(3R)-dithiolan-3-yl]pentanoic acid	AGBQKNBQESQNJD-SSDOTTSWSA-N	35455391, 27863638, 19052196, 16464536, 10569399, 30069423	-6	6	-0.0806993947545393	otoprotective
6129	Carbaryl	naphthalen-1-yl N-methylcarbamate	CVXBEEMKQHEXEN-UHFFFAOYSA-N	27296064	1	1	0.0134498991257566	ototoxic
6137	L-methionine	(2S)-2-amino-4-methylsulfanylbutanoic acid	FFEARJCKVFRZRR-BYPYZUCNSA-N	40564195, 22732230, 17243113, 16125245, 11405249, 10591510, 8261581, 25875282	-8	8	-0.107599193006052	otoprotective
6197	Cycloheximide	4-[(2R)-2-[(1S,3S,5S)-3,5-dimethyl-2-oxocyclohexyl]-2-hydroxyethyl]piperidine-2,6-dione	YPHMISFOHDHNIV-FSZOTQKASA-N	10400248, 9879399	-2	2	-0.0268997982515131	otoprotective
6207	Egta	2-[2-[2-[2-[bis(carboxymethyl)amino]ethoxy]ethoxy]ethyl-(carboxymethyl)amino]acetic acid	DEFVIWRASFVYLL-UHFFFAOYSA-N	23467357	-1	1	-0.0134498991257566	otoprotective
6249	Ampicillin	(2S,5R,6R)-6-[[(2R)-2-amino-2-phenylacetyl]amino]-3,3-dimethyl-7-oxo-4-thia-1-azabicyclo[3.2.0]heptane-2-carboxylic acid	AVKUERGKIZMTKX-NJBDSQKTSA-N	39376413, 8091248, 913899	3	3	0.0403496973772697	ototoxic
6251	D-mannitol	(2R,3R,4R,5R)-hexane-1,2,3,4,5,6-hexol	FBPFZTCFMRRESA-KVTDHHQDSA-N	36403317, 32877437, 24662629, 22996158, 9223576, 8789814, 9667495, 11335071	-8	8	-0.107599193006052	otoprotective
6253	Cytarabine	4-amino-1-[(2R,3S,4S,5R)-3,4-dihydroxy-5-(hydroxymethyl)oxolan-2-yl]pyrimidin-2-one	UHDGCWIWMRVCDJ-CCXZUQQUSA-N	9743957, 9760072, 3428138, 26718602	2	4	0.0268997982515131	ototoxic
6274	L-histidine	(2S)-2-amino-3-(1H-imidazol-5-yl)propanoic acid	HNDVDQJCIGZPNO-YFKPBYRVSA-N	10748326	-1	1	-0.0134498991257566	otoprotective
6322	L-arginine	(2S)-2-amino-5-(diaminomethylideneamino)pentanoic acid	ODKSFYDXXFIFQN-BYPYZUCNSA-N	40222417, 32711445, 34801666, 39127320	-4	4	-0.0537995965030262	otoprotective
6436	Triamcinolone acetonide	(1S,2S,4R,8S,9S,11S,12R,13S)-12-fluoro-11-hydroxy-8-(2-hydroxyacetyl)-6,6,9,13-tetramethyl-5,7-dioxapentacyclo[10.8.0.02,9.04,8.013,18]icosa-14,17-dien-16-one	YNDXUCZADRHECN-JNQJZLCISA-N	16803705	-1	1	-0.0134498991257566	otoprotective
6511	Tetraethyllead	tetraethylplumbane	MRMOZBOQVYRSEM-UHFFFAOYSA-N	12062763	1	1	0.0134498991257566	ototoxic
6569	2-butanone	butan-2-one	ZWEHNKRNPOVVGH-UHFFFAOYSA-N	12194157	1	1	0.0134498991257566	ototoxic
6575	Trichloroethylene	1,1,2-trichloroethene	XSTXAVWGXDQKEL-UHFFFAOYSA-N	22064681, 8571371	2	2	0.0268997982515131	ototoxic
6613	Pantothenic acid	3-[[(2R)-2,4-dihydroxy-3,3-dimethylbutanoyl]amino]propanoic acid	GHOKWGTUZJEAQD-ZETCQYMHSA-N	8725528	-1	1	-0.0134498991257566	otoprotective
6618	Tetrabromobisphenol a	2,6-dibromo-4-[2-(3,5-dibromo-4-hydroxyphenyl)propan-2-yl]phenol	VEORPZCZECFIRK-UHFFFAOYSA-N	27592553	1	1	0.0134498991257566	ototoxic
6741	Methylprednisolone	(6S,8S,9S,10R,11S,13S,14S,17R)-11,17-dihydroxy-17-(2-hydroxyacetyl)-6,10,13-trimethyl-7,8,9,11,12,14,15,16-octahydro-6H-cyclopenta[a]phenanthren-3-one	VHRSUDSXCMQTMA-PJHHCJLFSA-N	35469039, 31569969, 28955202, 26830667, 20470667, 30870364, 32725028, 25217083, 17414035	-9	9	-0.121049092131809	otoprotective
6758	Rotenone	(1S,6R,13S)-16,17-dimethoxy-6-prop-1-en-2-yl-2,7,20-trioxapentacyclo[11.8.0.03,11.04,8.014,19]henicosa-3(11),4(8),9,14,16,18-hexaen-12-one	JUVIOZPCNVVQFO-HBGVWJBISA-N	30612335	1	1	0.0134498991257566	ototoxic
6860	Methylmercury(1+)	methylmercury(1+)	DBUXSCUEGJMZAE-UHFFFAOYSA-N	17292570	1	1	0.0134498991257566	ototoxic
7045	Quinoxaline	quinoxaline	XSCHRSMBECNVNS-UHFFFAOYSA-N	33084473, 30310154	-2	2	-0.0268997982515131	otoprotective
7047	Quinoline	quinoline	SMWDFEZZVXVKRB-UHFFFAOYSA-N	23053627	-1	1	-0.0134498991257566	otoprotective
7237	O-xylene	1,2-xylene	CTQNGGLPUBDAKN-UHFFFAOYSA-N	12194157	1	1	0.0134498991257566	ototoxic
7243	O-phenylenediamine	benzene-1,2-diamine	GEYOCULIXLDCMW-UHFFFAOYSA-N	7928739	-1	1	-0.0134498991257566	otoprotective
7407	Alpha-methylstyrene	prop-1-en-2-ylbenzene	XYLMUPLGERFSHI-UHFFFAOYSA-N	15660228	1	1	0.0134498991257566	ototoxic
7427	Trehalose	(2R,3S,4S,5R,6R)-2-(hydroxymethyl)-6-[(2R,3R,4S,5S,6R)-3,4,5-trihydroxy-6-(hydroxymethyl)oxan-2-yl]oxyoxane-3,4,5-triol	HDTRYLNUVZCQOY-LIZSDCNHSA-N	34971589	-1	1	-0.0134498991257566	otoprotective
7500	Ethylbenzene	ethylbenzene	YNQLUTRBYVCPMQ-UHFFFAOYSA-N	22064681, 18602458, 16786347, 15660228	4	4	0.0537995965030262	ototoxic
7501	Styrene	styrene	PPBRXRYQALVLMV-UHFFFAOYSA-N	41052253, 33307165, 22064681, 19051069, 18259983, 15660228, 10978834, 10440486	8	8	0.107599193006052	ototoxic
7668	Propylbenzene	propylbenzene	ODLMAHJVESYWTB-UHFFFAOYSA-N	15660228	1	1	0.0134498991257566	ototoxic
7809	P-xylene	1,4-xylene	URLKBWYHVLBVBO-UHFFFAOYSA-N	33047357, 32236973, 22064681, 18602458, 17210216, 15660228	6	6	0.0806993947545393	ototoxic
7814	P-phenylenediamine	benzene-1,4-diamine	CBCKQZAAMUWICA-UHFFFAOYSA-N	11335071	-1	1	-0.0134498991257566	otoprotective
7855	Acrylonitrile	prop-2-enenitrile	NLHHRLWOUZZQLW-UHFFFAOYSA-N	12832658, 19244277	2	2	0.0268997982515131	ototoxic
7929	M-xylene	1,3-xylene	IVSZLXZYQVIEFR-UHFFFAOYSA-N	17210216	1	1	0.0134498991257566	ototoxic
7964	Chlorobenzene	chlorobenzene	MVPPADPHJFYWMZ-UHFFFAOYSA-N	8571371	1	1	0.0134498991257566	ototoxic
8009	3-butenenitrile	but-3-enenitrile	SJNALLRHIVGIBI-UHFFFAOYSA-N	35295154, 23749193, 23749193, 23749193, 23761299, 11245407, 16150883	7	7	0.0941492938802959	ototoxic
8053	Isoamyl nitrite	3-methylbutyl nitrite	OWFXIOWLTKNBAP-UHFFFAOYSA-N	40188564	1	1	0.0134498991257566	ototoxic
8058	Hexane	hexane	VLKZOEOYAKHREP-UHFFFAOYSA-N	22064681	1	1	0.0134498991257566	ototoxic
8149	3,3'-iminodipropionitrile	3-(2-cyanoethylamino)propanenitrile	SBAJRGRUGUQKAF-UHFFFAOYSA-N	41325835, 17159233, 39764513, 19244277	4	4	0.0537995965030262	ototoxic
8249	Phenformin	1-(diaminomethylidene)-2-(2-phenylethyl)guanidine	ICFJFFQQTFMIBG-UHFFFAOYSA-N	25892279	-1	1	-0.0134498991257566	otoprotective
8375	2'-hydroxyacetophenone	1-(2-hydroxyphenyl)ethanone	JECYUBVRTQDVAT-UHFFFAOYSA-N	35305848	-1	1	-0.0134498991257566	otoprotective
8378	Neomycin	(2R,3S,4R,5R,6R)-5-amino-2-(aminomethyl)-6-[(1R,2R,3S,4R,6S)-4,6-diamino-2-[(2S,3R,4S,5R)-4-[(2R,3R,4R,5S,6S)-3-amino-6-(aminomethyl)-4,5-dihydroxyoxan-2-yl]oxy-3-hydroxy-5-(hydroxymethyl)oxolan-2-yl]oxy-3-hydroxycyclohexyl]oxyoxane-3,4-diol	PGBHMTALBVVCIT-VCIWKGPPSA-N	40600354, 41268681, 41227325, 40135846, 40646185, 40041973, 40093091, 39653098, 39667535, 39663200, 38875882, 39610699, 39525588, 39110182, 39005374, 38840194, 38563869, 38217055, 37844727, 37701833, 37263384, 37192594, 37049613, 36367326, 36681757, 35471096, 36047587, 35992197, 34921675, 35743144, 35721868, 35602237, 35601667, 35471608, 35519614, 35359571, 35190853, 34834125, 34833056, 34646124, 33735112, 33752742, 33488362, 33274582, 33343803, 32767320, 32848624, 32351026, 32027617, 32235401, 32116554, 31903111, 31780893, 30878773, 31156393, 30972166, 30787404, 30310154, 29862415, 29889716, 29571735, 29516565, 29292089, 29214789, 27855522, 28928635, 28685903, 28503132, 27847309, 27556499, 27405449, 26930622, 26646261, 26974429, 26386286, 25132091, 25739461, 25092119, 24781382, 25674052, 25611380, 25950003, 25052549, 24972491, 25278835, 25216502, 24880922, 24973752, 24680217, 24666019, 24795994, 24270164, 24030356, 24353861, 24005042, 23413197, 23429292, 23264116, 24051519, 23383324, 22965584, 22668196, 22404562, 22430335, 22075224, 21384237, 20127807, 19858169, 19931387, 19687236, 19285547, 18512096, 18408970, 17098385, 17416198, 17266591, 17050303, 17005344, 16707850, 16361562, 16014323, 15953516, 15807966, 15461517, 15318963, 15054365, 14681830, 13679429, 12943374, 12583887, 12351727, 12062756, 11850449, 11788201, 11711880, 12689449, 11039868, 10841344, 10821231, 10842600, 10490915, 10363922, 10216172, 9878779, 10587002, 20654460, 9852529, 9840500, 9669013, 9626861, 9473083, 9391883, 9263032, 9176804, 8973710, 8655598, 8723948, 9145593, 8588672, 7771006, 8588623, 7514588, 8371390, 8270950, 8233484, 8340273, 1950546, 1930979, 1795911, 2160140, 2310548, 2585554, 2537872, 3385319, 3360820, 3125950, 2829633, 3038190, 3680049, 3031988, 3777905, 3740717, 3092343, 3015857, 2419818, 4044414, 3864349, 6512095, 6487373, 6331211, 6086545, 6688110, 6983307, 7064694, 7377070, 7368947, 436029, 474119, 89779, 707064, 646445, 646289, 888675, 197827, 181649, 938230, 1204792, 18732406, 13316548, 34849158, 40198625, 37031766, 30596476, 28781154, 28274503, 27400677, 27846039, 28968134, 27717895, 26502298, 26561773, 24141260, 23821348, 23511189, 23444481, 23053627, 22967486, 21810458, 21557227, 19688848, 17882566, 17394157, 17351334, 17085952, 15953529, 15389694, 15078083, 14644458, 10022575, 9606071, 8789807, 8567424, 7970174, 8281295, 3577762, 3755871, 7436102, 530709, 226045, 716862, 38103445, 35615000	252	252	3.38937457969065	ototoxic
8405	Isoquinoline	isoquinoline	AWJUIBRHMBBTKR-UHFFFAOYSA-N	23053627	-1	1	-0.0134498991257566	otoprotective
8478	Benzethonium chloride	benzyl-dimethyl-[2-[2-[4-(2,4,4-trimethylpentan-2-yl)phenoxy]ethoxy]ethyl]azanium chloride	UREZNYTWGJKWBI-UHFFFAOYSA-M	23918745	1	1	0.0134498991257566	ototoxic
8515	129-56-6	14,15-diazatetracyclo[7.6.1.02,7.013,16]hexadeca-1(15),2,4,6,9(16),10,12-heptaen-8-one	ACPOUJIDANTYHO-UHFFFAOYSA-N	20971179, 33422932	-2	2	-0.0268997982515131	otoprotective
8757	Aluminum acetate	aluminum triacetate	WCOATMADISNSBV-UHFFFAOYSA-K	23918745	1	1	0.0134498991257566	ototoxic
8813	Pentamidine isethionate	4-[5-(4-carbamimidoylphenoxy)pentoxy]benzenecarboximidamide;bis(2-hydroxyethanesulfonic acid)	YBVNFKZSMZGRAD-UHFFFAOYSA-N	18408970	1	1	0.0134498991257566	ototoxic
8969	Yohimbine	methyl (1S,15R,18S,19R,20S)-18-hydroxy-1,3,11,12,14,15,16,17,18,19,20,21-dodecahydroyohimban-19-carboxylate	BLGXFZZNTVWLAY-SCYLSFHTSA-N	23069749	-1	1	-0.0134498991257566	otoprotective
9064	Cianidanol	(2R,3S)-2-(3,4-dihydroxyphenyl)-3,4-dihydro-2H-chromene-3,5,7-triol	PFTAWBLQPZVEMU-DZGCQCFKSA-N	27717895	-1	1	-0.0134498991257566	otoprotective
9068	Cocarboxylase [inn:dcf:jan]	2-[3-[(4-amino-2-methylpyrimidin-5-yl)methyl]-4-methyl-1,3-thiazol-3-ium-5-yl]ethyl phosphono hydrogen phosphate chloride	YXVCLPJQTZXJLH-UHFFFAOYSA-N	32894392, 31243682	-2	2	-0.0268997982515131	otoprotective
9279	Propantheline bromide	methyl-di(propan-2-yl)-[2-(9H-xanthene-9-carbonyloxy)ethyl]azanium bromide	XLBIBBZXLMYSFF-UHFFFAOYSA-M	18408970	1	1	0.0134498991257566	ototoxic
9290	Calcium gluconate	calcium bis((2R,3S,4R,5R)-2,3,4,5,6-pentahydroxyhexanoate)	NEEHYRZPVYRGPP-IYEMJOQQSA-L	39965236, 18653914	-2	2	-0.0268997982515131	otoprotective
9309	Allylbenzene	prop-2-enylbenzene	HJWLCRVIBGQPNF-UHFFFAOYSA-N	15660228	1	1	0.0134498991257566	ototoxic
9400	Dexamethasone phosphate	[2-[(8S,9R,10S,11S,13S,14S,16R,17R)-9-fluoro-11,17-dihydroxy-10,13,16-trimethyl-3-oxo-6,7,8,11,12,14,15,16-octahydrocyclopenta[a]phenanthren-17-yl]-2-oxoethyl] dihydrogen phosphate	VQODGRNSFPNSQE-CXSFZGCWSA-N	41090873	-1	1	-0.0134498991257566	otoprotective
9433	Aminophylline	bis(1,3-dimethyl-7H-purine-2,6-dione);ethane-1,2-diamine	FQPFAHBPWDRTLU-UHFFFAOYSA-N	36815960	-1	1	-0.0134498991257566	otoprotective
9444	5-azacytidine	4-amino-1-[(2R,3R,4S,5R)-3,4-dihydroxy-5-(hydroxymethyl)oxolan-2-yl]-1,3,5-triazin-2-one	NMUSYJAQQFHJEW-KVTDHHQDSA-N	31912913	1	1	0.0134498991257566	ototoxic
9782	Betamethasone	(8S,9R,10S,11S,13S,14S,16S,17R)-9-fluoro-11,17-dihydroxy-17-(2-hydroxyacetyl)-10,13,16-trimethyl-6,7,8,11,12,14,15,16-octahydrocyclopenta[a]phenanthren-3-one	UREBDLICKHMUKA-DVTGEIKXSA-N	26831119, 24142776	-2	2	-0.0268997982515131	otoprotective
9958	4-methylcatechol	4-methylbenzene-1,2-diol	ZBCATMYQYDCTIZ-UHFFFAOYSA-N	25712657, 10445072	-2	2	-0.0268997982515131	otoprotective
10006	Hydantoin	imidazolidine-2,4-dione	WJRBRSLFGCUECM-UHFFFAOYSA-N	1675495	1	1	0.0134498991257566	ototoxic
10146	Nuciferine	(6aR)-1,2-dimethoxy-6-methyl-5,6,6a,7-tetrahydro-4H-dibenzo[de,g]quinoline	ORJVQPIHKOARKV-OAHLLOKOSA-N	38929153	-1	1	-0.0134498991257566	otoprotective
10228	Osthole	7-methoxy-8-(3-methylbut-2-enyl)chromen-2-one	MBRLOUHOWLUMFF-UHFFFAOYSA-N	40876780	-1	1	-0.0134498991257566	otoprotective
10281	Thymoquinone	2-methyl-5-propan-2-ylcyclohexa-2,5-diene-1,4-dione	KEQHJBNSCLWCAE-UHFFFAOYSA-N	41375733, 37728555, 32885073, 26622947, 25087465, 23161274	-6	6	-0.0806993947545393	otoprotective
10364	Carvacrol	2-methyl-5-propan-2-ylphenol	RECUKUPTGUEGMW-UHFFFAOYSA-N	33554199	-1	1	-0.0134498991257566	otoprotective
10621	Hesperidin	(2S)-5-hydroxy-2-(3-hydroxy-4-methoxyphenyl)-7-[(2S,3R,4S,5S,6R)-3,4,5-trihydroxy-6-[[(2R,3R,4R,5R,6S)-3,4,5-trihydroxy-6-methyloxan-2-yl]oxymethyl]oxan-2-yl]oxy-2,3-dihydrochromen-4-one	QUQPHWDTPGMPEX-QJBIFVCTSA-N	38629504	-1	1	-0.0134498991257566	otoprotective
10713	Dichloromethotrexate	(2S)-2-[[3,5-dichloro-4-[(2,4-diaminopteridin-6-yl)methyl-methylamino]benzoyl]amino]pentanedioic acid	MCEHFIXEKNKSRW-LBPRGKRZSA-N	2590860	1	1	0.0134498991257566	ototoxic
10917	L-carnitine	(3R)-3-hydroxy-4-(trimethylazaniumyl)butanoate	PHIQHXFUZVPYII-ZCFIWIBFSA-N	31755556, 24487230, 22490890, 20493351, 16239342, 15798913	-6	6	-0.0806993947545393	otoprotective
11057	Crystal violet	[4-[bis[4-(dimethylamino)phenyl]methylidene]cyclohexa-2,5-dien-1-ylidene]-dimethylazanium chloride	ZXJXZNDDNMQXFV-UHFFFAOYSA-M	24622028, 3228184	2	2	0.0268997982515131	ototoxic
11443	2,4-diisocyanato-1-methylbenzene	2,4-diisocyanato-1-methylbenzene	DVKJHBMWWAPEIU-UHFFFAOYSA-N	12194157	1	1	0.0134498991257566	ototoxic
11617	Diallyl sulfide	3-prop-2-enylsulfanylprop-1-ene	UBJVUCKUDDKUJF-UHFFFAOYSA-N	23749193	-1	1	-0.0134498991257566	otoprotective
12035	N-acetyl-l-cysteine	(2R)-2-acetamido-3-sulfanylpropanoic acid	PWKSKIMOESPYIA-BYPYZUCNSA-N	41440725, 41462666, 41212257, 40801201, 40987193, 40865250, 40969893, 40398509, 40323204, 40724969, 39530276, 39905500, 39949397, 39205353, 39140499, 38765675, 38440220, 37608195, 37696227, 37463651, 37682737, 36943624, 37108758, 36791364, 36273620, 36159904, 35346799, 35602237, 35264029, 35287541, 34953289, 33749526, 34606329, 33414397, 32929878, 32358651, 31755556, 32173603, 31929833, 30268784, 31670428, 31160205, 30496017, 30483050, 30256516, 29993216, 29458150, 29304389, 29097487, 29056901, 28974245, 28778520, 28438658, 27548570, 27405449, 27095551, 28266200, 26347391, 25073872, 26223711, 25763866, 25092119, 25411097, 25611380, 24709139, 24337005, 23825301, 23443244, 22134515, 21551083, 22754805, 21461057, 20626325, 20513041, 20470667, 19051069, 20111615, 19916578, 18629305, 17909450, 17898673, 17457375, 17060685, 16014323, 15951398, 15496615, 15219317, 11781046, 11583387, 10771193, 10709968, 10448431, 9335396, 7817496, 3178887, 6083522, 951390, 35923608, 32411461, 40324675, 34146985, 30991096, 28968134, 15464296, 12925816, 11335071, 37476961, 25032123, 23372680, 21750343, 19732818, 15949078, 41234378	-113	113	-1.51983860121049	otoprotective
12041	Ethyl pyruvate	ethyl 2-oxopropanoate	XXRCUYVCPSWGCC-UHFFFAOYSA-N	35442461, 34635013	-2	2	-0.0268997982515131	otoprotective
12456	Berberine chloride	16,17-dimethoxy-5,7-dioxa-13-azoniapentacyclo[11.8.0.02,10.04,8.015,20]henicosa-1(13),2,4(8),9,14,16,18,20-octaene chloride	VKJGBAJNNALVAV-UHFFFAOYSA-M	37119862, 34800260	-2	2	-0.0268997982515131	otoprotective
12560	Erythromycin	(3R,4S,5S,6R,7R,9R,11R,12R,13S,14R)-6-[(2S,3R,4S,6R)-4-(dimethylamino)-3-hydroxy-6-methyloxan-2-yl]oxy-14-ethyl-7,12,13-trihydroxy-4-[(2R,4R,5S,6S)-5-hydroxy-4-methoxy-4,6-dimethyloxan-2-yl]oxy-3,5,7,9,11,13-hexamethyl-oxacyclotetradecane-2,10-dione	ULGZDMOVFRHVEP-RWJQBGPGSA-N	38515847, 33767665, 17323527, 9228863, 8831844, 8091248, 8117405, 7857625, 8233490, 8466379, 8503495, 8456203, 1474367, 1731511, 1992966, 2112362, 3494560, 3704541, 6440087, 6704042, 7359612, 951390, 31593579	21	23	0.282447881640888	ototoxic
12597	Isosorbide	(3S,3aR,6R,6aR)-2,3,3a,5,6,6a-hexahydrofuro[3,2-b]furan-3,6-diol	KLDXJTOLSGUMSJ-JGWLITMVSA-N	16374060, 3178565	-2	2	-0.0268997982515131	otoprotective
12623	Trimethylstannane	trimethylstannane	UKHQRARQNZOXRL-UHFFFAOYSA-N	9367235, 8511788	2	2	0.0268997982515131	ototoxic
13342	Vinblastine	methyl (1R,9R,10S,11R,12R,19R)-11-acetyloxy-12-ethyl-4-[(13S,15R,17S)-17-ethyl-17-hydroxy-13-methoxycarbonyl-1,11-diazatetracyclo[13.3.1.04,12.05,10]nonadeca-4(12),5,7,9-tetraen-13-yl]-10-hydroxy-5-methoxy-8-methyl-8,16-diazapentacyclo[10.6.1.01,9.02,7.016,19]nonadeca-2,4,6,13-tetraene-10-carboxylate	JXLYSJRDGCGARV-CFWMRBGOSA-N	40642015, 10661503, 10332533	3	3	0.0403496973772697	ototoxic
13822	Triethylstannane	triethylstannane	JLZWQNRGNMXIJY-UHFFFAOYSA-N	8511788	1	1	0.0134498991257566	ototoxic
13966	Carcainium chloride	bis(2-anilino-2-oxoethyl)-dimethylazanium chloride	YGCONRRHHMKQRL-UHFFFAOYSA-N	6441244	-1	1	-0.0134498991257566	otoprotective
14016	Trimethyltin chloride	chloro(trimethyl)stannane	KWTSZCJMWHGPOS-UHFFFAOYSA-M	8880186, 8619231, 1853351	3	3	0.0403496973772697	ototoxic
14052	Ethambutol	(2S)-2-[2-[[(2S)-1-hydroxybutan-2-yl]amino]ethylamino]butan-1-ol	AEUTYOVWOVBAKS-UWVGGRQHSA-N	31097073, 8091248	2	2	0.0268997982515131	ototoxic
14180	1094-61-7	[(2R,3S,4R,5R)-5-(3-carbamoylpyridin-1-ium-1-yl)-3,4-dihydroxyoxolan-2-yl]methyl hydrogen phosphate	DAYLJWODMCOQEW-TURQNECASA-N	34089817	-1	1	-0.0134498991257566	otoprotective
14250	1119-97-7	trimethyl(tetradecyl)azanium bromide	CXRFDZFCGOPDTD-UHFFFAOYSA-M	2975792, 3485852	2	2	0.0268997982515131	ototoxic
14296	2,3,5,6-tetramethylpyrazine	2,3,5,6-tetramethylpyrazine	FINHMKGKINIASC-UHFFFAOYSA-N	37379818, 33174043, 28166996, 25605693, 17700974	-5	5	-0.0672494956287828	otoprotective
14969	Vancomycin	(1S,2R,18R,19R,22S,25R,28R,40S)-48-[(2S,3R,4S,5S,6R)-3-[(2S,4S,5S,6S)-4-amino-5-hydroxy-4,6-dimethyloxan-2-yl]oxy-4,5-dihydroxy-6-(hydroxymethyl)oxan-2-yl]oxy-22-(2-amino-2-oxoethyl)-5,15-dichloro-2,18,32,35,37-pentahydroxy-19-[[(2R)-4-methyl-2-(methylamino)pentanoyl]amino]-20,23,26,42,44-pentaoxo-7,13-dioxa-21,24,27,41,43-pentazaoctacyclo[26.14.2.23,6.214,17.18,12.129,33.010,25.034,39]pentaconta-3,5,8(48),9,11,14,16,29(45),30,32,34(39),35,37,46,49-pentadecaene-40-carboxylic acid	MYPYJXKWCTUITO-LYRMYLQWSA-N	40343139, 39312737, 38492032, 38534236, 38090406, 37876732, 37711407, 36564163, 36452916, 35862741, 35855991, 35739134, 34379758, 34576273, 33969093, 33767665, 32957416, 32767320, 32464660, 32326261, 31693679, 30991372, 30057833, 28482715, 28243909, 27185796, 26385408, 25753888, 22149255, 21551083, 21690618, 22754805, 21530708, 21455009, 19001107, 22128413, 18666036, 16449030, 12520253, 12503934, 12204187, 11583387, 11564051, 11092997, 10554048, 10435736, 10390201, 9890319, 9874468, 9560111, 9502571, 7817496, 8085283, 8164024, 8233491, 2008289, 1795911, 2112362, 2294943, 2589763, 2921087, 2730420, 3057327, 2856600, 3657307, 3570684, 3934126, 6394577, 6391780, 6487853, 6716979, 352213, 951390, 33200354, 31593579, 15949078	76	76	1.0221923335575	ototoxic
14982	Glycyrrhizic acid	(2S,3S,4S,5R,6R)-6-[(2S,3R,4S,5S,6S)-2-[[(3S,4aR,6aR,6bS,8aS,11S,12aR,14aR,14bS)-11-carboxy-4,4,6a,6b,8a,11,14b-heptamethyl-14-oxo-2,3,4a,5,6,7,8,9,10,12,12a,14a-dodecahydro-1H-picen-3-yl]oxy]-6-carboxy-4,5-dihydroxyoxan-3-yl]oxy-3,4,5-trihydroxyoxane-2-carboxylic acid	LPLVUJXQOOQHMX-QWBHMCJMSA-N	40521160	-1	1	-0.0134498991257566	otoprotective
14985	Vitamin e	(2R)-2,5,7,8-tetramethyl-2-[(4R,8R)-4,8,12-trimethyltridecyl]-3,4-dihydrochromen-6-ol	GVJHHUAWPYXKBD-IEOSBIPESA-N	41462666, 39530276, 35355868, 31115123, 27619052, 26849799, 26581586, 20300971, 15251161, 15224867, 15219046, 15198381, 15091231, 12701739, 11124452, 10842581, 10807352, 12742233, 37316424	-19	19	-0.255548083389375	otoprotective
15541	Spectinomycin	(1R,3S,5R,8R,10R,11S,12S,13R,14S)-8,12,14-trihydroxy-5-methyl-11,13-bis(methylamino)-2,4,9-trioxatricyclo[8.4.0.03,8]tetradecan-7-one	UNFWWIHTNXNPBV-WXKVUWSESA-N	33745337, 25821323, 19286022, 7514588, 3038190, 3777905, 6487373	7	7	0.0941492938802959	ototoxic
15939	Paraquat	1-methyl-4-(1-methylpyridin-1-ium-4-yl)pyridin-1-ium	INFDPOAKFNIJBF-UHFFFAOYSA-N	39067264, 33900547, 15467288	3	3	0.0403496973772697	ototoxic
16231	Amiloride	3,5-diamino-6-chloro-N-(diaminomethylidene)pyrazine-2-carboxamide	XSDQTOBWRPYKKA-UHFFFAOYSA-N	21818312, 19285547, 8735075	-3	3	-0.0403496973772697	otoprotective
16590	Diallyl disulfide	3-(prop-2-enyldisulfanyl)prop-1-ene	PFRGXCVKLLPLIP-UHFFFAOYSA-N	27136366	-1	1	-0.0134498991257566	otoprotective
16961	Dexamethasone sodium phosphate	disodium;[2-[(8S,9R,10S,11S,13S,14S,16R,17R)-9-fluoro-11,17-dihydroxy-10,13,16-trimethyl-3-oxo-6,7,8,11,12,14,15,16-octahydrocyclopenta[a]phenanthren-17-yl]-2-oxoethyl] phosphate	PLCQGRYPOISRTQ-FCJDYXGNSA-L	38906419, 31812471, 15453532	-3	3	-0.0403496973772697	otoprotective
17701	Triethyltin bromide	bromo(triethyl)stannane	KQPIFPBKXYBDGV-UHFFFAOYSA-M	1853351	1	1	0.0134498991257566	ototoxic
18283	Stavudine	1-[(2R,5S)-5-(hydroxymethyl)-2,5-dihydrofuran-2-yl]-5-methylpyrimidine-2,4-dione	XNKLLVCARDGLGL-JGVFFNPUSA-N	24487230, 21430965	2	2	0.0268997982515131	ototoxic
19648	Streptomycin sulfate	bis(2-[(1R,2R,3S,4R,5R,6S)-3-(diaminomethylideneamino)-4-[(2R,3R,4R,5S)-3-[(2S,3S,4S,5R,6S)-4,5-dihydroxy-6-(hydroxymethyl)-3-(methylamino)oxan-2-yl]oxy-4-formyl-4-hydroxy-5-methyloxolan-2-yl]oxy-2,5,6-trihydroxycyclohexyl]guanidine);sulfuric acid	QTENRWWVYAAPBI-YCRXJPFRSA-N	24286922, 12162365, 10085330, 1429260, 6336580, 6425780, 6644766, 6979948, 313657, 9386244, 6108671, 15492889, 9199523, 7744708, 7610895, 8189995, 4047625, 899754	18	18	0.242098184263618	ototoxic
19649	Streptomycin	2-[(1R,2R,3S,4R,5R,6S)-3-(diaminomethylideneamino)-4-[(2R,3R,4R,5S)-3-[(2S,3S,4S,5R,6S)-4,5-dihydroxy-6-(hydroxymethyl)-3-(methylamino)oxan-2-yl]oxy-4-formyl-4-hydroxy-5-methyloxolan-2-yl]oxy-2,5,6-trihydroxycyclohexyl]guanidine	UCSJYZPVAKXKNQ-HZYVHMACSA-N	40908485, 39323315, 39555479, 39006231, 38740103, 37195449, 34896029, 35480970, 34252307, 33745337, 32767320, 30993373, 31151497, 30341698, 29545765, 29134476, 28931463, 29160511, 28735085, 28878625, 28526588, 28636736, 27868278, 27386243, 26963167, 26930622, 25975288, 25605693, 25742173, 25352219, 25237294, 25025411, 24625583, 24765829, 23867989, 24036765, 22964505, 22479750, 21642291, 21316421, 22423580, 20165896, 19687236, 19515948, 19130600, 18539496, 17964097, 17700974, 17011831, 17493596, 16956741, 17266591, 16800350, 15736038, 16286701, 15156439, 15141753, 12853430, 12472526, 12235923, 12102302, 11710465, 11550524, 10821231, 10545628, 10511636, 10490915, 10431887, 10416861, 10410341, 10327171, 10089957, 9862923, 9626861, 9482564, 9879398, 9391883, 9039999, 9112037, 9265840, 8749113, 7610878, 9318022, 7817496, 8073219, 7506761, 8233484, 8444553, 1757292, 1763622, 2196530, 2319892, 3669842, 3657309, 2436117, 3547005, 3524215, 3015857, 4038427, 6391781, 7134246, 6174496, 6976334, 7256486, 6792967, 6996549, 7377070, 89779, 567775, 303733, 913899, 300585, 1131123, 18732406, 7444978, 27508140, 20137805, 15475794, 12833591, 12600698, 10400248, 9667495, 8022610, 2735389, 33422722, 32234638, 11516749, 9726678, 9879399, 8935647, 8553023, 7528737, 7973498, 8122711, 8320350, 8424481, 2787952, 2777365, 3577762, 3011710, 3925771, 3876536, 6602100, 809033, 134476, 28060046, 26042792	147	147	1.97713517148621	ototoxic
21109	Trimetazidine	1-[(2,3,4-trimethoxyphenyl)methyl]piperazine	UHWVSEOVJBQKBE-UHFFFAOYSA-N	24582075, 24353861, 15656952	-3	3	-0.0403496973772697	otoprotective
21157	2-amino-4-(s-butylsulfonimidoyl)butanoic acid	2-amino-4-(butylsulfonimidoyl)butanoic acid	KJQFBVYMGADDTQ-UHFFFAOYSA-N	12689438, 10082293, 12689485, 3341701	-4	4	-0.0537995965030262	otoprotective
21653	Dihydrostreptomycin sulfate	bis(2-[(1R,2R,3S,4R,5R,6S)-3-(diaminomethylideneamino)-4-[(2R,3R,4R,5S)-3-[(2S,3S,4S,5R,6S)-4,5-dihydroxy-6-(hydroxymethyl)-3-(methylamino)oxan-2-yl]oxy-4-hydroxy-4-(hydroxymethyl)-5-methyloxolan-2-yl]oxy-2,5,6-trihydroxycyclohexyl]guanidine);sulfuric acid	CZWJCQXZZJHHRH-YCRXJPFRSA-N	10380736	1	1	0.0134498991257566	ototoxic
22880	N-methyl-d-aspartic acid	(2R)-2-(methylamino)butanedioic acid	HOKKHZGPKSLGJE-GSVOUGTGSA-N	30820888	1	1	0.0134498991257566	ototoxic
23205	Helenalin	(3aR,5R,5aR,8aR,9S,9aS)-9-hydroxy-5,8a-dimethyl-1-methylidene-3a,4,5,5a,9,9a-hexahydroazuleno[6,7-b]furan-2,8-dione	ZVLOPMNVFLSSAA-XEPQRQSNSA-N	20130394	-1	1	-0.0134498991257566	otoprotective
23930	Manganese	manganese	PWHULOQIROXLJO-UHFFFAOYSA-N	27142062	1	1	0.0134498991257566	ototoxic
23931	Mercury	mercury	QSHDDOUJBYECFT-UHFFFAOYSA-N	27142062, 8281295	2	2	0.0268997982515131	ototoxic
23939	Platinum	platinum	BASFCYQUMIYNBI-UHFFFAOYSA-N	41383593, 39588212, 33733573	3	3	0.0403496973772697	ototoxic
23947	Rhenium	rhenium	WUAPFZMCVAUBPE-UHFFFAOYSA-N	21541943	-1	1	-0.0134498991257566	otoprotective
23968	Argon	argon	XKRFYHLGVUSROY-UHFFFAOYSA-N	15721555	-1	1	-0.0134498991257566	otoprotective
23973	Cadmium	cadmium	BDOSMKKIYDKNTQ-UHFFFAOYSA-N	31997155, 27142062, 19182378, 12296426, 10190752, 35716551	6	6	0.0806993947545393	ototoxic
23978	Copper	copper	RYGMFSIKBFXOCR-UHFFFAOYSA-N	34143497, 23094043	2	2	0.0268997982515131	ototoxic
23982	Gadolinium	gadolinium	UIWYJDYFSGRHKR-UHFFFAOYSA-N	23470714	-1	1	-0.0134498991257566	otoprotective
23994	Zinc	zinc	HCHKCACWOHOZIP-UHFFFAOYSA-N	12296426, 9112037, 2535320, 17890859	-4	4	-0.0537995965030262	otoprotective
23998	Fermium	fermium	MIORUQGGZCBUGO-UHFFFAOYSA-N	34070066	-1	1	-0.0134498991257566	otoprotective
24066	Zalcitabine	4-amino-1-[(2R,5S)-5-(hydroxymethyl)oxolan-2-yl]pyrimidin-2-one	WREGKURFCTUGRC-POYBYMJQSA-N	24487230	1	1	0.0134498991257566	ototoxic
24083	Magnesium sulfate	magnesium sulfate	CSNNHWWHGAXBCP-UHFFFAOYSA-L	40851451	-1	1	-0.0134498991257566	otoprotective
24085	Mercuric chloride	dichloromercury	LWJROJCJINYWOX-UHFFFAOYSA-L	8340273, 2160140, 7970174	3	3	0.0403496973772697	ototoxic
24341	Hypochlorous acid	hypochlorous acid	QWPPOHNGKGFGJK-UHFFFAOYSA-N	29056901	1	1	0.0134498991257566	ototoxic
24462	Copper sulfate	copper sulfate	ARUVKPQLZAKDPS-UHFFFAOYSA-L	36681757, 35666213, 27847309, 21854840, 20631178, 17443814	2	6	0.0268997982515131	ototoxic
24470	Silver nitrate	silver nitrate	SQGYOTSLMSWVJD-UHFFFAOYSA-N	38377931	1	1	0.0134498991257566	ototoxic
24477	Sodium thiosulfate	disodium;dioxido-oxo-sulfanylidene-lambda6-sulfane	AKHNMLFCWUSKQB-UHFFFAOYSA-L	41338634, 41268681, 41140199, 41212257, 40165641, 40724969, 40403227, 40032793, 40296470, 39965236, 39654065, 39770582, 39765905, 39417180, 39110182, 39140499, 39204103, 37905009, 38562178, 38003734, 37416942, 36517667, 36637630, 36546383, 34606329, 34338793, 33710154, 32886425, 32757852, 32157599, 32358651, 31160205, 31293387, 31063591, 30651130, 29924955, 30559765, 28537102, 25861690, 25127324, 24337005, 23443244, 22754805, 17704425, 17418969, 16086410, 16929990, 16527011, 15951398, 15855032, 15243567, 14724489, 12871655, 12921131, 11583387, 11297239, 10656463, 9655844, 9532413, 9496389, 9374173, 9305250, 9248736, 8630999, 8567417, 7817496, 8471554, 1743559, 2007612, 2177606, 2850191, 3182412, 6083522, 38195246, 27324827, 17222524, 15949078, 8989894	-78	78	-1.04909213180901	otoprotective
24751	Crl-8131	2-methyloxirane;oxirane	RVGRUAULSDPKGF-UHFFFAOYSA-N	30113566	-1	1	-0.0134498991257566	otoprotective
24759	Refchem:730020	(2S,3S,4S,5R,6R)-6-[(2S,3R,5S,6R)-3-acetamido-2-[(2S,3S,4R,5R,6R)-6-[(2R,3R,5S,6R)-3-acetamido-2,5-dihydroxy-6-(hydroxymethyl)oxan-4-yl]oxy-2-carboxy-4,5-dihydroxyoxan-3-yl]oxy-5-hydroxy-6-(hydroxymethyl)oxan-4-yl]oxy-3,4,5-trihydroxyoxane-2-carboxylic acid	KIUKXJAPPMFGSW-MNSSHETKSA-N	1636424, 1887777	-2	2	-0.0268997982515131	otoprotective
24823	Ozone	ozone	CBENFWSGALASAD-UHFFFAOYSA-N	27221387	-1	1	-0.0134498991257566	otoprotective
24934	Sodium selenite	disodium;selenite	BVTBRVFYZUCAKH-UHFFFAOYSA-L	26974429	-1	1	-0.0134498991257566	otoprotective
26041	Zinc pyrithione	zinc bis(1-oxidopyridin-1-ium-2-thiolate)	OTPSWLRZXRHDNX-UHFFFAOYSA-L	20935082	-1	1	-0.0134498991257566	otoprotective
26105	Misonidazole	1-methoxy-3-(2-nitroimidazol-1-yl)propan-2-ol	OBBCSXFCDPPXOL-UHFFFAOYSA-N	6384162, 6191560, 7469881	3	3	0.0403496973772697	ototoxic
26218	37353-31-4	oxido(dioxo)vanadium	ALTWGIIQPLQAAM-UHFFFAOYSA-N	10994434	1	1	0.0134498991257566	ototoxic
26618	Xipamide	4-chloro-N-(2,6-dimethylphenyl)-2-hydroxy-5-sulfamoylbenzamide	MTZBBNMLMNBNJL-UHFFFAOYSA-N	6673810	1	1	0.0134498991257566	ototoxic
26757	Selegiline	(2R)-N-methyl-1-phenyl-N-prop-2-ynylpropan-2-amine	MEZLKOACVSPNER-GFCCVEGCSA-N	40512245, 35656811	-2	2	-0.0268997982515131	otoprotective
27284	Ferrous cation	iron(2+)	CWYNVVGOOAEACU-UHFFFAOYSA-N	24144481	-1	1	-0.0134498991257566	otoprotective
27350	Pancuronium bromide	[(2S,3S,5S,8R,9S,10S,13S,14S,16S,17R)-17-acetyloxy-10,13-dimethyl-2,16-bis(1-methylpiperidin-1-ium-1-yl)-2,3,4,5,6,7,8,9,11,12,14,15,16,17-tetradecahydro-1H-cyclopenta[a]phenanthren-3-yl] acetate dibromide	NPIJXCQZLFKBMV-YTGGZNJNSA-L	10431119	1	1	0.0134498991257566	ototoxic
27503	Cromolyn sodium	disodium;5-[3-(2-carboxylato-4-oxochromen-5-yl)oxy-2-hydroxypropoxy]-4-oxochromene-2-carboxylate	VLARUOGDXDTHEH-UHFFFAOYSA-L	41148830	-1	1	-0.0134498991257566	otoprotective
28015	Sodium hydrosulfide	sodium sulfanide	HYHCSLBZRBJJCH-UHFFFAOYSA-M	38139245, 26295804	-2	2	-0.0268997982515131	otoprotective
28343	Diethyldithiocarbamate	N,N-diethylcarbamodithioate	LMBWSYZSUOEYSN-UHFFFAOYSA-M	39965236, 10912697, 10569399, 7589918, 8567417, 7844610, 8203821, 8261581, 2167955, 2177606	-10	10	-0.134498991257566	otoprotective
28486	Lithium ion	lithium(1+)	HBBGRARXTFLTSG-UHFFFAOYSA-N	23651617	-1	1	-0.0134498991257566	otoprotective
29145	Mecysteine	methyl (2R)-2-amino-3-sulfanylpropanoate	MCYHPZGUONZRGO-VKHMYHEASA-N	17060685	-1	1	-0.0134498991257566	otoprotective
29963	Calcium dobesilate	calcium bis(2,5-dihydroxybenzenesulfonate)	QGNBTYAQAPLTMX-UHFFFAOYSA-L	32976341	-1	1	-0.0134498991257566	otoprotective
31072	Carbimazole	ethyl 3-methyl-2-sulfanylideneimidazole-1-carboxylate	CFOYWRHIYXMDOT-UHFFFAOYSA-N	21127764	1	1	0.0134498991257566	ototoxic
31101	Bromocriptine	(6aR,9R)-5-bromo-N-[(1S,2S,4R,7S)-2-hydroxy-7-(2-methylpropyl)-5,8-dioxo-4-propan-2-yl-3-oxa-6,9-diazatricyclo[7.3.0.02,6]dodecan-4-yl]-7-methyl-6,6a,8,9-tetrahydro-4H-indolo[4,3-fg]quinoline-9-carboxamide	OZVBMTJYIDMWIL-AYFBDAFISA-N	6715973	1	1	0.0134498991257566	ototoxic
31211	Zingerone	4-(4-hydroxy-3-methoxyphenyl)butan-2-one	OJYLAHXKWMRDGS-UHFFFAOYSA-N	32429117, 29857302	-2	2	-0.0268997982515131	otoprotective
31307	Triamcinolone	(8S,9R,10S,11S,13S,14S,16R,17S)-9-fluoro-11,16,17-trihydroxy-17-(2-hydroxyacetyl)-10,13-dimethyl-6,7,8,11,12,14,15,16-octahydrocyclopenta[a]phenanthren-3-one	GFNANZIMVAIWHM-OBYCQNJPSA-N	17485985, 17245062, 15807966	-1	3	-0.0134498991257566	otoprotective
31378	Fludrocortisone	(8S,9R,10S,11S,13S,14S,17R)-9-fluoro-11,17-dihydroxy-17-(2-hydroxyacetyl)-10,13-dimethyl-1,2,6,7,8,11,12,14,15,16-decahydrocyclopenta[a]phenanthren-3-one	AAXVEMMRQDVLJB-BULBTXNYSA-N	20800906, 35633931	-2	2	-0.0268997982515131	otoprotective
31553	Silibinin	(2R,3R)-3,5,7-trihydroxy-2-[(2R,3R)-3-(4-hydroxy-3-methoxyphenyl)-2-(hydroxymethyl)-2,3-dihydro-1,4-benzodioxin-6-yl]-2,3-dihydrochromen-4-one	SEBFKMXJBCUCAI-HKTJVKLFSA-N	8980410	-1	1	-0.0134498991257566	otoprotective
31703	Doxorubicin	(7S,9S)-7-[(2R,4S,5S,6S)-4-amino-5-hydroxy-6-methyloxan-2-yl]oxy-6,9,11-trihydroxy-9-(2-hydroxyacetyl)-4-methoxy-8,10-dihydro-7H-tetracene-5,12-dione	AOJJSUZBOXZQNB-TZSSRYMLSA-N	32269613, 11718240, 10661503, 33200354, 3039831, 30697066, 22006742	7	7	0.0941492938802959	ototoxic
33042	Ribostamycin	(2R,3S,4R,5R,6R)-5-amino-2-(aminomethyl)-6-[(1R,2R,3S,4R,6S)-4,6-diamino-2-[(2S,3R,4S,5R)-3,4-dihydroxy-5-(hydroxymethyl)oxolan-2-yl]oxy-3-hydroxycyclohexyl]oxyoxane-3,4-diol	NSKGQURZWSPSBC-VVPCINPTSA-N	28685903, 2311443, 2612232, 6487176, 7093568, 7084999, 7241802, 6602100, 6616524	9	9	0.121049092131809	ototoxic
33613	Amoxicillin	(2S,5R,6R)-6-[[(2R)-2-amino-2-(4-hydroxyphenyl)acetyl]amino]-3,3-dimethyl-7-oxo-4-thia-1-azabicyclo[3.2.0]heptane-2-carboxylic acid	LSQZJLSUYDQPKJ-NJBDSQKTSA-N	9515673	-1	1	-0.0134498991257566	otoprotective
33741	Tramadol	cis-(1R,2R)-2-[(dimethylamino)methyl]-1-(3-methoxyphenyl)cyclohexan-1-ol	TVYLLZQTGLZFBW-ZBFHGGJFSA-N	36280114, 32468345	2	2	0.0268997982515131	ototoxic
34312	Oxcarbazepine	5-oxo-6H-benzo[b][1]benzazepine-11-carboxamide	CTRLABGOLIVAIY-UHFFFAOYSA-N	28838247, 38707045	2	2	0.0268997982515131	ototoxic
35370	Zidovudine	1-[(2R,4S,5S)-4-azido-5-(hydroxymethyl)oxolan-2-yl]-5-methylpyrimidine-2,4-dione	HBOMLICNUCNMMY-XLPZGREQSA-N	41355029, 24487230, 26604812	3	3	0.0403496973772697	ototoxic
36119	Sisomicin	(2R,3R,4R,5R)-2-[(1S,2S,3R,4S,6R)-4,6-diamino-3-[[(2S,3R)-3-amino-6-(aminomethyl)-3,4-dihydro-2H-pyran-2-yl]oxy]-2-hydroxycyclohexyl]oxy-5-methyl-4-(methylamino)oxane-3,5-diol	URWAJWIAIPFPJE-YFMIWBNJSA-N	38987330, 25555219, 2311443, 3657309, 6365878, 7425946, 485941, 89779, 8150729, 8407607, 7434369, 312587	12	12	0.161398789509079	ototoxic
36294	Tobramycin	(2S,3R,4S,5S,6R)-4-amino-2-[(1S,2S,3R,4S,6R)-4,6-diamino-3-[(2R,3R,5S,6R)-3-amino-6-(aminomethyl)-5-hydroxyoxan-2-yl]oxy-2-hydroxycyclohexyl]oxy-6-(hydroxymethyl)oxane-3,5-diol	NLVFBUXFDBBNBW-PBSUHMDJSA-N	41448059, 41313250, 40233985, 40391321, 37088635, 36878117, 36437230, 33678494, 34379758, 34539342, 33735112, 33341407, 32713806, 32147183, 32568427, 32259317, 30910434, 30704056, 29708331, 29720918, 28718886, 28708814, 26166286, 26930622, 26646261, 25199523, 24782555, 24565869, 22768010, 21592592, 20920848, 19479457, 20030477, 19687236, 19220547, 18607936, 18830133, 18087627, 17416198, 17204896, 15571911, 15461517, 15357042, 15231982, 15064639, 12907047, 12810465, 14609360, 12520253, 12242138, 12118962, 11589975, 11801948, 11555564, 12067081, 11045311, 10626598, 10613786, 10526861, 10227064, 9700537, 9644614, 9626861, 9472750, 9367459, 9391883, 9246024, 18611729, 8733487, 8623702, 8560472, 7521830, 8164024, 8233484, 8497284, 8486576, 1436928, 1526361, 1411317, 1754734, 1869596, 1854874, 2079453, 1971649, 2375861, 2311443, 2589763, 2494640, 3391108, 3657309, 3317953, 3038190, 3617152, 2950960, 3793961, 3777905, 3718685, 3524215, 3087162, 3485932, 4053983, 3975915, 10270312, 4016829, 3885674, 6487373, 6697885, 6487176, 6365884, 6365881, 6586053, 7159067, 6982875, 7038338, 6760967, 6799892, 7034939, 7432055, 7436516, 7425950, 7222190, 553884, 438542, 118525, 89779, 704499, 304521, 899753, 1085788, 972282, 972270, 787452, 1086087, 1249699, 789045, 1130763, 33753422, 20814306, 18607923, 18648019, 3500381, 313972, 16801404, 21796931, 10810261, 3487910, 6616524, 604520, 7324760, 7244560	150	150	2.01748486886348	ototoxic
36314	Paclitaxel	[(1S,2S,3R,4S,7R,9S,10S,12R,15S)-4,12-diacetyloxy-15-[(2R,3S)-3-benzamido-2-hydroxy-3-phenylpropanoyl]oxy-1,9-dihydroxy-10,14,17,17-tetramethyl-11-oxo-6-oxatetracyclo[11.3.1.03,10.04,7]heptadec-13-en-2-yl] benzoate	RCINICONZNJXQF-MZXODVADSA-N	33554199, 25583134, 25181333, 17698804, 16406077, 12725337, 10360638, 8626111	8	8	0.107599193006052	ototoxic
36462	Etoposide	(5S,5aR,8aR,9R)-5-[[(2R,4aR,6R,7R,8R,8aS)-7,8-dihydroxy-2-methyl-4,4a,6,7,8,8a-hexahydropyrano[3,2-d][1,3]dioxin-6-yl]oxy]-9-(4-hydroxy-3,5-dimethoxyphenyl)-5a,6,8a,9-tetrahydro-5H-[2]benzofuro[6,5-f][1,3]benzodioxol-8-one	VJJPUSNTGOMMGY-MRVIYFEKSA-N	25179451, 24910417, 24272769, 16779793, 9743957, 1888154, 18001800, 3039831	8	8	0.107599193006052	ototoxic
36921	Ticarcillin	(2S,5R,6R)-6-[[(2R)-2-carboxy-2-thiophen-3-ylacetyl]amino]-3,3-dimethyl-7-oxo-4-thia-1-azabicyclo[3.2.0]heptane-2-carboxylic acid	OHKOGUYZJXTSFX-KZFFXBSXSA-N	28718886, 7803021	2	2	0.0268997982515131	ototoxic
37393	Halofantrine	3-(dibutylamino)-1-[1,3-dichloro-6-(trifluoromethyl)phenanthren-9-yl]propan-1-ol	FOHHNHSLJDZUGQ-UHFFFAOYSA-N	20537205	1	1	0.0134498991257566	ototoxic
37542	Ribavirin	1-[(2R,3R,4S,5R)-3,4-dihydroxy-5-(hydroxymethyl)oxolan-2-yl]-1,2,4-triazole-3-carboxamide	IWUCXVSUMQZMFG-AFCXAGJDSA-N	33491234, 21412597, 15128353, 31593579	4	4	0.0537995965030262	ototoxic
37768	Amikacin	(2S)-4-amino-N-[(1R,2S,3S,4R,5S)-5-amino-2-[(2S,3R,4S,5S,6R)-4-amino-3,5-dihydroxy-6-(hydroxymethyl)oxan-2-yl]oxy-4-[(2R,3R,4S,5S,6R)-6-(aminomethyl)-3,4,5-trihydroxyoxan-2-yl]oxy-3-hydroxycyclohexyl]-2-hydroxybutanamide	LKCWBDHBTVXHDL-RMDFUYIESA-N	41313250, 41246460, 40642015, 40564195, 40233985, 40391321, 40160057, 40070397, 39255894, 39312737, 39525588, 39053960, 37985554, 37108758, 37108985, 36466201, 36316882, 33121925, 33961727, 35849599, 35442461, 34500358, 34252307, 34015383, 33094525, 33998666, 33898763, 33909851, 33745337, 33384041, 32148178, 32947556, 32259317, 31937930, 32192565, 31750151, 31507579, 31159865, 31243682, 31122273, 31151497, 30831441, 30704056, 30539740, 30025743, 30138519, 29661870, 29194212, 29151378, 29097487, 29160511, 28696239, 28365859, 28633708, 28560451, 28069654, 27704212, 28243909, 27623706, 27868278, 27810846, 27548570, 27494904, 27506679, 27217603, 28959562, 26778349, 26581837, 27576862, 26643339, 26622947, 26248372, 25073872, 25358613, 25296102, 25821323, 25199523, 24881578, 23917735, 24582075, 24460437, 23788258, 23834721, 23743750, 23557866, 23416261, 23525870, 23306567, 22784588, 23071881, 22726617, 21551083, 24250429, 22462055, 21642291, 21563089, 20089318, 19858169, 23120646, 19495517, 19273542, 19582340, 19128589, 18396112, 18087627, 17870186, 17497672, 17224251, 17416198, 17319962, 17204896, 17191118, 17266591, 16493523, 16018495, 15170574, 15300786, 15365547, 15278326, 15231982, 15499183, 15156439, 12859138, 12235923, 12121745, 12102302, 12083974, 11754363, 11223308, 11168867, 11314720, 10980487, 10854574, 10861021, 10404451, 10082281, 9822146, 9834971, 9742264, 9799062, 9799987, 9626861, 9425382, 8981187, 8922993, 18611729, 8762976, 8623702, 8736049, 8681976, 8622117, 8622116, 8622107, 8622105, 8622104, 8622103, 8622102, 8622101, 7607992, 7775283, 7521830, 7514588, 8363169, 8233484, 8360131, 8517131, 8340273, 8445702, 7828457, 1436928, 1526361, 1778878, 1771647, 1754734, 1929245, 1906864, 1906861, 1856146, 1856141, 1763645, 2360443, 2311443, 2307024, 2307023, 2287773, 2274318, 2764235, 2658582, 2757563, 2612232, 3170393, 3335097, 3657309, 3038190, 3570997, 3447874, 3570684, 3814212, 3777905, 3489440, 3728532, 3524221, 3521270, 3521269, 3485932, 10270312, 3982812, 3887667, 6487373, 6518944, 6365884, 6365878, 6643334, 6586053, 7185540, 6765414, 7036923, 7159300, 7151635, 7038338, 6760967, 6799892, 7020413, 7368947, 6994638, 6992711, 7458747, 6970981, 373439, 363982, 89779, 715674, 704499, 657877, 335967, 328950, 900916, 899753, 868912, 868908, 868906, 319355, 993629, 993623, 792360, 972282, 938024, 1017880, 1200524, 1101761, 33200354, 18648019, 12833591, 2393560, 38883494, 507791, 23811456, 23901169, 21796931, 17453466, 12209842, 11516749, 10900095, 10082882, 9263027, 8622114, 2097713, 2708672, 3570998, 4062662, 6870653, 6616524, 6184939, 7395508, 312587, 40950931, 33041759, 28060046, 2382175, 40809576	280	280	3.76597175521184	ototoxic
38351	Amikacin sulfate	(2S)-4-amino-N-[(1R,2S,3S,4R,5S)-5-amino-2-[(2S,3R,4S,5S,6R)-4-amino-3,5-dihydroxy-6-(hydroxymethyl)oxan-2-yl]oxy-4-[(2R,3R,4S,5S,6R)-6-(aminomethyl)-3,4,5-trihydroxyoxan-2-yl]oxy-3-hydroxycyclohexyl]-2-hydroxybutanamide;sulfuric acid	FXKSEJFHKVNEFI-GCZBSULCSA-N	9732130, 426575, 415674, 331627, 576282, 23050670	6	6	0.0806993947545393	ototoxic
38945	Tocainide	2-amino-N-(2,6-dimethylphenyl)propanamide	BUJAGSGYPOAWEI-UHFFFAOYSA-N	6441244	-1	1	-0.0134498991257566	otoprotective
39186	Diltiazem	[(2S,3S)-5-[2-(dimethylamino)ethyl]-2-(4-methoxyphenyl)-4-oxo-2,3-dihydro-1,5-benzothiazepin-3-yl] acetate	HSUGRBWQSSZJOP-RTWAWAEBSA-N	38331002, 31746818, 29160156, 26419839	-4	4	-0.0537995965030262	otoprotective
39763	Napqi	N-(4-oxocyclohexa-2,5-dien-1-ylidene)acetamide	URNSECGXFRDEDC-UHFFFAOYSA-N	24793116	1	1	0.0134498991257566	ototoxic
39836	L-name	methyl (2S)-2-amino-5-[[amino(nitramido)methylidene]amino]pentanoate	KCWZGJVSDFYRIX-YFKPBYRVSA-N	21616617, 16298782, 15665945, 28425336, 12625567, 12021507, 11876587, 11129736, 10912957, 10741857, 10095194, 9592675	-12	12	-0.161398789509079	otoprotective
40634	Trolox	6-hydroxy-2,5,7,8-tetramethyl-3,4-dihydrochromene-2-carboxylic acid	GLEVLJDDWXEYCO-UHFFFAOYSA-N	25501662, 22524268, 12623149, 7928739	-4	4	-0.0537995965030262	otoprotective
40839	Vindesine	methyl (13S,15S,17S)-13-[(1R,9R,10S,11R,12R,19R)-10-carbamoyl-12-ethyl-10,11-dihydroxy-5-methoxy-8-methyl-8,16-diazapentacyclo[10.6.1.01,9.02,7.016,19]nonadeca-2,4,6,13-tetraen-4-yl]-17-ethyl-17-hydroxy-1,11-diazatetracyclo[13.3.1.04,12.05,10]nonadeca-4(12),5,7,9-tetraene-13-carboxylate	HHJUWIANJFBDHT-KOTLKJBCSA-N	3039831	1	1	0.0134498991257566	ototoxic
41693	Sufentanil	N-[4-(methoxymethyl)-1-(2-thiophen-2-ylethyl)piperidin-4-yl]-N-phenylpropanamide	GGCSSNBKKAUURC-UHFFFAOYSA-N	12694150	-1	1	-0.0134498991257566	otoprotective
41781	Torasemide	1-[[4-(3-methylanilino)-3-pyridinyl]sulfonyl]-3-propan-2-ylurea	NGBFQHCMQULJNZ-UHFFFAOYSA-N	40098168, 3370060	2	2	0.0268997982515131	ototoxic
41867	Epirubicin	(7S,9S)-7-[(2R,4S,5R,6S)-4-amino-5-hydroxy-6-methyloxan-2-yl]oxy-6,9,11-trihydroxy-9-(2-hydroxyacetyl)-4-methoxy-8,10-dihydro-7H-tetracene-5,12-dione	AOJJSUZBOXZQNB-VTZDEGQISA-N	16135407, 18188721	2	2	0.0268997982515131	ototoxic
42266	Indacrinone	2-[(6,7-dichloro-2-methyl-1-oxo-2-phenyl-3H-inden-5-yl)oxy]acetic acid	PRKWVSHZYDOZLP-UHFFFAOYSA-N	3446673, 7559168	2	2	0.0268997982515131	ototoxic
43672	Piperacillin	(2S,5R,6R)-6-[[(2R)-2-[(4-ethyl-2,3-dioxopiperazine-1-carbonyl)amino]-2-phenylacetyl]amino]-3,3-dimethyl-7-oxo-4-thia-1-azabicyclo[3.2.0]heptane-2-carboxylic acid	IVBHGBMCVLDMKU-GXNBUGAJSA-N	39376413	1	1	0.0134498991257566	ototoxic
43815	Paroxetine	(3S,4R)-3-(1,3-benzodioxol-5-yloxymethyl)-4-(4-fluorophenyl)piperidine	AHOUBRCZNHFOSL-YOEHRIQHSA-N	36133817, 12030950	0	2	0.0	undetermined
47936	Forskolin	[(3R,4aR,5S,6S,6aS,10S,10aR,10bS)-3-ethenyl-6,10,10b-trihydroxy-3,4a,7,7,10a-pentamethyl-1-oxo-5,6,6a,8,9,10-hexahydro-2H-benzo[f]chromen-5-yl] acetate	OHCQJHSOBUTRHG-KGGHGJDLSA-N	34199197, 29665656	-2	2	-0.0268997982515131	otoprotective
50515	Amonafide	5-amino-2-[2-(dimethylamino)ethyl]benzo[de]isoquinoline-1,3-dione	UPALIKSFLSVKIS-UHFFFAOYSA-N	3690526	1	1	0.0134498991257566	ototoxic
51081	Pefloxacin	1-ethyl-6-fluoro-7-(4-methylpiperazin-1-yl)-4-oxoquinoline-3-carboxylic acid	FHFYDNQZQSQIAI-UHFFFAOYSA-N	1929256	1	1	0.0134498991257566	ototoxic
53025	Cefotetan	(6R,7S)-7-[[4-(2-amino-1-carboxy-2-oxoethylidene)-1,3-dithietane-2-carbonyl]amino]-7-methoxy-3-[(1-methyltetrazol-5-yl)sulfanylmethyl]-8-oxo-5-thia-1-azabicyclo[4.2.0]oct-2-ene-2-carboxylic acid	SRZNHPXWXCNNDU-RHBCBLIFSA-N	39376413	1	1	0.0134498991257566	ototoxic
53232	Lovastatin	[(1S,3R,7S,8S,8aR)-8-[2-[(2R,4R)-4-hydroxy-6-oxooxan-2-yl]ethyl]-3,7-dimethyl-1,2,3,7,8,8a-hexahydronaphthalen-1-yl] (2S)-2-methylbutanoate	PCZOHLXUXFIOCF-BXMDZJJMSA-N	32062294	-1	1	-0.0134498991257566	otoprotective
54343	Daltroban	2-[4-[2-[(4-chlorophenyl)sulfonylamino]ethyl]phenyl]acetic acid	IULOBWFWYDMECP-UHFFFAOYSA-N	2531137	-1	1	-0.0134498991257566	otoprotective
54454	Simvastatin	[(1S,3R,7S,8S,8aR)-8-[2-[(2R,4R)-4-hydroxy-6-oxooxan-2-yl]ethyl]-3,7-dimethyl-1,2,3,7,8,8a-hexahydronaphthalen-1-yl] 2,2-dimethylbutanoate	RYMZZMVNJRMUDD-HGQWONQESA-N	22082490	-1	1	-0.0134498991257566	otoprotective
54687	Pravastatin	(3R,5R)-7-[(1S,2S,6S,8S,8aR)-6-hydroxy-2-methyl-8-[(2S)-2-methylbutanoyl]oxy-1,2,6,7,8,8a-hexahydronaphthalen-1-yl]-3,5-dihydroxyheptanoic acid	TUZYXOIXSAXUGO-PZAWKZKUSA-N	40126270, 35562915	-2	2	-0.0268997982515131	otoprotective
55283	Itraconazole	2-butan-2-yl-4-[4-[4-[4-[[(2R,4S)-2-(2,4-dichlorophenyl)-2-(1,2,4-triazol-1-ylmethyl)-1,3-dioxolan-4-yl]methoxy]phenyl]piperazin-1-yl]phenyl]-1,2,4-triazol-3-one	VHVPQPYKVGDNFY-ZPGVKDDISA-N	11564051	1	1	0.0134498991257566	ototoxic
60464	Sparfloxacin	5-amino-1-cyclopropyl-7-[(3R,5S)-3,5-dimethylpiperazin-1-yl]-6,8-difluoro-4-oxoquinoline-3-carboxylic acid	DZZWHBIBMUVIIW-DTORHVGOSA-N	8052802	1	1	0.0134498991257566	ototoxic
60613	Cidofovir	[(2S)-1-(4-amino-2-oxopyrimidin-1-yl)-3-hydroxypropan-2-yl]oxymethylphosphonic acid	VWFCHDSQECPREK-LURJTMIESA-N	24153022	1	1	0.0134498991257566	ototoxic
60714	Gadoteridol	2-[4,7-bis(carboxylatomethyl)-10-(2-hydroxypropyl)-1,4,7,10-tetrazacyclododec-1-yl]acetate;gadolinium(3+)	DPNNNPAKRZOSMO-UHFFFAOYSA-K	27315460	1	1	0.0134498991257566	ototoxic
60750	Gemcitabine	4-amino-1-[(2R,4R,5R)-3,3-difluoro-4-hydroxy-5-(hydroxymethyl)oxolan-2-yl]pyrimidin-2-one	SDUQYLNIPVEERB-QPPQHZFASA-N	37974405, 23467956	2	2	0.0268997982515131	ototoxic
60754	122795-43-1	2-[bis[2-[carboxylatomethyl-[2-(methylamino)-2-oxoethyl]amino]ethyl]amino]acetate;gadolinium(3+);hydrate	XPCLDSMKWNNKOM-UHFFFAOYSA-K	19449223	1	1	0.0134498991257566	ototoxic
60823	Atorvastatin	(3R,5R)-7-[2-(4-fluorophenyl)-3-phenyl-4-(phenylcarbamoyl)-5-propan-2-ylpyrrol-1-yl]-3,5-dihydroxyheptanoic acid	XUKUURHRXDUEBC-KAYWLYCHSA-N	33393488, 22392429	0	2	0.0	undetermined
60825	Lamivudine	4-amino-1-[(2R,5S)-2-(hydroxymethyl)-1,3-oxathiolan-5-yl]pyrimidin-2-one	JTEGQNOMFQHVDC-NKWVEPMBSA-N	41355029, 35468305, 24487230, 21430965	4	4	0.0537995965030262	ototoxic
60877	Emtricitabine	4-amino-5-fluoro-1-[(2R,5S)-2-(hydroxymethyl)-1,3-oxathiolan-5-yl]pyrimidin-2-one	XQSPYNMVSIKCOC-NTSWFWBYSA-N	41355029, 24487230	2	2	0.0268997982515131	ototoxic
60961	Adenosine	(2R,3R,4S,5R)-2-(6-aminopurin-9-yl)-5-(hydroxymethyl)oxolane-3,4-diol	OIRDTQYFTABQOQ-KQYNXXCUSA-N	31156393	-1	1	-0.0134498991257566	otoprotective
62115	Netilmicin sulfate	bis((2R,3R,4R,5R)-2-[(1S,2S,3R,4S,6R)-4-amino-3-[[(2S,3R)-3-amino-6-(aminomethyl)-3,4-dihydro-2H-pyran-2-yl]oxy]-6-(ethylamino)-2-hydroxycyclohexyl]oxy-5-methyl-4-(methylamino)oxane-3,5-diol);sulfuric acid	AGFWIZQEWFGATK-UNZHCMSXSA-N	32894392, 3535719	2	2	0.0268997982515131	ototoxic
62998	86393-32-0	1-cyclopropyl-6-fluoro-4-oxo-7-piperazin-1-ylquinoline-3-carboxylic acid;hydrate;hydrochloride	ARPUHYJMCVWYCZ-UHFFFAOYSA-N	9339804	1	1	0.0134498991257566	ototoxic
63044	Dexamethasone palmitate	[2-[(8S,9R,10S,11S,13S,14S,16R,17R)-9-fluoro-11,17-dihydroxy-10,13,16-trimethyl-3-oxo-6,7,8,11,12,14,15,16-octahydrocyclopenta[a]phenanthren-17-yl]-2-oxoethyl] hexadecanoate	WDPYZTKOEFDTCU-WDJQFAPHSA-N	41125176	-1	1	-0.0134498991257566	otoprotective
64139	Efavirenz	(4S)-6-chloro-4-(2-cyclopropylethynyl)-4-(trifluoromethyl)-1H-3,1-benzoxazin-2-one	XPOQHMRABVBWPR-ZDUSSCGKSA-N	24487230, 21430965, 26604812	3	3	0.0403496973772697	ototoxic
64927	Chloroquine diphosphate	4-N-(7-chloroquinolin-4-yl)-1-N,1-N-diethylpentane-1,4-diamine;phosphoric acid	QKICWELGRMTQCR-UHFFFAOYSA-N	27186928	1	1	0.0134498991257566	ototoxic
64929	Fenofibric acid	2-[4-(4-chlorobenzoyl)phenoxy]-2-methylpropanoic acid	MQOBSOSZFYZQOK-UHFFFAOYSA-N	29182629	-1	1	-0.0134498991257566	otoprotective
64945	Ursolic acid	(1S,2R,4aS,6aR,6aS,6bR,8aR,10S,12aR,14bS)-10-hydroxy-1,2,6a,6b,9,9,12a-heptamethyl-2,3,4,5,6,6a,7,8,8a,10,11,12,13,14b-tetradecahydro-1H-picene-4a-carboxylic acid	WCGUUGGRBIKTOS-GPOJBZKASA-N	32626955, 19655411	-2	2	-0.0268997982515131	otoprotective
64953	Glucantime	hydroxy(dioxo)-lambda5-stibane;(2R,3R,4R,5S)-6-(methylamino)hexane-1,2,3,4,5-pentol	XOGYVDXPYVPAAQ-SESJOKTNSA-M	38354178, 28045920, 25229226	3	3	0.0403496973772697	ototoxic
64961	9h-pyrido[3,4-b]indole	9H-pyrido[3,4-b]indole	AIFRHYZBTHREPW-UHFFFAOYSA-N	35658237	-1	1	-0.0134498991257566	otoprotective
64981	Arctigenin	(3R,4R)-4-[(3,4-dimethoxyphenyl)methyl]-3-[(4-hydroxy-3-methoxyphenyl)methyl]oxolan-2-one	NQWVSMVXKMHKTF-JKSUJKDBSA-N	28026149	-1	1	-0.0134498991257566	otoprotective
64982	Baicalin	(2S,3S,4S,5R,6S)-6-(5,6-dihydroxy-4-oxo-2-phenylchromen-7-yl)oxy-3,4,5-trihydroxyoxane-2-carboxylic acid	IKIIZLYTISPENI-ZFORQUDYSA-N	31021006	-1	1	-0.0134498991257566	otoprotective
65028	Oseltamivir	ethyl (3R,4R,5S)-4-acetamido-5-amino-3-pentan-3-yloxycyclohexene-1-carboxylate	VSZGPKBBMSAYNT-RRFJBIMHSA-N	35645195	1	1	0.0134498991257566	ototoxic
65036	Allicin	3-prop-2-enylsulfinylsulfanylprop-1-ene	JDLKFOPOAOFWQN-UHFFFAOYSA-N	31340214, 28259711, 28062185	-3	3	-0.0403496973772697	otoprotective
65064	(-)-epigallocatechin gallate	[(2R,3R)-5,7-dihydroxy-2-(3,4,5-trihydroxyphenyl)-3,4-dihydro-2H-chromen-3-yl] 3,4,5-trihydroxybenzoate	WMBWREPUVVBILR-WIYYLYMNSA-N	28703809, 27631653, 25896296, 24735939, 23028481, 19321781, 25875282, 15224876	-8	8	-0.107599193006052	otoprotective
65478	151-73-5	disodium;[2-[(8S,9R,10S,11S,13S,14S,16S,17R)-9-fluoro-11,17-dihydroxy-10,13,16-trimethyl-3-oxo-6,7,8,11,12,14,15,16-octahydrocyclopenta[a]phenanthren-17-yl]-2-oxoethyl] phosphate	PLCQGRYPOISRTQ-LWCNAHDDSA-L	17195427	-1	1	-0.0134498991257566	otoprotective
65492	Iopamidol	1-N,3-N-bis(1,3-dihydroxypropan-2-yl)-5-[[(2S)-2-hydroxypropanoyl]amino]-2,4,6-triiodobenzene-1,3-dicarboxamide	XQZXYNRDCRIARQ-LURJTMIESA-N	19850386, 6501380	2	2	0.0268997982515131	ototoxic
65632	Erdosteine	2-[2-oxo-2-[(2-oxothiolan-3-yl)amino]ethyl]sulfanylacetic acid	QGFORSXNKQLDNO-UHFFFAOYSA-N	27878588, 26193055, 22051542, 21989624, 15742177	-5	5	-0.0672494956287828	otoprotective
65709	Caroverine	1-[2-(diethylamino)ethyl]-3-[(4-methoxyphenyl)methyl]quinoxalin-2-one	MSPRUJDUTKRMLM-UHFFFAOYSA-N	7610812, 17050305, 12566692	-3	3	-0.0403496973772697	otoprotective
65999	Telmisartan	2-[4-[[4-methyl-6-(1-methylbenzimidazol-2-yl)-2-propylbenzimidazol-1-yl]methyl]phenyl]benzoic acid	RMMXLENWKUUMAY-UHFFFAOYSA-N	34884516, 32369826, 37905291	-3	3	-0.0403496973772697	otoprotective
67678	L-cystine	(2R)-2-amino-3-[[(2R)-2-amino-2-carboxyethyl]disulfanyl]propanoic acid	LEVWYRKDKASIDU-IMJSIDKUSA-N	10587000	-1	1	-0.0134498991257566	otoprotective
68617	Sertraline	(1S,4S)-4-(3,4-dichlorophenyl)-N-methyl-1,2,3,4-tetrahydronaphthalen-1-amine	VGKDLMBJGBXTGI-SJCJKPOMSA-N	24198723, 16973315, 36133817	1	3	0.0134498991257566	ototoxic
68643	Betahistine hydrochloride	N-methyl-2-pyridin-2-ylethanamine;dihydrochloride	XVDFMHARQUBJRE-UHFFFAOYSA-N	10345150	-1	1	-0.0134498991257566	otoprotective
68682	Arbekacin	(2S)-4-amino-N-[(1R,2S,3S,4R,5S)-5-amino-4-[(2R,3R,6S)-3-amino-6-(aminomethyl)oxan-2-yl]oxy-2-[(2S,3R,4S,5S,6R)-4-amino-3,5-dihydroxy-6-(hydroxymethyl)oxan-2-yl]oxy-3-hydroxycyclohexyl]-2-hydroxybutanamide	MKKYBZZTJQGVCD-XTCKQBCOSA-N	12828585, 3814212	2	2	0.0268997982515131	ototoxic
68827	Artemisinin	(1R,4S,5R,8S,9R,12S,13R)-1,5,9-trimethyl-11,14,15,16-tetraoxatetracyclo[10.3.1.04,13.08,13]hexadecan-10-one	BLUAFEHZUWYNDE-NNWCWBAJSA-N	36742687, 32612358	0	2	0.0	undetermined
68911	Artemether	(1R,4S,5R,8S,9R,10S,12R,13R)-10-methoxy-1,5,9-trimethyl-11,14,15,16-tetraoxatetracyclo[10.3.1.04,13.08,13]hexadecane	SXYIRMFQILZOAM-HVNFFKDJSA-N	15109547	1	1	0.0134498991257566	ototoxic
70169	885-70-1	5,11-dihydropyrido[2,3-b][1,4]benzodiazepin-6-one	MIRBIZDDMSFTKY-UHFFFAOYSA-N	31551715	-1	1	-0.0134498991257566	otoprotective
71158	Acamprosate	3-acetamidopropane-1-sulfonic acid	AFCGFAGUEYAMAO-UHFFFAOYSA-N	16612523	-1	1	-0.0134498991257566	otoprotective
71188	Enrofloxacin	1-cyclopropyl-7-(4-ethylpiperazin-1-yl)-6-fluoro-4-oxoquinoline-3-carboxylic acid	SPFYMRJSYKOXGV-UHFFFAOYSA-N	33478757	1	1	0.0134498991257566	ototoxic
71469	Erythromycin lactobionate	(3R,4S,5S,6R,7R,9R,11R,12R,13S,14R)-6-[(2S,3R,4S,6R)-4-(dimethylamino)-3-hydroxy-6-methyloxan-2-yl]oxy-14-ethyl-7,12,13-trihydroxy-4-[(2R,4R,5S,6S)-5-hydroxy-4-methoxy-4,6-dimethyloxan-2-yl]oxy-3,5,7,9,11,13-hexamethyl-oxacyclotetradecane-2,10-dione;(2R,3R,4R,5R)-2,3,5,6-tetrahydroxy-4-[(2S,3R,4S,5R,6R)-3,4,5-trihydroxy-6-(hydroxymethyl)oxan-2-yl]oxyhexanoic acid	NNRXCKZMQLFUPL-WBMZRJHASA-N	1925722, 3963982, 835977, 6885176	4	4	0.0537995965030262	ototoxic
71616	Voriconazole	(2R,3S)-2-(2,4-difluorophenyl)-3-(5-fluoropyrimidin-4-yl)-1-(1,2,4-triazol-1-yl)butan-2-ol	BCEHBSKCWLPMDN-MGPLVRAMSA-N	22977711	1	1	0.0134498991257566	ototoxic
71968	Avizafone	(2S)-2,6-diamino-N-[2-(2-benzoyl-4-chloro-N-methylanilino)-2-oxoethyl]hexanamide	LTKOVYBBGBGKTA-SFHVURJKSA-N	20816720	-1	1	-0.0134498991257566	otoprotective
72276	(-)-epicatechin	(2R,3R)-2-(3,4-dihydroxyphenyl)-3,4-dihydro-2H-chromene-3,5,7-triol	PFTAWBLQPZVEMU-UKRRQHHQSA-N	21946009, 20883750, 18670884	-3	3	-0.0403496973772697	otoprotective
72281	Hesperetin	(2S)-5,7-dihydroxy-2-(3-hydroxy-4-methoxyphenyl)-2,3-dihydrochromen-4-one	AIONOLUJZLIMTK-AWEZNQCLSA-N	27240489	-1	1	-0.0134498991257566	otoprotective
72303	Honokiol	2-(4-hydroxy-3-prop-2-enylphenyl)-4-prop-2-enylphenol	FVYXIJYOAGAUQK-UHFFFAOYSA-N	39135039, 37728555, 33415008	-3	3	-0.0403496973772697	otoprotective
72307	Sesamin	5-[(3S,3aR,6S,6aR)-3-(1,3-benzodioxol-5-yl)-1,3,3a,4,6,6a-hexahydrofuro[3,4-c]furan-6-yl]-1,3-benzodioxole	PEYUIKBAABKQKQ-AFHBHXEDSA-N	32186941	-1	1	-0.0134498991257566	otoprotective
72343	Hernandezine	(1S,14S)-9,19,20,21,25-pentamethoxy-15,30-dimethyl-7,23-dioxa-15,30-diazaheptacyclo[22.6.2.23,6.18,12.114,18.027,31.022,33]hexatriaconta-3(36),4,6(35),8,10,12(34),18(33),19,21,24,26,31-dodecaene	FUZMQNZACIFDBL-KYJUHHDHSA-N	27065807	-1	1	-0.0134498991257566	otoprotective
72344	Nobiletin	2-(3,4-dimethoxyphenyl)-5,6,7,8-tetramethoxychromen-4-one	MRIAQLRQZPPODS-UHFFFAOYSA-N	38570541	-1	1	-0.0134498991257566	otoprotective
72392	Neamine	(2R,3S,4R,5R,6R)-5-amino-2-(aminomethyl)-6-[(1R,2R,3S,4R,6S)-4,6-diamino-2,3-dihydroxycyclohexyl]oxyoxane-3,4-diol	SYJXFKPQNSDJLI-HKEUSBCWSA-N	16361562, 9390792, 7514588, 3038190, 3777905, 17416529	4	6	0.0537995965030262	ototoxic
72394	Lividomycin a	(2R,3S,4S,5S,6R)-2-[(2S,3S,4R,5R,6R)-5-amino-2-(aminomethyl)-6-[(2R,3S,4R,5S)-5-[(1R,2R,3S,5R,6S)-3,5-diamino-2-[(2S,3R,5S,6R)-3-amino-5-hydroxy-6-(hydroxymethyl)oxan-2-yl]oxy-6-hydroxycyclohexyl]oxy-4-hydroxy-2-(hydroxymethyl)oxolan-3-yl]oxy-4-hydroxyoxan-3-yl]oxy-6-(hydroxymethyl)oxane-3,4,5-triol	DBLVDAUGBTYDFR-SWMBIRFSSA-N	89779	1	1	0.0134498991257566	ototoxic
72396	Gentamicin c1a	(2R,3R,4R,5R)-2-[(1S,2S,3R,4S,6R)-4,6-diamino-3-[(2R,3R,6S)-3-amino-6-(aminomethyl)oxan-2-yl]oxy-2-hydroxycyclohexyl]oxy-5-methyl-4-(methylamino)oxane-3,5-diol	VEGXETMJINRLTH-BOZYPMBZSA-N	30787404	1	1	0.0134498991257566	ototoxic
72397	Gentamicin c2	(2R,3R,4R,5R)-2-[(1S,2S,3R,4S,6R)-4,6-diamino-3-[(2R,3R,6S)-3-amino-6-[(1R)-1-aminoethyl]oxan-2-yl]oxy-2-hydroxycyclohexyl]oxy-5-methyl-4-(methylamino)oxane-3,5-diol	XUFIWSHGXVLULG-IDLVJFIQSA-N	33288712	1	1	0.0134498991257566	ototoxic
72429	Leupeptin	(2S)-2-acetamido-N-[(2S)-1-[[(2S)-5-(diaminomethylideneamino)-1-oxopentan-2-yl]amino]-4-methyl-1-oxopentan-2-yl]-4-methylpentanamide	GDBQQVLCIARPGH-ULQDDVLXSA-N	23413197, 16707850, 12625566, 11950531, 14964948, 10629769, 10208553	-7	7	-0.0941492938802959	otoprotective
72704	Berberrubine	17-methoxy-5,7-dioxa-13-azoniapentacyclo[11.8.0.02,10.04,8.015,20]henicosa-1(13),2,4(8),9,14,16,18,20-octaen-16-ol	GLYPKDKODVRYGP-UHFFFAOYSA-O	39850559	-1	1	-0.0134498991257566	otoprotective
73078	Tetrandrine	(1S,14S)-9,20,21,25-tetramethoxy-15,30-dimethyl-7,23-dioxa-15,30-diazaheptacyclo[22.6.2.23,6.18,12.114,18.027,31.022,33]hexatriaconta-3(36),4,6(35),8,10,12(34),18,20,22(33),24,26,31-dodecaene	WVTKBKWTSCPRNU-KYJUHHDHSA-N	35519614	-1	1	-0.0134498991257566	otoprotective
73364	Calpeptin	benzyl N-[(2S)-4-methyl-1-oxo-1-[[(2S)-1-oxohexan-2-yl]amino]pentan-2-yl]carbamate	PGGUOGKHUUUWAF-ROUUACIJSA-N	19515954	-1	1	-0.0134498991257566	otoprotective
73412	Madecassic acid	(1S,2R,4aS,6aR,6aS,6bR,8R,8aR,9R,10R,11R,12aR,14bS)-8,10,11-trihydroxy-9-(hydroxymethyl)-1,2,6a,6b,9,12a-hexamethyl-2,3,4,5,6,6a,7,8,8a,10,11,12,13,14b-tetradecahydro-1H-picene-4a-carboxylic acid	PRAUVHZJPXOEIF-AOLYGAPISA-N	41103031	-1	1	-0.0134498991257566	otoprotective
73581	Bilobalide	(1S,4R,7R,8S,9R,11S)-9-tert-butyl-7,9-dihydroxy-3,5,12-trioxatetracyclo[6.6.0.01,11.04,8]tetradecane-2,6,13-trione	MOLPUWBMSBJXER-YDGSQGCISA-N	21190826	-1	1	-0.0134498991257566	otoprotective
73949	2-oxazolidinone	1,3-oxazolidin-2-one	IZXIZTKNFFYFOF-UHFFFAOYSA-N	40513684	1	1	0.0134498991257566	ototoxic
74483	Perfluorooctanesulfonic acid	1,1,2,2,3,3,4,4,5,5,6,6,7,7,8,8,8-heptadecafluorooctane-1-sulfonic acid	YFSUTJLHUFNCNZ-UHFFFAOYSA-N	27847309	1	1	0.0134498991257566	ototoxic
75484	Methyl 2,3-dihydroxybenzoate	methyl 2,3-dihydroxybenzoate	DOAJWTSNTNAEIY-UHFFFAOYSA-N	35305848	-1	1	-0.0134498991257566	otoprotective
77999	Rosiglitazone	5-[[4-[2-[methyl(pyridin-2-yl)amino]ethoxy]phenyl]methyl]-1,3-thiazolidine-2,4-dione	YASAKCUCGLMORW-UHFFFAOYSA-N	31217747	-1	1	-0.0134498991257566	otoprotective
82148	Agomelatine	N-[2-(7-methoxynaphthalen-1-yl)ethyl]acetamide	YJYPHIXNFHFHND-UHFFFAOYSA-N	36133817	1	1	0.0134498991257566	ototoxic
83700	13752-51-7	morpholin-4-yl morpholine-4-carbodithioate	HOEFWOBLOGZQIQ-UHFFFAOYSA-N	18403086	-1	1	-0.0134498991257566	otoprotective
84029	Clarithromycin	(3R,4S,5S,6R,7R,9R,11R,12R,13S,14R)-6-[(2S,3R,4S,6R)-4-(dimethylamino)-3-hydroxy-6-methyloxan-2-yl]oxy-14-ethyl-12,13-dihydroxy-4-[(2R,4R,5S,6S)-5-hydroxy-4-methoxy-4,6-dimethyloxan-2-yl]oxy-7-methoxy-3,5,7,9,11,13-hexamethyl-oxacyclotetradecane-2,10-dione	AGOYDEPGAOXOCK-KCBOHYOISA-N	33767665, 21838098, 11535141, 9626603, 33200354, 15640431	6	6	0.0806993947545393	ototoxic
84815	D-methionine	(2R)-2-amino-4-methylsulfanylbutanoic acid	FFEARJCKVFRZRR-SCSAIBSYSA-N	34622731, 34606329, 33084473, 27896487, 26166286, 26963517, 25488710, 24337005, 23413197, 22732230, 21804453, 22754805, 19564816, 18091106, 17224251, 17060685, 18236636, 16014323, 15953519, 14724489, 12859139, 12625566, 12087338, 12031515, 12021507, 11583387, 10899696, 10748326, 10591510, 9303151, 9105457, 8951454, 7817496, 6083522, 16626767, 26219586, 21750343, 15949078	-38	38	-0.511096166778749	otoprotective
84979	Bromate	bromate	SXDBWCPKPHAZSM-UHFFFAOYSA-M	26185792	1	1	0.0134498991257566	ototoxic
86322	1,2-diethyl-3-hydroxypyridin-4-one	1,2-diethyl-3-hydroxypyridin-4-one	XIYFEESCIBNMIC-UHFFFAOYSA-N	34953289, 31945692	-2	2	-0.0268997982515131	otoprotective
87642	Coenzyme a	[[(2R,3S,4R,5R)-5-(6-aminopurin-9-yl)-4-hydroxy-3-phosphonooxyoxolan-2-yl]methoxy-hydroxyphosphoryl] [(3R)-3-hydroxy-2,2-dimethyl-4-oxo-4-[[3-oxo-3-(2-sulfanylethylamino)propyl]amino]butyl] hydrogen phosphate	RGJOEKWQDUBAIZ-IBOSZNHHSA-N	27121633, 8725528	-2	2	-0.0268997982515131	otoprotective
90454	Cinchonine	(S)-[(2R,4S,5R)-5-ethenyl-1-azabicyclo[2.2.2]octan-2-yl]-quinolin-4-ylmethanol	KMPWYEUPVWOPIM-QAMTZSDWSA-N	37577804	-1	1	-0.0134498991257566	otoprotective
91435	Lactate	2-hydroxypropanoate	JVTAAEKCZFNVCJ-UHFFFAOYSA-M	20513041	-1	1	-0.0134498991257566	otoprotective
91441	Chloroquine sulfate	4-N-(7-chloroquinolin-4-yl)-1-N,1-N-diethylpentane-1,4-diamine;sulfuric acid	OJPWHUOVKVKBQB-UHFFFAOYSA-N	6733318	1	1	0.0134498991257566	ototoxic
91458	Aucubin	(2S,3R,4S,5S,6R)-2-[[(1S,4aR,5S,7aS)-5-hydroxy-7-(hydroxymethyl)-1,4a,5,7a-tetrahydrocyclopenta[c]pyran-1-yl]oxy]-6-(hydroxymethyl)oxane-3,4,5-triol	RJWJHRPNHPHBRN-FKVJWERZSA-N	36720354	-1	1	-0.0134498991257566	otoprotective
91558	Quinine hydrochloride	(R)-[(2S,4S,5R)-5-ethenyl-1-azabicyclo[2.2.2]octan-2-yl]-(6-methoxyquinolin-4-yl)methanol;hydrochloride	LBSFSRMTJJPTCW-DSXUQNDKSA-N	12597290, 8880186, 2922768	3	3	0.0403496973772697	ototoxic
92095	Sarsasapogenin	(1R,2S,4S,5'S,6R,7S,8R,9S,12S,13S,16S,18R)-5',7,9,13-tetramethylspiro[5-oxapentacyclo[10.8.0.02,9.04,8.013,18]icosane-6,2'-oxane]-16-ol	GMBQZIIUCVWOCD-WWASVFFGSA-N	40894222	-1	1	-0.0134498991257566	otoprotective
92432	Melanotan ii	(3S,6S,9R,12S,15S,23S)-15-[[(2S)-2-acetamidohexanoyl]amino]-9-benzyl-6-[3-(diaminomethylideneamino)propyl]-12-(1H-imidazol-5-ylmethyl)-3-(1H-indol-3-ylmethyl)-2,5,8,11,14,17-hexaoxo-1,4,7,10,13,18-hexazacyclotricosane-23-carboxamide	JDKLPDJLXHXHNV-MFVUMRCOSA-N	12361873	-1	1	-0.0134498991257566	otoprotective
92727	Lopinavir	(2S)-N-[(2S,4S,5S)-5-[[2-(2,6-dimethylphenoxy)acetyl]amino]-4-hydroxy-1,6-diphenylhexan-2-yl]-3-methyl-2-(2-oxo-1,3-diazinan-1-yl)butanamide	KJHKTHWMRKYKJE-SUGCFTRWSA-N	36090793	1	1	0.0134498991257566	ototoxic
92974	Droxidopa	(2S,3R)-2-amino-3-(3,4-dihydroxyphenyl)-3-hydroxypropanoic acid	QXWYKJLNLSIPIN-JGVFFNPUSA-N	9021651	-1	1	-0.0134498991257566	otoprotective
93405	70331-94-1	2-[[2-[2-[3-(3,5-ditert-butyl-4-hydroxyphenyl)propanoyloxy]ethylamino]-2-oxoacetyl]amino]ethyl 3-(3,5-ditert-butyl-4-hydroxyphenyl)propanoate	OXWDLAHVJDUQJM-UHFFFAOYSA-N	39355176	-1	1	-0.0134498991257566	otoprotective
101744	Cinchonidine	(R)-[(2S,4S,5R)-5-ethenyl-1-azabicyclo[2.2.2]octan-2-yl]-quinolin-4-ylmethanol	KMPWYEUPVWOPIM-KODHJQJWSA-N	37577804	-1	1	-0.0134498991257566	otoprotective
104730	Cobalt	cobalt	GUTLYIVDDKVIGB-UHFFFAOYSA-N	41383593, 38101458, 27142062, 23069009	4	4	0.0537995965030262	ototoxic
104741	Fulvestrant	(7R,8R,9S,13S,14S,17S)-13-methyl-7-[9-(4,4,5,5,5-pentafluoropentylsulfinyl)nonyl]-6,7,8,9,11,12,14,15,16,17-decahydrocyclopenta[a]phenanthrene-3,17-diol	VWUXBMIQPBEWFH-WCCTWKNTSA-N	40987193	-1	1	-0.0134498991257566	otoprotective
104751	Bapta	2-[2-[2-[2-[bis(carboxymethyl)amino]phenoxy]ethoxy]-N-(carboxymethyl)anilino]acetic acid	FTEDXVNDVHYDQW-UHFFFAOYSA-N	30820888, 23359017	-2	2	-0.0268997982515131	otoprotective
104799	Fotemustine	1-(2-chloroethyl)-3-(1-diethoxyphosphorylethyl)-1-nitrosourea	YAKWPXVTIGTRJH-UHFFFAOYSA-N	17888195	1	1	0.0134498991257566	ototoxic
104902	Tirilazad mesylate	(8S,10S,13S,14S,16R,17S)-17-[2-[4-(2,6-dipyrrolidin-1-ylpyrimidin-4-yl)piperazin-1-yl]acetyl]-10,13,16-trimethyl-6,7,8,12,14,15,16,17-octahydrocyclopenta[a]phenanthren-3-one;methanesulfonic acid	HPZOOQSXPMEJBV-ODCFVKFUSA-N	8464301	-1	1	-0.0134498991257566	otoprotective
107656	133681-84-2	2-[[4-(2,6-dipyrrolidin-1-ylpyrimidin-4-yl)piperazin-1-yl]methyl]-2,5,7,8-tetramethyl-3,4-dihydrochromen-6-ol;dihydrochloride	KJGXSMZHYBXPIS-UHFFFAOYSA-N	8464301	-1	1	-0.0134498991257566	otoprotective
107663	Magnesium;hydride	magnesium hydride	RHLWKNJTVXDVHU-UHFFFAOYSA-N	40790374	-1	1	-0.0134498991257566	otoprotective
107699	Cgp 35348	3-aminopropyl(diethoxymethyl)phosphinic acid	QIIVUOWTHWIXFO-UHFFFAOYSA-N	7623742	-1	1	-0.0134498991257566	otoprotective
107800	Dactimicin	N-[4-amino-3-[3-amino-6-(1-aminoethyl)oxan-2-yl]oxy-2,5-dihydroxy-6-methoxycyclohexyl]-2-(aminomethylideneamino)-N-methylacetamide	VFBPKQSATYZKRX-UHFFFAOYSA-N	2311443, 2612232, 3447874	3	3	0.0403496973772697	ototoxic
107807	Perindopril	(2S,3aS,7aS)-1-[(2S)-2-[[(2S)-1-ethoxy-1-oxopentan-2-yl]amino]propanoyl]-2,3,3a,4,5,6,7,7a-octahydroindole-2-carboxylic acid	IPVQLZZIHOAWMC-QXKUPLGCSA-N	30066022	-1	1	-0.0134498991257566	otoprotective
108018	N-chlorotaurine	2-(chloroamino)ethanesulfonic acid	NMMHHSLZJLPMEG-UHFFFAOYSA-N	14763579	-1	1	-0.0134498991257566	otoprotective
108042	Caffeic acid-phenethyl ester	2-phenylethyl 3-(3,4-dihydroxyphenyl)prop-2-enoate	SWUARLUWKZWEBQ-UHFFFAOYSA-N	24880922	-1	1	-0.0134498991257566	otoprotective
108107	Benzamil	3,5-diamino-N-(N'-benzylcarbamimidoyl)-6-chloropyrazine-2-carboxamide	KXDROGADUISDGY-UHFFFAOYSA-N	38718672, 33084473	-2	2	-0.0268997982515131	otoprotective
108130	Schisandrin b	3,4,5,19-tetramethoxy-9,10-dimethyl-15,17-dioxatetracyclo[10.7.0.02,7.014,18]nonadeca-1(19),2,4,6,12,14(18)-hexaene	RTZKSTLPRTWFEV-UHFFFAOYSA-N	38789064	-1	1	-0.0134498991257566	otoprotective
108143	Tamibarotene	4-[(5,5,8,8-tetramethyl-6,7-dihydronaphthalen-2-yl)carbamoyl]benzoic acid	MUTNCGKQJGXKEM-UHFFFAOYSA-N	31527426	-1	1	-0.0134498991257566	otoprotective
110635	Tadalafil	(2R,8R)-2-(1,3-benzodioxol-5-yl)-6-methyl-3,6,17-triazatetracyclo[8.7.0.03,8.011,16]heptadeca-1(10),11,13,15-tetraene-4,7-dione	WOXKDUGGOYFFRN-IIBYNOLFSA-N	40093470, 25629145, 33566468	3	3	0.0403496973772697	ototoxic
115067	Gastrodin	(2R,3S,4S,5R,6S)-2-(hydroxymethyl)-6-[4-(hydroxymethyl)phenoxy]oxane-3,4,5-triol	PUQSUZTXKPLAPR-UJPOAAIJSA-N	39264922	-1	1	-0.0134498991257566	otoprotective
115260	S-methylglutathione	(2S)-2-amino-5-[[(2R)-1-(carboxymethylamino)-3-methylsulfanyl-1-oxopropan-2-yl]amino]-5-oxopentanoic acid	QTQDDTSVRVWHMO-BQBZGAKWSA-N	12859137	-1	1	-0.0134498991257566	otoprotective
115358	Tafenoquine	4-N-[2,6-dimethoxy-4-methyl-5-[3-(trifluoromethyl)phenoxy]quinolin-8-yl]pentane-1,4-diamine	LBHLFPGPEGDCJG-UHFFFAOYSA-N	40188564	1	1	0.0134498991257566	ototoxic
119369	Mozavaptan	N-[4-[5-(dimethylamino)-2,3,4,5-tetrahydro-1-benzazepine-1-carbonyl]phenyl]-2-methylbenzamide	WRNXUQJJCIZICJ-UHFFFAOYSA-N	16781097	-1	1	-0.0134498991257566	otoprotective
121855	Calpain inhibitor ii	(2S)-2-acetamido-4-methyl-N-[(2S)-4-methyl-1-[[(2S)-4-methylsulfanyl-1-oxobutan-2-yl]amino]-1-oxopentan-2-yl]pentanamide	RJWLAIMXRBDUMH-ULQDDVLXSA-N	10629769	-1	1	-0.0134498991257566	otoprotective
121892	Retigabine	ethyl N-[2-amino-4-[(4-fluorophenyl)methylamino]phenyl]carbamate	PCOBBVZJEWWZFR-UHFFFAOYSA-N	25937133, 20935082	-2	2	-0.0268997982515131	otoprotective
122724	Celastrol	(2R,4aS,6aR,6aS,14aS,14bR)-10-hydroxy-2,4a,6a,6a,9,14a-hexamethyl-11-oxo-1,3,4,5,6,13,14,14b-octahydropicene-2-carboxylic acid	KQJSQWZMSAGSHN-JJWQIEBTSA-N	41462666, 21866174	-2	2	-0.0268997982515131	otoprotective
123807	Ccpa	(2R,3R,4S,5R)-2-[2-chloro-6-(cyclopentylamino)purin-9-yl]-5-(hydroxymethyl)oxolane-3,4-diol	XSMYYYQVWPZWIZ-IDTAVKCVSA-N	15081879, 22580201	-2	2	-0.0268997982515131	otoprotective
123865	Geneticin	(2R,3R,4R,5R)-2-[(1S,2S,3R,4S,6R)-4,6-diamino-3-[(2S,3R,4R,5S,6R)-3-amino-4,5-dihydroxy-6-[(1R)-1-hydroxyethyl]oxan-2-yl]oxy-2-hydroxycyclohexyl]oxy-5-methyl-4-(methylamino)oxane-3,5-diol	BRZYSWJRSDMWLG-DJWUNRQOSA-N	40342992, 35923755, 32658832, 31958945, 24319682	5	5	0.0672494956287828	ototoxic
123974	Dtxsid00926438	azane;cyclohexanamine;platinum(4+);diacetate;dichloride	CKNPWBAXEKSCRG-UHFFFAOYSA-J	16831070	1	1	0.0134498991257566	ototoxic
124886	Glutathione	(2S)-2-amino-5-[[(2R)-1-(carboxymethylamino)-1-oxo-3-sulfanylpropan-2-yl]amino]-5-oxopentanoic acid	RWSXRVCMGQZWBV-WDSKDSINSA-N	40564195, 27863638, 16014323, 12859137, 11781046, 10709968, 10360638, 10461057, 20654460, 9303151, 9017265, 8736049, 7959273, 7928740, 8233493, 8435364, 8261581, 9119753, 36935113, 11335071, 7928739, 8024767	-22	22	-0.295897780766644	otoprotective
126054	N-(2-aminoethyl)-2-(4-(2-(4-((9-((2r,3r,4s,5r)-3,4-dihydroxy-5-(hydroxymethyl)tetrahydrofuran-2-yl)-9h-purin-6-yl)amino)phenyl)acetamido)phenyl)acetamide	N-(2-aminoethyl)-2-[4-[[2-[4-[[9-[(2R,3R,4S,5R)-3,4-dihydroxy-5-(hydroxymethyl)oxolan-2-yl]purin-6-yl]amino]phenyl]acetyl]amino]phenyl]acetamide	JFRJCQJVFMHZOO-QZHHGCDDSA-N	31156393	-1	1	-0.0134498991257566	otoprotective
126941	Methotrexate	(2S)-2-[[4-[(2,4-diaminopteridin-6-yl)methyl-methylamino]benzoyl]amino]pentanedioic acid	FBOZXECLQNJBKD-ZDUSSCGKSA-N	37532243, 35353852, 12583842, 9760072	4	4	0.0537995965030262	ototoxic
129211	Tamsulosin	5-[(2R)-2-[2-(2-ethoxyphenoxy)ethylamino]propyl]-2-methoxybenzenesulfonamide	DRHKJLXJIQTDTD-OAHLLOKOSA-N	33566468	1	1	0.0134498991257566	ototoxic
129873	Mitometh	1-chloro-2-[2,2-dichloro-1-(4-chlorophenyl)propyl]benzene	MOTIYCLHZZLHHQ-UHFFFAOYSA-N	348089, 6539589	2	2	0.0268997982515131	ototoxic
131204	Dexpanthenol	(2R)-2,4-dihydroxy-N-(3-hydroxypropyl)-3,3-dimethylbutanamide	SNPLKNRPJHDVJA-ZETCQYMHSA-N	33632031, 26976021	-2	2	-0.0268997982515131	otoprotective
131682	Safinamide	(2S)-2-[[4-[(3-fluorophenyl)methoxy]phenyl]methylamino]propanamide	NEMGRZFTLSKBAP-LBPRGKRZSA-N	40512245	-1	1	-0.0134498991257566	otoprotective
132519	Ilomastat	(2R)-N'-hydroxy-N-[(2S)-3-(1H-indol-3-yl)-1-(methylamino)-1-oxopropan-2-yl]-2-(2-methylpropyl)butanediamide	NITYDPDXAAFEIT-DYVFJYSZSA-N	14520103	-1	1	-0.0134498991257566	otoprotective
132887	149759-96-6	(2S)-2-[[(2S)-2-[[(2S)-2-[[(2R)-2-amino-3-sulfanylpropyl]amino]-3-methylbutyl]amino]-3-phenylpropanoyl]amino]-4-methylsulfanylbutanoic acid	QISLMXIYRQCLIR-FUMNGEBKSA-N	14643769	-1	1	-0.0134498991257566	otoprotective
134085	7-oxo-1-azabicyclo[3.2.0]hept-2-ene-2-carboxylic acid	7-oxo-1-azabicyclo[3.2.0]hept-2-ene-2-carboxylic acid	BSIMZHVOQZIAOY-UHFFFAOYSA-N	40513684	1	1	0.0134498991257566	ototoxic
137994	Tanol		UZFMOKQJFYMBGY-UHFFFAOYSA-N	27869744, 29675997	-2	2	-0.0268997982515131	otoprotective
145815	D-glutamine	(2R)-2,5-diamino-5-oxopentanoic acid	ZDXPYRJPNDTMRX-GSVOUGTGSA-N	39127320	-1	1	-0.0134498991257566	otoprotective
146570	Escitalopram	(1S)-1-[3-(dimethylamino)propyl]-1-(4-fluorophenyl)-3H-2-benzofuran-5-carbonitrile	WSEQXVZVJXJVFP-FQEVSTJZSA-N	36133817	1	1	0.0134498991257566	ototoxic
147253	92614-59-0	(2S)-2-amino-5-[[(2R)-1-[(2-ethoxy-2-oxoethyl)amino]-1-oxo-3-sulfanylpropan-2-yl]amino]-5-oxopentanoic acid	JKRODHBGNBKZLE-YUMQZZPRSA-N	17071314, 8567412	-2	2	-0.0268997982515131	otoprotective
148124	Docetaxel	[(1S,2S,3R,4S,7R,9S,10S,12R,15S)-4-acetyloxy-1,9,12-trihydroxy-15-[(2R,3S)-2-hydroxy-3-[(2-methylpropan-2-yl)oxycarbonylamino]-3-phenylpropanoyl]oxy-10,14,17,17-tetramethyl-11-oxo-6-oxatetracyclo[11.3.1.03,10.04,7]heptadec-13-en-2-yl] benzoate	ZDZOTLJHXYCWBA-VCVYQWHSSA-N	33121320, 30697066	2	2	0.0268997982515131	ototoxic
148192	Atazanavir	methyl N-[(2S)-1-[2-[(2S,3S)-2-hydroxy-3-[[(2S)-2-(methoxycarbonylamino)-3,3-dimethylbutanoyl]amino]-4-phenylbutyl]-2-[(4-pyridin-2-ylphenyl)methyl]hydrazinyl]-3,3-dimethyl-1-oxobutan-2-yl]carbamate	AXRYRYVKAWYZBR-GASGPIRDSA-N	41355029	1	1	0.0134498991257566	ototoxic
149096	Levofloxacin	(2S)-7-fluoro-2-methyl-6-(4-methylpiperazin-1-yl)-10-oxo-4-oxa-1-azatricyclo[7.3.1.05,13]trideca-5(13),6,8,11-tetraene-11-carboxylic acid	GSDSWSVVBLHKDQ-JTQLQIEISA-N	8052802, 40005998	2	2	0.0268997982515131	ototoxic
150311	Ezetimibe	(3R,4S)-1-(4-fluorophenyl)-3-[(3S)-3-(4-fluorophenyl)-3-hydroxypropyl]-4-(4-hydroxyphenyl)azetidin-2-one	OLNTVTPDXPETLC-XPWALMASSA-N	39138615	-1	1	-0.0134498991257566	otoprotective
152946	Moxifloxacin	7-[(4aS,7aS)-1,2,3,4,4a,5,7,7a-octahydropyrrolo[3,4-b]pyridin-6-yl]-1-cyclopropyl-6-fluoro-8-methoxy-4-oxoquinoline-3-carboxylic acid	FABPRXSRWADJSP-MEDUHNTESA-N	18322423	1	1	0.0134498991257566	ototoxic
153921	Gadodiamide	2-[bis[2-[carboxylatomethyl-[2-(methylamino)-2-oxoethyl]amino]ethyl]amino]acetate;gadolinium(3+)	HZHFFEYYPYZMNU-UHFFFAOYSA-K	27315460	1	1	0.0134498991257566	ototoxic
154190	Mtba	4-(2-methyliminohydrazinyl)benzoic acid	BOCQEKBKBUOBCR-UHFFFAOYSA-N	10842591	-1	1	-0.0134498991257566	otoprotective
156391	Naproxen	(2S)-2-(6-methoxynaphthalen-2-yl)propanoic acid	CMWTZPSULFXXJA-VIFPVBQESA-N	9819544	1	1	0.0134498991257566	ototoxic
156414	Canertinib	N-[4-(3-chloro-4-fluoroanilino)-7-(3-morpholin-4-ylpropoxy)quinazolin-6-yl]prop-2-enamide	OMZCMEYTWSXEPZ-UHFFFAOYSA-N	26163095	1	1	0.0134498991257566	ototoxic
159278	Salidroside	(2R,3S,4S,5R,6R)-2-(hydroxymethyl)-6-[2-(4-hydroxyphenyl)ethoxy]oxane-3,4,5-triol	ILRCGYURZSFMEG-RKQHYHRCSA-N	38483863, 30991096	-2	2	-0.0268997982515131	otoprotective
160207	Glucarolactam	(2S,3R,4S,5R)-3,4,5-trihydroxy-6-oxopiperidine-2-carboxylic acid	YEWOHTVJCCDCCS-NTAGLIMJSA-N	2591298	-1	1	-0.0134498991257566	otoprotective
161464	Leonurine	4-(diaminomethylideneamino)butyl 4-hydroxy-3,5-dimethoxybenzoate	WNGSUWLDMZFYNZ-UHFFFAOYSA-N	40412772	-1	1	-0.0134498991257566	otoprotective
161557	Dihydromyricetin	(2R,3R)-3,5,7-trihydroxy-2-(3,4,5-trihydroxyphenyl)-2,3-dihydrochromen-4-one	KJXSIXMJHKAJOD-LSDHHAIUSA-N	32850822	-1	1	-0.0134498991257566	otoprotective
164676	Tanshinone iia	1,6,6-trimethyl-8,9-dihydro-7H-naphtho[1,2-g][1]benzofuran-10,11-dione	HYXITZLLTYIPOF-UHFFFAOYSA-N	39016116, 37503854, 33174043, 24137434	-4	4	-0.0537995965030262	otoprotective
165580	Paromomycin	(2S,3S,4R,5R,6R)-5-amino-2-(aminomethyl)-6-[(2R,3S,4R,5S)-5-[(1R,2R,3S,5R,6S)-3,5-diamino-2-[(2S,3R,4R,5S,6R)-3-amino-4,5-dihydroxy-6-(hydroxymethyl)oxan-2-yl]oxy-6-hydroxycyclohexyl]oxy-4-hydroxy-2-(hydroxymethyl)oxolan-3-yl]oxyoxane-3,4-diol	UOZODPSAJZTQNH-LSWIJEOBSA-N	40188564, 30787404, 19687236, 18653914, 17582067, 14681830, 10915767	7	7	0.0941492938802959	ototoxic
174003	Pinoresinol diglucoside	(2S,3R,4S,5S,6R)-2-[4-[(3S,3aR,6S,6aR)-6-[3-methoxy-4-[(2S,3R,4S,5S,6R)-3,4,5-trihydroxy-6-(hydroxymethyl)oxan-2-yl]oxyphenyl]-1,3,3a,4,6,6a-hexahydrofuro[3,4-c]furan-3-yl]-2-methoxyphenoxy]-6-(hydroxymethyl)oxane-3,4,5-triol	ZJSJQWDXAYNLNS-FUPWJLLWSA-N	40051392	-1	1	-0.0134498991257566	otoprotective
175702	Glutathione diethyl ester	ethyl (2S)-2-amino-5-[[(2R)-1-[(2-ethoxy-2-oxoethyl)amino]-1-oxo-3-sulfanylpropan-2-yl]amino]-5-oxopentanoate	IYXATRBAHYMOQL-UWVGGRQHSA-N	9303151	-1	1	-0.0134498991257566	otoprotective
175989	Arbekacin sulfate	(2S)-4-amino-N-[(1R,2S,3S,4R,5S)-5-amino-4-[(2R,3R,6S)-3-amino-6-(aminomethyl)oxan-2-yl]oxy-2-[(2S,3R,4S,5S,6R)-4-amino-3,5-dihydroxy-6-(hydroxymethyl)oxan-2-yl]oxy-3-hydroxycyclohexyl]-2-hydroxybutanamide;sulfuric acid	UTUVRPOLEMRKQC-XDJMXTNXSA-N	3499743	1	1	0.0134498991257566	ototoxic
176155	Sb-203580	4-[4-(4-fluorophenyl)-2-(4-methylsulfinylphenyl)-1H-imidazol-5-yl]pyridine	CDMGBJANTYXAIV-UHFFFAOYSA-N	24374476, 20036720	-2	2	-0.0268997982515131	otoprotective
176158	Sb 216763	3-(2,4-dichlorophenyl)-4-(1-methylindol-3-yl)pyrrole-2,5-dione	JCSGFHVFHSKIJH-UHFFFAOYSA-N	19666099	-1	1	-0.0134498991257566	otoprotective
176265	Gacyclidine	1-[(1R,2S)-2-methyl-1-thiophen-2-ylcyclohexyl]piperidine	DKFAAPPUYWQKKF-GOEBONIOSA-N	19847455	-1	1	-0.0134498991257566	otoprotective
180081	Dizocilpine	(1S,9R)-1-methyl-16-azatetracyclo[7.6.1.02,7.010,15]hexadeca-2,4,6,10,12,14-hexaene	LBOJYSIDWZQNJS-CVEARBPZSA-N	10327171	-1	1	-0.0134498991257566	otoprotective
182137	Esketamine	(2S)-2-(2-chlorophenyl)-2-(methylamino)cyclohexan-1-one	YQEZLKZALYSWHR-ZDUSSCGKSA-N	38166663	-1	1	-0.0134498991257566	otoprotective
186136	4-(2-aminoethyl)benzenesulfonyl fluoride hydrochloride	4-(2-aminoethyl)benzenesulfonyl fluoride;hydrochloride	WRDABNWSWOHGMS-UHFFFAOYSA-N	23886424	-1	1	-0.0134498991257566	otoprotective
196404	62622-76-8	4-amino-N-[5-amino-4-[3-amino-6-(aminomethyl)-4,5-dihydroxyoxan-2-yl]oxy-3-hydroxy-2-[3-hydroxy-6-methyl-4-(methylamino)oxan-2-yl]oxycyclohexyl]-2-hydroxybutanamide	OMOYNPXKYDLYFU-UHFFFAOYSA-N	7368947	1	1	0.0134498991257566	ototoxic
197162	Neomycin sulfate	(2R,3S,4R,5R,6R)-5-amino-2-(aminomethyl)-6-[(1R,2R,3S,4R,6S)-4,6-diamino-2-[(2S,3R,4S,5R)-4-[(2R,3R,4R,5S,6S)-3-amino-6-(aminomethyl)-4,5-dihydroxyoxan-2-yl]oxy-3-hydroxy-5-(hydroxymethyl)oxolan-2-yl]oxy-3-hydroxycyclohexyl]oxyoxane-3,4-diol;sulfuric acid	OIXVKQDWLFHVGR-WQDIDPJDSA-N	38950479, 27773647, 18440073, 11589975, 11549711, 11520632, 9553969, 9387991, 7551886, 1938628, 1880082, 3372368, 7142045, 577287, 17416529, 7094972	16	16	0.215198386012105	ototoxic
203443	2-deoxystreptamine	(1S,3R,4S,6R)-4,6-diaminocyclohexane-1,2,3-triol	DTFAJAKTSMLKAT-KFJBKXNJSA-N	17416529	1	1	0.0134498991257566	ototoxic
208901	Tesaglitazar	(2S)-2-ethoxy-3-[4-[2-(4-methylsulfonyloxyphenyl)ethoxy]phenyl]propanoic acid	CXGTZJYQWSUFET-IBGZPJMESA-N	29182629	-1	1	-0.0134498991257566	otoprotective
208908	Lapatinib	N-[3-chloro-4-[(3-fluorophenyl)methoxy]phenyl]-6-[5-[(2-methylsulfonylethylamino)methyl]furan-2-yl]quinazolin-4-amine	BCFGMOOMADDAQU-UHFFFAOYSA-N	26915151	1	1	0.0134498991257566	ototoxic
214348	Deferasirox	4-[3,5-bis(2-hydroxyphenyl)-1,2,4-triazol-1-yl]benzoic acid	BOFQWVMAQOTZIW-UHFFFAOYSA-N	39677049, 37903661, 26670754, 25051423	4	4	0.0537995965030262	ototoxic
216239	Sorafenib	4-[4-[[4-chloro-3-(trifluoromethyl)phenyl]carbamoylamino]phenoxy]-N-methylpyridine-2-carboxamide	MLDQJTXFUGDVEO-UHFFFAOYSA-N	29033791	-1	1	-0.0134498991257566	otoprotective
252325	Trans-beta-methylstyrene	[(E)-prop-1-enyl]benzene	QROGIFZRVHSFLM-QHHAFSJGSA-N	15660228	1	1	0.0134498991257566	ototoxic
253602	Anisomycin	[(2R,3S,4S)-4-hydroxy-2-[(4-methoxyphenyl)methyl]pyrrolidin-3-yl] acetate	YKJYKKNCCRKFSL-RDBSUJKOSA-N	33887477	1	1	0.0134498991257566	ototoxic
262097	Dunnione	2,3,3-trimethyl-2H-benzo[g][1]benzofuran-4,5-dione	WGENOABUKBFVAA-UHFFFAOYSA-N	26341473, 26498527	-2	2	-0.0268997982515131	otoprotective
275182	Berbamine	(1S,14R)-20,21,25-trimethoxy-15,30-dimethyl-7,23-dioxa-15,30-diazaheptacyclo[22.6.2.23,6.18,12.114,18.027,31.022,33]hexatriaconta-3(36),4,6(35),8,10,12(34),18,20,22(33),24,26,31-dodecaen-9-ol	DFOCUWZXJBAUSQ-URLMMPGGSA-N	32848624, 28928635, 27065807	-3	3	-0.0403496973772697	otoprotective
320760	Cyclodextrin	5,10,15,20,25,30-hexakis(hydroxymethyl)-2,4,7,9,12,14,17,19,22,24,27,29-dodecaoxaheptacyclo[26.2.2.23,6.28,11.213,16.218,21.223,26]dotetracontane-31,32,33,34,35,36,37,38,39,40,41,42-dodecol	HFHDHCJBZVLPGP-UHFFFAOYSA-N	40636110	1	1	0.0134498991257566	ototoxic
344265	2-(1,3-dioxo-1,3-dihydro-2h-isoindol-2-yl)-3-(1h-indol-3-yl)propanoic acid	2-(1,3-dioxoisoindol-2-yl)-3-(1H-indol-3-yl)propanoic acid	HPTXLHAHLXOAKV-UHFFFAOYSA-N	37088824, 35530135	-2	2	-0.0268997982515131	otoprotective
387447	Bortezomib	[(1R)-3-methyl-1-[[(2S)-3-phenyl-2-(pyrazine-2-carbonylamino)propanoyl]amino]butyl]boronic acid	GXJABQQUPOEUTA-RDJZCZTQSA-N	39015638	1	1	0.0134498991257566	ototoxic
392622	Ritonavir	1,3-thiazol-5-ylmethyl N-[(2S,3S,5S)-3-hydroxy-5-[[(2S)-3-methyl-2-[[methyl-[(2-propan-2-yl-1,3-thiazol-4-yl)methyl]carbamoyl]amino]butanoyl]amino]-1,6-diphenylhexan-2-yl]carbamate	NCDNCNXCDXHOMX-XGKFQTDJSA-N	36090793, 24487230	2	2	0.0268997982515131	ototoxic
409301	Methylmercury chloride	chloro(methyl)mercury	BABMCXWQNSQAOC-UHFFFAOYSA-M	9349862	1	1	0.0134498991257566	ototoxic
410087	Povidone iodine	1-ethenylpyrrolidin-2-one;molecular iodine	CPKVUHPKYQGHMW-UHFFFAOYSA-N	34345476	-1	1	-0.0134498991257566	otoprotective
425400	Vitamin e acid succinate	4-oxo-4-[[2,5,7,8-tetramethyl-2-(4,8,12-trimethyltridecyl)-3,4-dihydrochromen-6-yl]oxy]butanoic acid	IELOKBJPULMYRW-UHFFFAOYSA-N	10709968	-1	1	-0.0134498991257566	otoprotective
433294	Lithium chloride	lithium chloride	KWGKDLIKAYFUFQ-UHFFFAOYSA-M	39881873, 39608515, 19666099, 9834971	-4	4	-0.0537995965030262	otoprotective
439196	Dithiothreitol	(2R,3R)-1,4-bis(sulfanyl)butane-2,3-diol	VHJLVAABSRFDPM-IMJSIDKUSA-N	15464296	-1	1	-0.0134498991257566	otoprotective
439208	Hs2o3-	hydroxy-oxido-oxo-sulfanylidene-lambda6-sulfane	DHCDFWKWKRSZHF-UHFFFAOYSA-M	21533919, 18607994, 17060685	-3	3	-0.0403496973772697	otoprotective
439224	L-carnosine	(2S)-2-(3-aminopropanoylamino)-3-(1H-imidazol-5-yl)propanoic acid	CQOVPNPJLQNMDC-ZETCQYMHSA-N	15665945	-1	1	-0.0134498991257566	otoprotective
439246	Naringenin	(2S)-5,7-dihydroxy-2-(4-hydroxyphenyl)-2,3-dihydrochromen-4-one	FTVWIRXFELQLPI-ZDUSSCGKSA-N	28802382	-1	1	-0.0134498991257566	otoprotective
439302	Oxytocin	(2S)-1-[(4R,7S,10S,13S,16S,19R)-19-amino-7-(2-amino-2-oxoethyl)-10-(3-amino-3-oxopropyl)-13-[(2S)-butan-2-yl]-16-[(4-hydroxyphenyl)methyl]-6,9,12,15,18-pentaoxo-1,2-dithia-5,8,11,14,17-pentazacycloicosane-4-carbonyl]-N-[(2S)-1-[(2-amino-2-oxoethyl)amino]-4-methyl-1-oxopentan-2-yl]pyrrolidine-2-carboxamide	XNOPRXBHLZRZKH-DSZYJQQASA-N	39130317, 26865281, 25025411	-1	3	-0.0134498991257566	otoprotective
439318	Bekanamycin	(2R,3S,4R,5R,6R)-5-amino-2-(aminomethyl)-6-[(1R,2S,3S,4R,6S)-4,6-diamino-3-[(2S,3R,4S,5S,6R)-4-amino-3,5-dihydroxy-6-(hydroxymethyl)oxan-2-yl]oxy-2-hydroxycyclohexyl]oxyoxane-3,4-diol	SKKLOUVUUNMCJE-FQSMHNGLSA-N	3610836, 3564930	2	2	0.0268997982515131	ototoxic
439352	Dithioerythritol	(2R,3S)-1,4-bis(sulfanyl)butane-2,3-diol	VHJLVAABSRFDPM-ZXZARUISSA-N	7928739	-1	1	-0.0134498991257566	otoprotective
439369	Abiocine	2-[(1R,2R,3S,4R,5R,6S)-3-(diaminomethylideneamino)-4-[(2R,3R,4R,5S)-3-[(2S,3S,4S,5R,6S)-4,5-dihydroxy-6-(hydroxymethyl)-3-(methylamino)oxan-2-yl]oxy-4-hydroxy-4-(hydroxymethyl)-5-methyloxolan-2-yl]oxy-2,5,6-trihydroxycyclohexyl]guanidine	ASXBYYWOLISCLQ-HZYVHMACSA-N	10490915, 7514588, 11894776, 2436117, 6174496, 474119, 89779, 65898, 18732406, 8735075, 82507	11	11	0.147948890383322	ototoxic
439501	Ouabain	3-[(1R,3S,5S,8R,9S,10R,11R,13R,14S,17R)-1,5,11,14-tetrahydroxy-10-(hydroxymethyl)-13-methyl-3-[(2R,3R,4R,5R,6S)-3,4,5-trihydroxy-6-methyloxan-2-yl]oxy-2,3,4,6,7,8,9,11,12,15,16,17-dodecahydro-1H-cyclopenta[a]phenanthren-17-yl]-2H-furan-5-one	LPMXVESGRSUGHW-HBYQJFLCSA-N	40645324, 35356976, 10994434, 16805979	4	4	0.0537995965030262	ototoxic
439533	Taxifolin	(2R,3R)-2-(3,4-dihydroxyphenyl)-3,5,7-trihydroxy-2,3-dihydrochromen-4-one	CXQWRCVTCMQVQX-LSDHHAIUSA-N	35286283	-1	1	-0.0134498991257566	otoprotective
440473	L-mimosine	(2S)-2-amino-3-(3-hydroxy-4-oxo-1-pyridinyl)propanoic acid	WZNJWVWKTVETCG-YFKPBYRVSA-N	32720645	-1	1	-0.0134498991257566	otoprotective
441203	Trans-platin	azane;dichloroplatinum(2+)	BSJGASKRWFKGMV-UHFFFAOYSA-L	20654460, 9039483	2	2	0.0268997982515131	ototoxic
441289	Pancuronium	[(2S,3S,5S,8R,9S,10S,13S,14S,16S,17R)-17-acetyloxy-10,13-dimethyl-2,16-bis(1-methylpiperidin-1-ium-1-yl)-2,3,4,5,6,7,8,9,11,12,14,15,16,17-tetradecahydro-1H-cyclopenta[a]phenanthren-3-yl] acetate	GVEAYVLWDAFXET-XGHATYIMSA-N	31593579	1	1	0.0134498991257566	ototoxic
441300	Abacavir	[(1S,4R)-4-[2-amino-6-(cyclopropylamino)purin-9-yl]cyclopent-2-en-1-yl]methanol	MCGSCOLBFJQGHM-SCZZXKLOSA-N	24487230, 26604812	2	2	0.0268997982515131	ototoxic
441306	Netilmicin	(2R,3R,4R,5R)-2-[(1S,2S,3R,4S,6R)-4-amino-3-[[(2S,3R)-3-amino-6-(aminomethyl)-3,4-dihydro-2H-pyran-2-yl]oxy]-6-(ethylamino)-2-hydroxycyclohexyl]oxy-5-methyl-4-(methylamino)oxane-3,5-diol	CIDUJQMULVCIBT-MQDUPKMGSA-N	30513738, 24147358, 15831617, 16028643, 15231982, 12235923, 9626861, 18611729, 8623702, 8681976, 8626261, 7634515, 7521830, 8056701, 8233484, 1399929, 1510446, 1411317, 1856146, 2375861, 2311443, 2307024, 2307023, 2287773, 2108113, 2689137, 2658582, 2708843, 3053555, 3335097, 3657309, 3038190, 3617152, 3616496, 3777905, 3489440, 3486750, 3485932, 3975915, 3982812, 3885674, 6487373, 6479502, 6701104, 6487176, 6365884, 6365881, 6365878, 6361701, 6637512, 6630105, 6613554, 6881461, 6337803, 6352035, 7159067, 7158707, 6983809, 7105827, 6760967, 6931321, 6994638, 6992711, 7438970, 7425946, 7010547, 6970983, 6970982, 6970981, 6937967, 6937966, 6937964, 503379, 438542, 373439, 761144, 485941, 666303, 348092, 357230, 1017880, 18648019, 12833591, 2393560, 2069370, 17010622, 2097713, 3487910, 3487305	89	89	1.19704102219233	ototoxic
441374	Kanamycin a sulfate	(2R,3S,4S,5R,6R)-2-(aminomethyl)-6-[(1R,2R,3S,4R,6S)-4,6-diamino-3-[(2S,3R,4S,5S,6R)-4-amino-3,5-dihydroxy-6-(hydroxymethyl)oxan-2-yl]oxy-2-hydroxycyclohexyl]oxyoxane-3,4,5-triol;sulfuric acid	OOYGSFOGFJDDHP-KMCOLRRFSA-N	30981948, 26692870, 22189415, 17387707, 16525832, 12875913, 12810465, 8880186, 3304088, 6882279, 6801580, 6259113, 7469897, 7469887, 875572	15	15	0.201748486886348	ototoxic
441401	Linezolid	N-[[(5S)-3-(3-fluoro-4-morpholin-4-ylphenyl)-2-oxo-1,3-oxazolidin-5-yl]methyl]acetamide	TYZROVQLWOKYKF-ZDUSSCGKSA-N	41219953, 40821684, 32703777	1	3	0.0134498991257566	ototoxic
441923	Ginsenoside rg1	(2R,3R,4S,5S,6R)-2-[[(3S,5R,6S,8R,9R,10R,12R,13R,14R,17S)-3,12-dihydroxy-4,4,8,10,14-pentamethyl-17-[(2S)-6-methyl-2-[(2S,3R,4S,5S,6R)-3,4,5-trihydroxy-6-(hydroxymethyl)oxan-2-yl]oxyhept-5-en-2-yl]-2,3,5,6,7,9,11,12,13,15,16,17-dodecahydro-1H-cyclopenta[a]phenanthren-6-yl]oxy]-6-(hydroxymethyl)oxane-3,4,5-triol	YURJSTAIMNSZAE-HHNZYBFYSA-N	21541943	-1	1	-0.0134498991257566	otoprotective
441934	Notoginsenoside r1	(2S,3R,4S,5S,6R)-2-[(2S)-2-[(3S,5R,6S,8R,9R,10R,12R,13R,14R,17S)-6-[(2R,3R,4S,5S,6R)-4,5-dihydroxy-6-(hydroxymethyl)-3-[(2S,3R,4S,5R)-3,4,5-trihydroxyoxan-2-yl]oxyoxan-2-yl]oxy-3,12-dihydroxy-4,4,8,10,14-pentamethyl-2,3,5,6,7,9,11,12,13,15,16,17-dodecahydro-1H-cyclopenta[a]phenanthren-17-yl]-6-methylhept-5-en-2-yl]oxy-6-(hydroxymethyl)oxane-3,4,5-triol	LLPWNQMSUYAGQI-OOSPGMBYSA-N	39518996	-1	1	-0.0134498991257566	otoprotective
442424	Genipin	methyl (1R,4aS,7aS)-1-hydroxy-7-(hydroxymethyl)-1,4a,5,7a-tetrahydrocyclopenta[c]pyran-4-carboxylate	AZKVWQKMDGGDSV-BCMRRPTOSA-N	28738532	-1	1	-0.0134498991257566	otoprotective
442428	Naringin	(2S)-7-[(2S,3R,4S,5S,6R)-4,5-dihydroxy-6-(hydroxymethyl)-3-[(2S,3R,4R,5R,6S)-3,4,5-trihydroxy-6-methyloxan-2-yl]oxyoxan-2-yl]oxy-5-hydroxy-2-(4-hydroxyphenyl)-2,3-dihydrochromen-4-one	DFPMSGMNTNDNHN-ZPHOTFPESA-N	38419883, 33274582	-2	2	-0.0268997982515131	otoprotective
442534	Paeoniflorin	[(1R,2S,3R,5R,6R,8S)-6-hydroxy-8-methyl-3-[(2S,3R,4S,5S,6R)-3,4,5-trihydroxy-6-(hydroxymethyl)oxan-2-yl]oxy-9,10-dioxatetracyclo[4.3.1.02,5.03,8]decan-2-yl]methyl benzoate	YKRGDOXKVOZESV-WRJNSLSBSA-N	40374000, 31207045, 29292089	-3	3	-0.0403496973772697	otoprotective
443118	110044-82-1	(2S)-2-acetamido-4-methyl-N-[(2S)-4-methyl-1-oxo-1-[[(2S)-1-oxohexan-2-yl]amino]pentan-2-yl]pentanamide	FMYKJLXRRQTBOR-BZSNNMDCSA-N	10629769	-1	1	-0.0134498991257566	otoprotective
443879	Tolterodine	2-[(1R)-3-[di(propan-2-yl)amino]-1-phenylpropyl]-4-methylphenol	OOGJQPCLVADCPB-HXUWFJFHSA-N	33566468	1	1	0.0134498991257566	ototoxic
443944	Metrizamide	3-acetamido-5-[acetyl(methyl)amino]-2,4,6-triiodo-N-[(3R,4R,5S,6R)-2,4,5-trihydroxy-6-(hydroxymethyl)oxan-3-yl]benzamide	BAQCROVBDNBEEB-UBYUBLNFSA-N	6501380	1	1	0.0134498991257566	ototoxic
443955	Vinpocetine	ethyl (15S,19S)-15-ethyl-1,11-diazapentacyclo[9.6.2.02,7.08,18.015,19]nonadeca-2,4,6,8(18),16-pentaene-17-carboxylate	DDNCQMVWWZOMLN-IRLDBZIGSA-N	10854574, 8456203	-2	2	-0.0268997982515131	otoprotective
444036	Fluticasone propionate	[(6S,8S,9R,10S,11S,13S,14S,16R,17R)-6,9-difluoro-17-(fluoromethylsulfanylcarbonyl)-11-hydroxy-10,13,16-trimethyl-3-oxo-6,7,8,11,12,14,15,16-octahydrocyclopenta[a]phenanthren-17-yl] propanoate	WMWTYOKRWGGJOA-CENSZEJFSA-N	30913504	-1	1	-0.0134498991257566	otoprotective
444266	Maleic acid	(Z)-but-2-enedioic acid	VZCYOOQTPOCHFL-UPHRSURJSA-N	9875724	-1	1	-0.0134498991257566	otoprotective
444305	L-tartaric acid	(2R,3R)-2,3-dihydroxybutanedioic acid	FEWJPZIEWOKRBE-JCYAYHJZSA-N	9875724	-1	1	-0.0134498991257566	otoprotective
444732	Trichostatin a	(2E,4E,6R)-7-[4-(dimethylamino)phenyl]-N-hydroxy-4,6-dimethyl-7-oxohepta-2,4-dienamide	RTKIYFITIVXBLE-QEQCGCAPSA-N	27704212, 26080623, 23558232, 19141081	-4	4	-0.0537995965030262	otoprotective
444795	Retinoic acid	(2E,4E,6E,8E)-3,7-dimethyl-9-(2,6,6-trimethylcyclohexen-1-yl)nona-2,4,6,8-tetraenoic acid	SHGAZHPCJJPHSC-YCNIQYBTSA-N	35781072, 34199197, 27631653, 10216172, 9581394, 30640074, 31527426	-7	7	-0.0941492938802959	otoprotective
444913	Alpha-cyclodextrin	(1S,3R,5R,6S,8R,10R,11S,13R,15R,16S,18R,20R,21S,23R,25R,26S,28R,30R,31R,32R,33R,34R,35R,36R,37R,38R,39R,40R,41R,42R)-5,10,15,20,25,30-hexakis(hydroxymethyl)-2,4,7,9,12,14,17,19,22,24,27,29-dodecaoxaheptacyclo[26.2.2.23,6.28,11.213,16.218,21.223,26]dotetracontane-31,32,33,34,35,36,37,38,39,40,41,42-dodecol	HFHDHCJBZVLPGP-RWMJIURBSA-N	29965997	-1	1	-0.0134498991257566	otoprotective
445154	Resveratrol	5-[(E)-2-(4-hydroxyphenyl)ethenyl]benzene-1,3-diol	LUKBXSAWLPMMSZ-OWOJBTEDSA-N	40969893, 39314173, 40351440, 39844419, 38917526, 39130317, 37523980, 35658237, 34077275, 33374326, 31531774, 30284252, 29304389, 27810846, 25434479, 24816150, 23900991, 23001434, 22186767, 22261612, 18833534	-21	21	-0.282447881640888	otoprotective
445354	Retinol	(2E,4E,6E,8E)-3,7-dimethyl-9-(2,6,6-trimethylcyclohexen-1-yl)nona-2,4,6,8-tetraen-1-ol	FPIPGXGPPPQFEQ-OVSJKPMPSA-N	27095551, 36126750	-2	2	-0.0268997982515131	otoprotective
445643	Tacrolimus	(1R,9S,12S,13R,14S,17R,18E,21S,23S,24R,25S,27R)-1,14-dihydroxy-12-[(E)-1-[(1R,3R,4R)-4-hydroxy-3-methoxycyclohexyl]prop-1-en-2-yl]-23,25-dimethoxy-13,19,21,27-tetramethyl-17-prop-2-enyl-11,28-dioxa-4-azatricyclo[22.3.1.04,9]octacos-18-ene-2,3,10,16-tetrone	QJJXYPPXXYFBGM-LFZNUXCKSA-N	35418366, 29969081, 22320124, 15919504	2	4	0.0268997982515131	ototoxic
445858	Ferulic acid	(E)-3-(4-hydroxy-3-methoxyphenyl)prop-2-enoic acid	KSEBMYQBYZTDHS-HWKANZROSA-N	40563254, 36367326, 31974389, 30753979, 20600667	-5	5	-0.0672494956287828	otoprotective
446157	Rosuvastatin	(E,3R,5S)-7-[4-(4-fluorophenyl)-2-[methyl(methylsulfonyl)amino]-6-propan-2-ylpyrimidin-5-yl]-3,5-dihydroxyhept-6-enoic acid	BPRHUIZQVSMCRT-VEUZHWNKSA-N	41401640	-1	1	-0.0134498991257566	otoprotective
446220	Cocaine	methyl (1R,2R,3S,5S)-3-benzoyloxy-8-methyl-8-azabicyclo[3.2.1]octane-2-carboxylate	ZPUCINDJVBIVPJ-LJISPDSOSA-N	35238644	1	1	0.0134498991257566	ototoxic
446596	Mupirocin	9-[(E)-4-[(2S,3R,4R,5S)-3,4-dihydroxy-5-[[(2S,3S)-3-[(2S,3S)-3-hydroxybutan-2-yl]oxiran-2-yl]methyl]oxan-2-yl]-3-methylbut-2-enoyl]oxynonanoic acid	MINDHVHHQZYEEK-HBBNESRFSA-N	18665032	-1	1	-0.0134498991257566	otoprotective
446598	Clindamycin	(2S,4R)-N-[(1S,2S)-2-chloro-1-[(2R,3R,4S,5R,6R)-3,4,5-trihydroxy-6-methylsulfanyloxan-2-yl]propyl]-1-methyl-4-propylpyrrolidine-2-carboxamide	KDLRVYVGXIQJDK-AWPVFWJPSA-N	8091248	1	1	0.0134498991257566	ototoxic
446925	Lycopene	(6E,8E,10E,12E,14E,16E,18E,20E,22E,24E,26E)-2,6,10,14,19,23,27,31-octamethyldotriaconta-2,6,8,10,12,14,16,18,20,22,24,26,30-tridecaene	OAIJSZIZWZSQBC-GYZMGTAESA-N	39140499, 28639555, 25551925, 23358585	-4	4	-0.0537995965030262	otoprotective
446987	Fosfomycin	[(2R,3S)-3-methyloxiran-2-yl]phosphonic acid	YMDXZJFXQJVXBF-STHAYSLISA-N	15463841, 10892700, 10828794, 10443830, 9374173, 8464301, 8456203, 1742183, 2153024, 2921087, 3747696, 4047624, 3969267, 6529372	-14	14	-0.188298587760592	otoprotective
447043	Azithromycin	(2R,3S,4R,5R,8R,10R,11R,12S,13S,14R)-11-[(2S,3R,4S,6R)-4-(dimethylamino)-3-hydroxy-6-methyloxan-2-yl]oxy-2-ethyl-3,4,10-trihydroxy-13-[(2R,4R,5S,6S)-5-hydroxy-4-methoxy-4,6-dimethyloxan-2-yl]oxy-3,5,6,8,10,12,14-heptamethyl-1-oxa-6-azacyclopentadecan-15-one	MQTOSJVFKKJCRP-BICOPXKESA-N	38515847, 35645195, 33491234, 33767665, 20479380, 11535141, 10778901, 10030778, 28479141, 17963663	8	10	0.107599193006052	ototoxic
447420	C1p	N-[(2S)-1-[[(2S,3S)-1-(benzenesulfonyl)-5-phenyl-2-sulfanylpentan-3-yl]amino]-4-methyl-1-oxopentan-2-yl]morpholine-4-carboxamide	VZAYVVYJFMQXRQ-KKUQBAQOSA-N	29766830	-1	1	-0.0134498991257566	otoprotective
448042	Ximelegatran	4-[(1R)-1-aminoethyl]-N-pyridin-4-ylcyclohexane-1-carboxamide	IYOZTVGMEWJPKR-VOMCLLRMSA-N	38849049	-1	1	-0.0134498991257566	otoprotective
448601	Octreotide	(4R,7S,10S,13R,16S,19R)-10-(4-aminobutyl)-19-[[(2R)-2-amino-3-phenylpropanoyl]amino]-16-benzyl-N-[(2R,3R)-1,3-dihydroxybutan-2-yl]-7-[(1R)-1-hydroxyethyl]-13-(1H-indol-3-ylmethyl)-6,9,12,15,18-pentaoxo-1,2-dithia-5,8,11,14,17-pentazacycloicosane-4-carboxamide	DEQANNDTNATYII-OULOTJBUSA-N	25268135	-1	1	-0.0134498991257566	otoprotective
449209	Compound 19	(2S,3R)-3-(4-hydroxyphenyl)-2-[4-[(2R)-2-pyrrolidin-1-ylpropoxy]phenyl]-2,3-dihydro-1,4-benzoxathiin-6-ol	UZOOIPXOYYJULJ-BLIZRMSTSA-N	39881873	-1	1	-0.0134498991257566	otoprotective
452548	Teniposide	(5S,5aR,8aR,9R)-5-[[(2R,4aR,6R,7R,8R,8aS)-7,8-dihydroxy-2-thiophen-2-yl-4,4a,6,7,8,8a-hexahydropyrano[3,2-d][1,3]dioxin-6-yl]oxy]-9-(4-hydroxy-3,5-dimethoxyphenyl)-5a,6,8a,9-tetrahydro-5H-[2]benzofuro[6,5-f][1,3]benzodioxol-8-one	NRUKOCRGYNPUPR-QBPJDGROSA-N	32269613	1	1	0.0134498991257566	ototoxic
457193	Dactinomycin	2-amino-4,6-dimethyl-3-oxo-1-N,9-N-bis[(3R,6S,7R,10S,16S)-7,11,14-trimethyl-2,5,9,12,15-pentaoxo-3,10-di(propan-2-yl)-8-oxa-1,4,11,14-tetrazabicyclo[14.3.0]nonadecan-6-yl]phenoxazine-1,9-dicarboxamide	RJURFGZVJUQBHK-IIXSONLDSA-N	32464263	1	1	0.0134498991257566	ototoxic
457825	Isotetrandrine	(1S,14R)-9,20,21,25-tetramethoxy-15,30-dimethyl-7,23-dioxa-15,30-diazaheptacyclo[22.6.2.23,6.18,12.114,18.027,31.022,33]hexatriaconta-3(36),4,6(35),8,10,12(34),18,20,22(33),24,26,31-dodecaene	WVTKBKWTSCPRNU-XZWHSSHBSA-N	27065807	-1	1	-0.0134498991257566	otoprotective
460612	Melphalan	(2S)-2-amino-3-[4-[bis(2-chloroethyl)amino]phenyl]propanoic acid	SGDBTWWWUNNDEQ-LBPRGKRZSA-N	17698804	1	1	0.0134498991257566	ototoxic
464205	Tenofovir	[(2R)-1-(6-aminopurin-9-yl)propan-2-yl]oxymethylphosphonic acid	SGOIRFVFHAKUTI-ZCFIWIBFSA-N	24487230, 26604812	2	2	0.0268997982515131	ototoxic
470999	Dibekacin	(2S,3R,4S,5S,6R)-4-amino-2-[(1S,2S,3R,4S,6R)-4,6-diamino-3-[(2R,3R,6S)-3-amino-6-(aminomethyl)oxan-2-yl]oxy-2-hydroxycyclohexyl]oxy-6-(hydroxymethyl)oxane-3,5-diol	JJCQSGDBDPYCEO-XVZSLQNASA-N	2311443, 3814212, 3982812, 3969267, 6529372, 6637512, 6586053, 7159300, 7099580, 3487910, 3487305, 6602100, 6616524	13	13	0.174848688634835	ototoxic
492405	Favipiravir	5-fluoro-2-oxo-1H-pyrazine-3-carboxamide	ZCGNOVWYSGBHAU-UHFFFAOYSA-N	35645195	1	1	0.0134498991257566	ototoxic
493570	Riboflavin	7,8-dimethyl-10-[(2S,3S,4R)-2,3,4,5-tetrahydroxypentyl]benzo[g]pteridine-2,4-dione	AUNGANRZJHBGPY-SCRDCRAPSA-N	32894392	-1	1	-0.0134498991257566	otoprotective
494164	Arc	4-amino-7-[(2R,3R,4S,5R)-3,4-dihydroxy-5-(hydroxymethyl)oxolan-2-yl]-6-hydrazinylpyrrolo[2,3-d]pyrimidine-5-carboxamide	XCAQHWQRKUEFKS-OHOOMVFDSA-N	39667535	-1	1	-0.0134498991257566	otoprotective
533728	148-18-5	sodium N,N-diethylcarbamodithioate	IOEJYZSZYUROLN-UHFFFAOYSA-M	31866182, 31160205, 10842591, 2836565	-4	4	-0.0537995965030262	otoprotective
636364	Dibekacin sulfate	(2S,3R,4S,5S,6R)-4-amino-2-[(1S,2S,3R,4S,6R)-4,6-diamino-3-[(2R,3R,6S)-3-amino-6-(aminomethyl)oxan-2-yl]oxy-2-hydroxycyclohexyl]oxy-6-(hydroxymethyl)oxane-3,5-diol;sulfuric acid	GXKUKBCVZHBTJW-USXQJGOZSA-N	3499743, 6146501	2	2	0.0268997982515131	ototoxic
636375	Isepamicin sulfate	(2S)-3-amino-N-[(1R,2S,3S,4R,5S)-5-amino-4-[(2R,3R,4S,5S,6R)-6-(aminomethyl)-3,4,5-trihydroxyoxan-2-yl]oxy-2-[(2R,3R,4R,5R)-3,5-dihydroxy-5-methyl-4-(methylamino)oxan-2-yl]oxy-3-hydroxycyclohexyl]-2-hydroxypropanamide;sulfuric acid	DDXRHRXGIWOVDQ-MGAUJLSLSA-N	9579362	1	1	0.0134498991257566	ototoxic
636396	Bekanamycin sulfate	(2R,3S,4R,5R,6R)-5-amino-2-(aminomethyl)-6-[(1R,2S,3S,4R,6S)-4,6-diamino-3-[(2S,3R,4S,5S,6R)-4-amino-3,5-dihydroxy-6-(hydroxymethyl)oxan-2-yl]oxy-2-hydroxycyclohexyl]oxyoxane-3,4-diol;sulfuric acid	YGTPKDKJVZOVCO-KELBJJLKSA-N	89779	1	1	0.0134498991257566	ototoxic
636403	Carbenoxolone	(2S,4aS,6aR,6aS,6bR,8aR,10S,12aS,14bR)-10-(3-carboxypropanoyloxy)-2,4a,6a,6b,9,9,12a-heptamethyl-13-oxo-3,4,5,6,6a,7,8,8a,10,11,12,14b-dodecahydro-1H-picene-2-carboxylic acid	OBZHEBDUNPOCJG-WBXJDKIVSA-N	32393745, 27122099, 35730503	-3	3	-0.0403496973772697	otoprotective
637566	Geraniol	(2E)-3,7-dimethylocta-2,6-dien-1-ol	GLZPCOQZEFWAFX-JXMROGBWSA-N	32885073	-1	1	-0.0134498991257566	otoprotective
637858	Piperlongumine	1-[(E)-3-(3,4,5-trimethoxyphenyl)prop-2-enoyl]-2,3-dihydropyridin-6-one	VABYUUZNAVQNPG-BQYQJAHWSA-N	39110778	-1	1	-0.0134498991257566	otoprotective
637921	Crotononitrile	(E)-but-2-enenitrile	NKKMVIVFRUYPLQ-NSCUHMNNSA-N	16150883	1	1	0.0134498991257566	ototoxic
638024	Piperine	(2E,4E)-5-(1,3-benzodioxol-5-yl)-1-piperidin-1-ylpenta-2,4-dien-1-one	MXXWOMGUGJBKIW-YPCIICBESA-N	17418561	-1	1	-0.0134498991257566	otoprotective
638186	Trans-1,2-dichloroethylene	(E)-1,2-dichloroethene	KFUSEUYYWQURPO-OWOJBTEDSA-N	35295154, 23749193	-2	2	-0.0268997982515131	otoprotective
638278	Isoliquiritigenin	(E)-1-(2,4-dihydroxyphenyl)-3-(4-hydroxyphenyl)prop-2-en-1-one	DXDRHHKMWQZJHT-FPYGCLRLSA-N	41046947	-1	1	-0.0134498991257566	otoprotective
638877	N-tert-butyl-alpha-phenylnitrone	N-tert-butyl-1-phenylmethanimine oxide	IYSYLWYGCWTJSG-XFXZXTDPSA-N	10964763	-1	1	-0.0134498991257566	otoprotective
643774	Crotononitrile, (z)-	(Z)-but-2-enenitrile	NKKMVIVFRUYPLQ-IHWYPQMZSA-N	23749193, 17159233, 16150883	3	3	0.0403496973772697	ototoxic
656604	Bucillamine	(2R)-2-[(2-methyl-2-sulfanylpropanoyl)amino]-3-sulfanylpropanoic acid	VUAFHZCUKUDDBC-BYPYZUCNSA-N	38331002, 25697147	-2	2	-0.0268997982515131	otoprotective
656731	Refchem:722994	N-(6-cyano-3-hydroxy-2,2-dimethyl-3,4-dihydrochromen-4-yl)-N-methylethanesulfonamide	HVSJHHXUORMCGK-UHFFFAOYSA-N	12361877	1	1	0.0134498991257566	ototoxic
656757	(3r)-3-(5-chloro-2-methoxy-phenyl)-3-fluoro-6-(trifluoromethyl)indolin-2-one	(3R)-3-(5-chloro-2-methoxyphenyl)-3-fluoro-6-(trifluoromethyl)-1H-indol-2-one	ULYONBAOIMCNEH-OAHLLOKOSA-N	25937133	-1	1	-0.0134498991257566	otoprotective
656833	Chloramphenicol sodium succinate	sodium 4-[(2R,3R)-2-[(2,2-dichloroacetyl)amino]-3-hydroxy-3-(4-nitrophenyl)propoxy]-4-oxobutanoate	RPLOPBHEZLFENN-HTMVYDOJSA-M	1207541	1	1	0.0134498991257566	ototoxic
657298	Propylthiouracil	6-propyl-2-sulfanylidene-1H-pyrimidin-4-one	KNAHARQHSZJURB-UHFFFAOYSA-N	15760792, 15583443	2	2	0.0268997982515131	ototoxic
667639	Piceatannol	4-[(E)-2-(3,5-dihydroxyphenyl)ethenyl]benzene-1,2-diol	CDRPUGZCRXZLFL-OWOJBTEDSA-N	41046290, 37100013	-2	2	-0.0268997982515131	otoprotective
689043	Caffeic acid	(E)-3-(3,4-dihydroxyphenyl)prop-2-enoic acid	QAIPRVGONGVQAS-DUXPYHPUSA-N	25458160	-1	1	-0.0134498991257566	otoprotective
776833	Quinoxaline-5-carboxylic acid	quinoxaline-5-carboxylic acid	QLZNISOPACYKOR-UHFFFAOYSA-N	33476306	-1	1	-0.0134498991257566	otoprotective
941361	Flunarizine	1-[bis(4-fluorophenyl)methyl]-4-[(E)-3-phenylprop-2-enyl]piperazine	SMANXXCATUTDDT-QPJJXVBHSA-N	39135039, 18584244, 16485034	-3	3	-0.0403496973772697	otoprotective
969516	Curcumin	(1E,6E)-1,7-bis(4-hydroxy-3-methoxyphenyl)hepta-1,6-diene-3,5-dione	VFLDPWHFBUODDF-FCXRPNKRSA-N	41401640, 40351440, 39016116, 38906419, 38068993, 37295658, 37497164, 37152642, 35859240, 35575590, 34731023, 35096168, 34697839, 32858134, 31974389, 30245978, 28420987, 28042086, 27619052, 26469832, 25583134, 24608370, 19386244, 20869986, 27538525, 30362702	-26	26	-0.34969737726967	otoprotective
1011240	2-(4-chlorophenoxy)-n-{4-[2-(4-chlorophenoxy)acetamido]cyclohexyl}acetamide	2-(4-chlorophenoxy)-N-[4-[[2-(4-chlorophenoxy)acetyl]amino]cyclohexyl]acetamide	HJGMCDHQPXTGAV-UHFFFAOYSA-N	39333235, 37905009, 31467369	-3	3	-0.0403496973772697	otoprotective
1349907	Methimazole	3-methyl-1H-imidazole-2-thione	PMRYVIKBURPHAH-UHFFFAOYSA-N	10375702, 9242586	-2	2	-0.0268997982515131	otoprotective
1548943	Capsaicin	(E)-N-[(4-hydroxy-3-methoxyphenyl)methyl]-8-methylnon-6-enamide	YKPUWZUDDOIDPM-SOFGYWHQSA-N	34465184, 30858408	0	2	0.0	undetermined
1548972	Fluvastatin	(E,3S,5R)-7-[3-(4-fluorophenyl)-1-propan-2-ylindol-2-yl]-3,5-dihydroxyhept-6-enoic acid	FJLGEFLZQAZZCD-JUFISIKESA-N	29445111	-1	1	-0.0134498991257566	otoprotective
1549008	Terbinafine	(E)-N,6,6-trimethyl-N-(naphthalen-1-ylmethyl)hept-2-en-4-yn-1-amine	DOMXUEMWDBAQBQ-WEVVVXLNSA-N	31454819, 22762134, 22569007	1	3	0.0134498991257566	ototoxic
1549120	Epalrestat	2-[(5Z)-5-[(E)-2-methyl-3-phenylprop-2-enylidene]-4-oxo-2-sulfanylidene-1,3-thiazolidin-3-yl]acetic acid	CHNUOJQWGUIOLD-NFZZJPOKSA-N	38056576	-1	1	-0.0134498991257566	otoprotective
1566236	Necrosulfonamide	(E)-N-[4-[(3-methoxypyrazin-2-yl)sulfamoyl]phenyl]-3-(5-nitrothiophen-2-yl)prop-2-enamide	FNPPHVLYVGMZMZ-XBXARRHUSA-N	40067887	-1	1	-0.0134498991257566	otoprotective
1794427	Chlorogenic acid	(1S,3R,4R,5R)-3-[(E)-3-(3,4-dihydroxyphenyl)prop-2-enoyl]oxy-1,4,5-trihydroxycyclohexane-1-carboxylic acid	CWVRJTMFETXNAD-JUHZACGLSA-N	40855724	-1	1	-0.0134498991257566	otoprotective
2723631	N,n'-dimethylthiourea	1,3-dimethylthiourea	VLCDUOXHFNUCKK-UHFFFAOYSA-N	36682481, 17060685	-2	2	-0.0268997982515131	otoprotective
2723790	Thiourea	thiourea	UMGDCJDMYOKAJW-UHFFFAOYSA-N	12855369	-1	1	-0.0134498991257566	otoprotective
2724385	Digoxin	3-[(3S,5R,8R,9S,10S,12R,13S,14S,17R)-3-[(2R,4S,5S,6R)-5-[(2S,4S,5S,6R)-5-[(2S,4S,5S,6R)-4,5-dihydroxy-6-methyloxan-2-yl]oxy-4-hydroxy-6-methyloxan-2-yl]oxy-4-hydroxy-6-methyloxan-2-yl]oxy-12,14-dihydroxy-10,13-dimethyl-1,2,3,4,5,6,7,8,9,11,12,15,16,17-tetradecahydrocyclopenta[a]phenanthren-17-yl]-2H-furan-5-one	LTMHDMANZUZIPE-PUGKRICDSA-N	21733416	1	1	0.0134498991257566	ototoxic
2733484	Capsazepine	N-[2-(4-chlorophenyl)ethyl]-7,8-dihydroxy-1,3,4,5-tetrahydro-2-benzazepine-2-carbothioamide	DRCMAZOSEIMCHM-UHFFFAOYSA-N	19052196, 19958810	-2	2	-0.0268997982515131	otoprotective
2733526	Tamoxifen	2-[4-[(Z)-1,2-diphenylbut-1-enyl]phenoxy]-N,N-dimethylethanamine	NKANXQFJJICGDU-QPLCGJKRSA-N	32166452	-1	1	-0.0134498991257566	otoprotective
2748618	54135-60-3	2-[(2,6-dioxocyclohexyl)methyl]cyclohexane-1,3-dione	ILUMEPMGPCKGHH-UHFFFAOYSA-N	39355176	-1	1	-0.0134498991257566	otoprotective
2828334	Necrostatin-1	5-(1H-indol-3-ylmethyl)-3-methyl-2-sulfanylideneimidazolidin-4-one	TXUWMXQFNYDOEZ-UHFFFAOYSA-N	31052605, 24993301	-2	2	-0.0268997982515131	otoprotective
3000322	Scopace	[(1S,2S,4R,5R)-9-methyl-3-oxa-9-azatricyclo[3.3.1.02,4]nonan-7-yl] (2S)-3-hydroxy-2-phenylpropanoate	STECJAGHUSJQJN-USLFZFAMSA-N	2742472	-1	1	-0.0134498991257566	otoprotective
3000502	Capostatin	(3S)-3,6-diamino-N-[[(2S,5S,8E,11S,15S)-15-amino-11-[(6R)-2-amino-1,4,5,6-tetrahydropyrimidin-6-yl]-8-[(carbamoylamino)methylidene]-2-(hydroxymethyl)-3,6,9,12,16-pentaoxo-1,4,7,10,13-pentazacyclohexadec-5-yl]methyl]hexanamide;(3S)-3,6-diamino-N-[[(2S,5S,8E,11S,15S)-15-amino-11-[(6R)-2-amino-1,4,5,6-tetrahydropyrimidin-6-yl]-8-[(carbamoylamino)methylidene]-2-methyl-3,6,9,12,16-pentaoxo-1,4,7,10,13-pentazacyclohexadec-5-yl]methyl]hexanamide	VCOPTHOUUNAYKQ-WBTCAYNUSA-N	37108985, 36466201, 34015383, 33767665, 33384041, 31750151, 31122273, 31151497, 28696239, 27868278, 27548570, 21768509, 21642291, 3547005, 6175163, 24350407, 40809576	17	17	0.228648285137861	ototoxic
3000540	Lincomycin	(2S,4R)-N-[(1R,2R)-2-hydroxy-1-[(2R,3R,4S,5R,6R)-3,4,5-trihydroxy-6-methylsulfanyloxan-2-yl]propyl]-1-methyl-4-propylpyrrolidine-2-carboxamide	OJMMVQQUTAEWLP-KIDUDLJLSA-N	7413550	1	1	0.0134498991257566	ototoxic
3002119	Fursultiamine	N-[(4-amino-2-methylpyrimidin-5-yl)methyl]-N-[(E)-5-hydroxy-3-(oxolan-2-ylmethyldisulfanyl)pent-2-en-2-yl]formamide	JTLXCMOFVBXEKD-FOWTUZBSSA-N	34679662	-1	1	-0.0134498991257566	otoprotective
3005532	Fti-277	methyl (2S)-2-[[4-[[(2R)-2-amino-3-sulfanylpropyl]amino]-2-phenylbenzoyl]amino]-4-methylsulfanylbutanoate	GKFPROVOIQKYTO-UZLBHIALSA-N	14643769	-1	1	-0.0134498991257566	otoprotective
3006531	U0126	(2Z,3Z)-2,3-bis[amino-(2-aminophenyl)sulfanylmethylidene]butanedinitrile	DVEXZJFMOKTQEZ-JYFOCSDGSA-N	33577918	-1	1	-0.0134498991257566	otoprotective
3008868	Dieckol	4-[4-[6-(3,5-dihydroxyphenoxy)-4,7,9-trihydroxydibenzo-p-dioxin-2-yl]oxy-3,5-dihydroxyphenoxy]dibenzo-p-dioxin-1,3,6,8-tetrol	DRZQFGYIIYNNEC-UHFFFAOYSA-N	36286446, 26968049	-2	2	-0.0268997982515131	otoprotective
3014024	Pentonium	benzyl-dimethyl-tridecylazanium chloride	XIWFQDBQMCDYJT-UHFFFAOYSA-M	24142776, 7610811	0	2	0.0	undetermined
3028194	Lithium	lithium	WHXSMMKQMYFTQS-UHFFFAOYSA-N	16413133	-1	1	-0.0134498991257566	otoprotective
3032297	Nabam	disodium;N-[2-(sulfidocarbothioylamino)ethyl]carbamodithioate	UQJQVUOTMVCFHX-UHFFFAOYSA-L	21526214	-1	1	-0.0134498991257566	otoprotective
3032536	Dichlorocobalt	cobalt(2+) dichloride	GVPFVAHMJGGAJG-UHFFFAOYSA-L	25820916, 21957099	0	2	0.0	undetermined
3033825	Levosimendan	2-[[4-[(4R)-4-methyl-6-oxo-4,5-dihydro-1H-pyridazin-3-yl]phenyl]hydrazinylidene]propanedinitrile	WHXMKTBCFHIYNQ-SECBINFHSA-N	30978472	-1	1	-0.0134498991257566	otoprotective
3034034	Quinine	(R)-[(2S,4S,5R)-5-ethenyl-1-azabicyclo[2.2.2]octan-2-yl]-(6-methoxyquinolin-4-yl)methanol	LOUPRKONTZGTKE-WZBLMQSHSA-N	34129960, 34205776, 33301286, 32767320, 32290759, 31282945, 29285614, 23238197, 22754805, 21818312, 20227774, 18796142, 18759511, 16387280, 16450683, 16014323, 11423223, 9657511, 9582223, 9134134, 8233489, 2406680, 7093567, 23467357, 21463565, 3228181, 2096500, 24931747, 18004031, 15949078, 10500778	23	31	0.309347679892401	ototoxic
3037206	Micronomicin	(2R,3R,4R,5R)-2-[(1S,2S,3R,4S,6R)-4,6-diamino-3-[(2R,3R,6S)-3-amino-6-(methylaminomethyl)oxan-2-yl]oxy-2-hydroxycyclohexyl]oxy-5-methyl-4-(methylamino)oxane-3,5-diol	DNYGXMICFMACRA-XHEDQWPISA-N	33288712	1	1	0.0134498991257566	ototoxic
3037209	Isepamicin	(2S)-3-amino-N-[(1R,2S,3S,4R,5S)-5-amino-4-[(2R,3R,4S,5S,6R)-6-(aminomethyl)-3,4,5-trihydroxyoxan-2-yl]oxy-2-[(2R,3R,4R,5R)-3,5-dihydroxy-5-methyl-4-(methylamino)oxan-2-yl]oxy-3-hydroxycyclohexyl]-2-hydroxypropanamide	UDIIBEDMEYAVNG-ZKFPOVNWSA-N	18087627, 10749517, 8622117, 8622116, 8622107, 8622106, 8622105, 8622104, 8622103, 8622102, 7875017, 2274318, 8622114, 8622113	14	14	0.188298587760592	ototoxic
3052776	Rasagiline	(1R)-N-prop-2-ynyl-2,3-dihydro-1H-inden-1-amine	RUOKEQAAGRXIBM-GFCCVEGCSA-N	24508748	-1	1	-0.0134498991257566	otoprotective
3081361	Vandetanib	N-(4-bromo-2-fluorophenyl)-6-methoxy-7-[(1-methylpiperidin-4-yl)methoxy]quinazolin-4-amine	UHTHHESEBZOYNR-UHFFFAOYSA-N	31912913	1	1	0.0134498991257566	ototoxic
3081545	Apramycin	(2R,3R,4S,5S,6S)-2-[[(2R,3S,4R,4aR,6S,7R,8aS)-7-amino-6-[(1R,2R,3S,4R,6S)-4,6-diamino-2,3-dihydroxycyclohexyl]oxy-4-hydroxy-3-(methylamino)-2,3,4,4a,6,7,8,8a-octahydropyrano[3,2-b]pyran-2-yl]oxy]-5-amino-6-(hydroxymethyl)oxane-3,4-diol	XZNUGFQTQHRASN-XQENGBIVSA-N	41313250, 40391321, 31958945, 30787404, 25136009, 22699498	2	6	0.0268997982515131	ototoxic
3086599	Cgs 21680	3-[4-[2-[[6-amino-9-[(2R,3R,4S,5S)-5-(ethylcarbamoyl)-3,4-dihydroxyoxolan-2-yl]purin-2-yl]amino]ethyl]phenyl]propanoic acid	PAOANWZGLPPROA-RQXXJAGISA-N	15081879	-1	1	-0.0134498991257566	otoprotective
3091786	Refchem:910044	2-methyl-N-[2-methyl-4-[(2-methylphenyl)diazenyl]phenyl]pyrazole-3-carboxamide	LKTNEXPODAWWFM-UHFFFAOYSA-N	40835755	-1	1	-0.0134498991257566	otoprotective
3270828	1011-51-4	5-(4-methoxyphenyl)-1,3-oxazole	WWTDBJIWQKDBSY-UHFFFAOYSA-N	38432189	-1	1	-0.0134498991257566	otoprotective
3476986	Blebbistatin	3a-hydroxy-6-methyl-1-phenyl-2,3-dihydropyrrolo[2,3-b]quinolin-4-one	LZAXPYOBKSJSEX-UHFFFAOYSA-N	32116554	-1	1	-0.0134498991257566	otoprotective
3549980	2-propylpentanoate	2-propylpentanoate	NIJJYAXOARWZEE-UHFFFAOYSA-M	28838247	1	1	0.0134498991257566	ototoxic
3678270	Artemin	6,9a-dihydroxy-3,5a-dimethyl-9-methylidene-3,3a,4,5,6,7,8,9b-octahydrobenzo[g][1]benzofuran-2-one	CJLHTKGWEUGORV-UHFFFAOYSA-N	20375925	-1	1	-0.0134498991257566	otoprotective
3825829	3-(2,4-dichloro-5-methoxyphenyl)-2-sulfanyl-4(3h)-quinazolinone	3-(2,4-dichloro-5-methoxyphenyl)-2-sulfanylidene-1H-quinazolin-4-one	NZJKEVWTYMOYOR-UHFFFAOYSA-N	33084473, 29311828	-2	2	-0.0268997982515131	otoprotective
3854666	182498-32-4	1-(2-bromophenyl)-3-(2-hydroxy-4-nitrophenyl)urea	MQBZVUNNWUIPMK-UHFFFAOYSA-N	37063917	-1	1	-0.0134498991257566	otoprotective
3899541	Dnqx	6,7-dinitro-1,4-dihydroquinoxaline-2,3-dione	RWVIMCIPOAXUDG-UHFFFAOYSA-N	7512999	-1	1	-0.0134498991257566	otoprotective
4058452	722456-31-7	2-(3-benzyltriazolo[4,5-d]pyrimidin-7-yl)sulfanyl-1,3-benzoxazole	HZSOKHVVANONPV-UHFFFAOYSA-N	34954246	-1	1	-0.0134498991257566	otoprotective
4068248	Ferrostatin-1	ethyl 3-amino-4-(cyclohexylamino)benzoate	UJHBVMHOBZBWMX-UHFFFAOYSA-N	39072683, 38928480, 37104543, 36531206, 35355868, 34302894, 33109343, 32929878, 41103031, 39276841	-10	10	-0.134498991257566	otoprotective
4096211	Nvp-231	N-(2-benzamido-1,3-benzothiazol-6-yl)adamantane-1-carboxamide	MVSSJPGNLQPWSW-UHFFFAOYSA-N	28959567	-1	1	-0.0134498991257566	otoprotective
4273754	Jwh-015	(2-methyl-1-propylindol-3-yl)-naphthalen-1-ylmethanone	LJSBBBWQTLXQEN-UHFFFAOYSA-N	17183590	-1	1	-0.0134498991257566	otoprotective
4302963	Am630	[6-iodo-2-methyl-1-(2-morpholin-4-ylethyl)indol-3-yl]-(4-methoxyphenyl)methanone	JHOTYHDSLIUKCJ-UHFFFAOYSA-N	30858408	-1	1	-0.0134498991257566	otoprotective
5018304	Diclofenac sodium	sodium 2-[2-(2,6-dichloroanilino)phenyl]acetate	KPHWPUGNDIVLNH-UHFFFAOYSA-M	28583486	1	1	0.0134498991257566	ototoxic
5222465	Sodium butyrate	sodium butanoate	MFBOGIVSZKQAPD-UHFFFAOYSA-M	25554003, 16467722, 19141081	-3	3	-0.0403496973772697	otoprotective
5273755	Eupatilin	2-(3,4-dimethoxyphenyl)-5,7-dihydroxy-6-methoxychromen-4-one	DRRWBCNQOKKKOL-UHFFFAOYSA-N	35082962	-1	1	-0.0134498991257566	otoprotective
5280343	Quercetin	2-(3,4-dihydroxyphenyl)-3,5,7-trihydroxychromen-4-one	REFJWTPEDVJJIY-UHFFFAOYSA-N	41183177, 40525941, 40351440, 38490643, 37714258, 33084473, 31287434, 26434546, 25591968, 21190826, 27717895	-11	11	-0.147948890383322	otoprotective
5280352	Bilirubin	3-[2-[[3-(2-carboxyethyl)-5-[(Z)-(3-ethenyl-4-methyl-5-oxopyrrol-2-ylidene)methyl]-4-methyl-1H-pyrrol-2-yl]methyl]-5-[(Z)-(4-ethenyl-3-methyl-5-oxopyrrol-2-ylidene)methyl]-4-methyl-1H-pyrrol-3-yl]propanoic acid	BPYKTIZUTYGOLE-IFADSCNNSA-N	16678019	-1	1	-0.0134498991257566	otoprotective
5280378	Formononetin	7-hydroxy-3-(4-methoxyphenyl)chromen-4-one	HKQYGTCOTHHOMP-UHFFFAOYSA-N	38192850	-1	1	-0.0134498991257566	otoprotective
5280443	Apigenin	5,7-dihydroxy-2-(4-hydroxyphenyl)chromen-4-one	KZNIFHPLKGYRTM-UHFFFAOYSA-N	39521239, 34921675	-2	2	-0.0268997982515131	otoprotective
5280445	Luteolin	2-(3,4-dihydroxyphenyl)-5,7-dihydroxychromen-4-one	IQPNAANSBPBGFQ-UHFFFAOYSA-N	38414247	-1	1	-0.0134498991257566	otoprotective
5280489	Beta-carotene	1,3,3-trimethyl-2-[(1E,3E,5E,7E,9E,11E,13E,15E,17E)-3,7,12,16-tetramethyl-18-(2,6,6-trimethylcyclohexen-1-yl)octadeca-1,3,5,7,9,11,13,15,17-nonaenyl]cyclohexene	OENHQHLEOONYIE-JLTXGRSLSA-N	21540071	-1	1	-0.0134498991257566	otoprotective
5280493	Leukotriene c4	(5S,6R,7E,9E,11Z,14Z)-6-[(2R)-2-[[(4S)-4-amino-4-carboxybutanoyl]amino]-3-(carboxymethylamino)-3-oxopropyl]sulfanyl-5-hydroxyicosa-7,9,11,14-tetraenoic acid	GWNVDXQDILPJIG-NXOLIXFESA-N	8892578	1	1	0.0134498991257566	ototoxic
5280637	Cynaroside	2-(3,4-dihydroxyphenyl)-5-hydroxy-7-[(2S,3R,4S,5S,6R)-3,4,5-trihydroxy-6-(hydroxymethyl)oxan-2-yl]oxychromen-4-one	PEFNSGRTCBGNAN-QNDFHXLGSA-N	29686775	-1	1	-0.0134498991257566	otoprotective
5280793	Ergocalciferol	(1S,3Z)-3-[(2E)-2-[(1R,3aS,7aR)-1-[(E,2R,5R)-5,6-dimethylhept-3-en-2-yl]-7a-methyl-2,3,3a,5,6,7-hexahydro-1H-inden-4-ylidene]ethylidene]-4-methylidenecyclohexan-1-ol	MECHNRXZTMCUDQ-RKHKHRCZSA-N	40188564	1	1	0.0134498991257566	ototoxic
5280805	Rutin	2-(3,4-dihydroxyphenyl)-5,7-dihydroxy-3-[(2S,3R,4S,5S,6R)-3,4,5-trihydroxy-6-[[(2R,3R,4R,5R,6S)-3,4,5-trihydroxy-6-methyloxan-2-yl]oxymethyl]oxan-2-yl]oxychromen-4-one	IKGXIBQEEMLURG-NVPNHPEKSA-N	38653908, 35304134	-2	2	-0.0268997982515131	otoprotective
5280863	Kaempferol	3,5,7-trihydroxy-2-(4-hydroxyphenyl)chromen-4-one	IYRMWMYZSQPJKC-UHFFFAOYSA-N	19937094	-1	1	-0.0134498991257566	otoprotective
5280934	Linolenic acid	(9Z,12Z,15Z)-octadeca-9,12,15-trienoic acid	DTOSIQBPPRVQHS-PDBXOOCHSA-N	28760048	-1	1	-0.0134498991257566	otoprotective
5280961	Genistein	5,7-dihydroxy-3-(4-hydroxyphenyl)chromen-4-one	TZBJGXHYKVUXJN-UHFFFAOYSA-N	39140499, 34602350, 40001646	-3	3	-0.0403496973772697	otoprotective
5280965	Amphotericin b	(1R,3S,5R,6R,9R,11R,15S,16R,17R,18S,19E,21E,23E,25E,27E,29E,31E,33R,35S,36R,37S)-33-[(2R,3S,4S,5S,6R)-4-amino-3,5-dihydroxy-6-methyloxan-2-yl]oxy-1,3,5,6,9,11,17,37-octahydroxy-15,16,18-trimethyl-13-oxo-14,39-dioxabicyclo[33.3.1]nonatriaconta-19,21,23,25,27,29,31-heptaene-36-carboxylic acid	APKFDSVGJQXUKY-INPOYWNPSA-N	31302624, 10554048, 3570684	3	3	0.0403496973772697	ototoxic
5280980	Clavulanic acid	(2R,3Z,5R)-3-(2-hydroxyethylidene)-7-oxo-4-oxa-1-azabicyclo[3.2.0]heptane-2-carboxylic acid	HZZVJAQRINQKSD-PBFISZAISA-N	7803021	1	1	0.0134498991257566	ototoxic
5281056	Timolol maleate	(Z)-but-2-enedioic acid;(2S)-1-(tert-butylamino)-3-[(4-morpholin-4-yl-1,2,5-thiadiazol-3-yl)oxy]propan-2-ol	WLRMANUAADYWEA-NWASOUNVSA-N	30015958	-1	1	-0.0134498991257566	otoprotective
5281224	Astaxanthin	(6S)-6-hydroxy-3-[(1E,3E,5E,7E,9E,11E,13E,15E,17E)-18-[(4S)-4-hydroxy-2,6,6-trimethyl-3-oxocyclohexen-1-yl]-3,7,12,16-tetramethyloctadeca-1,3,5,7,9,11,13,15,17-nonaenyl]-2,4,4-trimethylcyclohex-2-en-1-one	MQZIGYBFDRPAKN-UWFIBFSHSA-N	37701833, 35689218, 35127378, 31558064, 33789004, 28274503, 31908415	-7	7	-0.0941492938802959	otoprotective
5281243	Lutein	(1R)-4-[(1E,3E,5E,7E,9E,11E,13E,15E,17E)-18-[(1R,4R)-4-hydroxy-2,6,6-trimethylcyclohex-2-en-1-yl]-3,7,12,16-tetramethyloctadeca-1,3,5,7,9,11,13,15,17-nonaenyl]-3,5,5-trimethylcyclohex-3-en-1-ol	KBPHJBAIARWVSC-RGZFRNHPSA-N	41241440, 33578233, 26850526	-3	3	-0.0403496973772697	otoprotective
5281544	Oleuropein	methyl (4S,5E,6S)-4-[2-[2-(3,4-dihydroxyphenyl)ethoxy]-2-oxoethyl]-5-ethylidene-6-[(2S,3R,4S,5S,6R)-3,4,5-trihydroxy-6-(hydroxymethyl)oxan-2-yl]oxy-4H-pyran-3-carboxylate	RFWGABANNQMHMZ-ZCHJGGQASA-N	39158163, 29893338	-2	2	-0.0268997982515131	otoprotective
5281607	Chrysin	5,7-dihydroxy-2-phenylchromen-4-one	RTIXKCRFFJGDFG-UHFFFAOYSA-N	26396946, 22309980, 22155348	-3	3	-0.0403496973772697	otoprotective
5281616	Galangin	3,5,7-trihydroxy-2-phenylchromen-4-one	VCCRNZQBSJXYJD-UHFFFAOYSA-N	26778349	-1	1	-0.0134498991257566	otoprotective
5281647	Mangiferin	1,3,6,7-tetrahydroxy-2-[(2S,3R,4R,5S,6R)-3,4,5-trihydroxy-6-(hydroxymethyl)oxan-2-yl]xanthen-9-one	AEDDIBAIWPIIBD-ZJKJAXBQSA-N	39954163, 39098177	-2	2	-0.0268997982515131	otoprotective
5281727	Pterostilbene	4-[(E)-2-(3,5-dimethoxyphenyl)ethenyl]phenol	VLEUZFDZJKSGMX-ONEGZZNKSA-N	32722679	-1	1	-0.0134498991257566	otoprotective
5281764	Chicoric acid	(2R,3R)-2,3-bis[[(E)-3-(3,4-dihydroxyphenyl)prop-2-enoyl]oxy]butanedioic acid	YDDGKXBLOXEEMN-IABMMNSOSA-N	35743144	-1	1	-0.0134498991257566	otoprotective
5281787	Caffeic acid phenethyl ester	2-phenylethyl (E)-3-(3,4-dihydroxyphenyl)prop-2-enoate	SWUARLUWKZWEBQ-VQHVLOKHSA-N	35656452, 29727126, 25975288, 22964505, 15332714	-5	5	-0.0672494956287828	otoprotective
5281792	Rosmarinic acid	(2R)-3-(3,4-dihydroxyphenyl)-2-[(E)-3-(3,4-dihydroxyphenyl)prop-2-enoyl]oxypropanoic acid	DOUMFZQKYFQNTF-WUTVXBCWSA-N	41052253, 40633769, 23548128, 21526214	-4	4	-0.0537995965030262	otoprotective
5281793	Salvianolic acid a	(2R)-3-(3,4-dihydroxyphenyl)-2-[(E)-3-[2-[(E)-2-(3,4-dihydroxyphenyl)ethenyl]-3,4-dihydroxyphenyl]prop-2-enoyl]oxypropanoic acid	YMGFTDKNIWPMGF-UCPJVGPRSA-N	12760856	-1	1	-0.0134498991257566	otoprotective
5281807	Puerarin	7-hydroxy-3-(4-hydroxyphenyl)-8-[(2S,3R,4R,5S,6R)-3,4,5-trihydroxy-6-(hydroxymethyl)oxan-2-yl]chromen-4-one	HKEAFJYKMMKDOR-VPRICQMDSA-N	38043717, 35032475, 34651662	-3	3	-0.0403496973772697	otoprotective
5281855	Ellagic acid	6,7,13,14-tetrahydroxy-2,9-dioxatetracyclo[6.6.2.04,16.011,15]hexadeca-1(15),4,6,8(16),11,13-hexaene-3,10-dione	AFSDNFLWKVMVRB-UHFFFAOYSA-N	35849599, 30264291	-2	2	-0.0268997982515131	otoprotective
5281915	Coenzyme q10	2-[(2E,6E,10E,14E,18E,22E,26E,30E,34E)-3,7,11,15,19,23,27,31,35,39-decamethyltetraconta-2,6,10,14,18,22,26,30,34,38-decaenyl]-5,6-dimethoxy-3-methylcyclohexa-2,5-diene-1,4-dione	ACTIUHUUMQJHFO-UPTCCGCDSA-N	28239674, 16092542, 9628277	-3	3	-0.0403496973772697	otoprotective
5282199	Teprenone	(5E,9E,13E)-6,10,14,18-tetramethylnonadeca-5,9,13,17-tetraen-2-one	HUCXKZBETONXFO-NJFMWZAGSA-N	29684426, 29214897, 28344103, 18974641, 16934423, 15925199, 15799569, 28781154, 28650045	-9	9	-0.121049092131809	otoprotective
5282379	Isotretinoin	(2Z,4E,6E,8E)-3,7-dimethyl-9-(2,6,6-trimethylcyclohexen-1-yl)nona-2,4,6,8-tetraenoic acid	SHGAZHPCJJPHSC-XFYACQKRSA-N	30587464, 33200354	0	2	0.0	undetermined
5282381	Misoprostol	methyl 7-[(1R,2R,3R)-3-hydroxy-2-[(E)-4-hydroxy-4-methyloct-1-enyl]-5-oxocyclopentyl]heptanoate	OJLOPKGSLYJEMD-URPKTTJQSA-N	28390604, 27052552	-2	2	-0.0268997982515131	otoprotective
5282452	Pitavastatin	(E,3R,5S)-7-[2-cyclopropyl-4-(4-fluorophenyl)quinolin-3-yl]-3,5-dihydroxyhept-6-enoic acid	VGYFMXBACGZSIL-MCBHFWOFSA-N	35992197	-1	1	-0.0134498991257566	otoprotective
5283560	Sphingosine-1-phosphate	[(E,2S,3R)-2-amino-3-hydroxyoctadec-4-enyl] dihydrogen phosphate	DUYSYHSSBDVJSM-KRWOKUGFSA-N	29766830, 26472207, 20709153	-3	3	-0.0403496973772697	otoprotective
5284371	Codeine	(4R,4aR,7S,7aR,12bS)-9-methoxy-3-methyl-2,4,4a,7,7a,13-hexahydro-1H-4,12-methanobenzofuro[3,2-e]isoquinolin-7-ol	OROGSEYTTFOCAN-DNJOTXNNSA-N	19128584	1	1	0.0134498991257566	ototoxic
5284373	Cyclosporin a	(3S,6S,9S,12R,15S,18S,21S,24S,30S,33S)-30-ethyl-33-[(E,1R,2R)-1-hydroxy-2-methylhex-4-enyl]-1,4,7,10,12,15,19,25,28-nonamethyl-6,9,18,24-tetrakis(2-methylpropyl)-3,21-di(propan-2-yl)-1,4,7,10,13,16,19,22,25,28,31-undecazacyclotritriacontane-2,5,8,11,14,17,20,23,26,29,32-undecone	PMATZTZNYRCHOR-CGLBZJNRSA-N	41440725, 35418366, 15919504, 12121739, 10661503, 12172772	0	6	0.0	undetermined
5284517	Astromicin	2-amino-N-[(1S,2R,3R,4S,5S,6R)-4-amino-3-[(2R,3R,6S)-3-amino-6-[(1S)-1-aminoethyl]oxan-2-yl]oxy-2,5-dihydroxy-6-methoxycyclohexyl]-N-methylacetamide	BIDUPMYXGFNAEJ-APGVDKLISA-N	2612232	1	1	0.0134498991257566	ototoxic
5284569	Hydrocodone	(4R,4aR,7aR,12bS)-9-methoxy-3-methyl-1,2,4,4a,5,6,7a,13-octahydro-4,12-methanobenzofuro[3,2-e]isoquinolin-7-one	LLPOLZWFYMWNKH-CMKMFDCUSA-N	17525781, 10733182	2	2	0.0268997982515131	ototoxic
5284594	Nalmefene	(4R,4aS,7aS,12bS)-3-(cyclopropylmethyl)-7-methylidene-2,4,5,6,7a,13-hexahydro-1H-4,12-methanobenzofuro[3,2-e]isoquinoline-4a,9-diol	WJBLNOPPDWQMCH-MBPVOVBZSA-N	37682124	-1	1	-0.0134498991257566	otoprotective
5284603	Oxycodone	(4R,4aS,7aR,12bS)-4a-hydroxy-9-methoxy-3-methyl-2,4,5,6,7a,13-hexahydro-1H-4,12-methanobenzofuro[3,2-e]isoquinolin-7-one	BRUQQQPBMZOVGD-XFKAJCMBSA-N	32468345	1	1	0.0134498991257566	ototoxic
5284616	Rapamycin	(1R,9S,12S,15R,16E,18R,19R,21R,23S,24E,26E,28E,30S,32S,35R)-1,18-dihydroxy-12-[(2R)-1-[(1S,3R,4R)-4-hydroxy-3-methoxycyclohexyl]propan-2-yl]-19,30-dimethoxy-15,17,21,23,29,35-hexamethyl-11,36-dioxa-4-azatricyclo[30.3.1.04,9]hexatriaconta-16,24,26,28-tetraene-2,3,10,14,20-pentone	QFJCIRLUMZQUOT-HPLJOQBZSA-N	40147638, 35238644, 33749526, 33084473, 31236744, 30692914, 28145495, 24796670, 28968134, 32384426, 30362702	-11	11	-0.147948890383322	otoprotective
5284627	Topiramate	[(1R,2S,6S,9R)-4,4,11,11-tetramethyl-3,5,7,10,12-pentaoxatricyclo[7.3.0.02,6]dodecan-6-yl]methyl sulfamate	KJADKKWYZYXHBB-XBWDGYHZSA-N	40404973	1	1	0.0134498991257566	ototoxic
5288382	Geldanamycin	[(4E,6Z,8S,9S,10E,12S,13R,14S,16R)-13-hydroxy-8,14,19-trimethoxy-4,10,12,16-tetramethyl-3,20,22-trioxo-2-azabicyclo[16.3.1]docosa-1(21),4,6,10,18-pentaen-9-yl] carbamate	QTQAWLPCGQOSGP-KSRBKZBZSA-N	19723345	-1	1	-0.0134498991257566	otoprotective
5288674	Alvespimycin	[(4E,6Z,8S,9S,10E,12S,13R,14S,16R)-19-[2-(dimethylamino)ethylamino]-13-hydroxy-8,14-dimethoxy-4,10,12,16-tetramethyl-3,20,22-trioxo-2-azabicyclo[16.3.1]docosa-1(21),4,6,10,18-pentaen-9-yl] carbamate	KUFRQPKVAWMTJO-LMZWQJSESA-N	25556684	-1	1	-0.0134498991257566	otoprotective
5289419	Su9516	(3Z)-3-(1H-imidazol-5-ylmethylidene)-5-methoxy-1H-indol-2-one	QNUKRWAIZMBVCU-WCIBSUBMSA-N	40329138	-1	1	-0.0134498991257566	otoprotective
5311006	Arachidonyl-2-chloroethylamide	(5Z,8Z,11Z,14Z)-N-(2-chloroethyl)icosa-5,8,11,14-tetraenamide	SCJNCDSAIRBRIA-DOFZRALJSA-N	29108871	-1	1	-0.0134498991257566	otoprotective
5311010	Atosiban	(2S)-N-[(2S)-5-amino-1-[(2-amino-2-oxoethyl)amino]-1-oxopentan-2-yl]-1-[(4R,7S,10S,13S,16R)-7-(2-amino-2-oxoethyl)-13-[(2S)-butan-2-yl]-16-[(4-ethoxyphenyl)methyl]-10-[(1R)-1-hydroxyethyl]-6,9,12,15,18-pentaoxo-1,2-dithia-5,8,11,14,17-pentazacycloicosane-4-carbonyl]pyrrolidine-2-carboxamide	VWXRQYYUEIYXCZ-OBIMUBPZSA-N	39130317	-1	1	-0.0134498991257566	otoprotective
5311054	Colistin	N-[(2S)-4-amino-1-[[(2S,3R)-1-[[(2S)-4-amino-1-oxo-1-[[(3S,6S,9S,12S,15R,18S,21S)-6,9,18-tris(2-aminoethyl)-3-[(1R)-1-hydroxyethyl]-12,15-bis(2-methylpropyl)-2,5,8,11,14,17,20-heptaoxo-1,4,7,10,13,16,19-heptazacyclotricos-21-yl]amino]butan-2-yl]amino]-3-hydroxy-1-oxobutan-2-yl]amino]-1-oxobutan-2-yl]-5-methylheptanamide	YKQOSKADJPQZHB-QNPLFGSASA-N	29779419, 20654460, 30362702	3	3	0.0403496973772697	ototoxic
5311065	Desmopressin	(2S)-N-[(2R)-1-[(2-amino-2-oxoethyl)amino]-5-(diaminomethylideneamino)-1-oxopentan-2-yl]-1-[(4R,7S,10S,13S,16S)-7-(2-amino-2-oxoethyl)-10-(3-amino-3-oxopropyl)-13-benzyl-16-[(4-hydroxyphenyl)methyl]-6,9,12,15,18-pentaoxo-1,2-dithia-5,8,11,14,17-pentazacycloicosane-4-carbonyl]pyrrolidine-2-carboxamide	NFLWUMRGJYTJIN-PNIOQBSNSA-N	33566468	1	1	0.0134498991257566	ototoxic
5311068	Dexmedetomidine	5-[(1S)-1-(2,3-dimethylphenyl)ethyl]-1H-imidazole	CUHVIMMYOGQXCV-NSHDSACASA-N	33084473, 25436046, 26006222	-3	3	-0.0403496973772697	otoprotective
5311093	Olvanil	(Z)-N-[(4-hydroxy-3-methoxyphenyl)methyl]octadec-9-enamide	OPZKBPQVWDSATI-KHPPLWFESA-N	15388249, 11428627	-2	2	-0.0268997982515131	otoprotective
5311180	Nafamostat mesylate	(6-carbamimidoylnaphthalen-2-yl) 4-(diaminomethylideneamino)benzoate;methanesulfonic acid	SRXKIZXIRHMPFW-UHFFFAOYSA-N	33084473	-1	1	-0.0134498991257566	otoprotective
5311181	Iloprost	(5E)-5-[(3aS,4R,5R,6aS)-5-hydroxy-4-[(E,3S)-3-hydroxy-4-methyloct-1-en-6-ynyl]-3,3a,4,5,6,6a-hexahydro-1H-pentalen-2-ylidene]pentanoic acid	HIFJCPQKFCZDDL-ACWOEMLNSA-N	17359558	1	1	0.0134498991257566	ototoxic
5311272	Dapt	tert-butyl (2S)-2-[[(2S)-2-[[2-(3,5-difluorophenyl)acetyl]amino]propanoyl]amino]-2-phenylacetate	DWJXYEABWRJFSP-XOBRGWDASA-N	39421409, 34223978, 29889716, 22031879	-4	4	-0.0537995965030262	otoprotective
5312122	Kn-93	N-[2-[[[(E)-3-(4-chlorophenyl)prop-2-enyl]-methylamino]methyl]phenyl]-N-(2-hydroxyethyl)-4-methoxybenzenesulfonamide	LLLQTDSSHZREGW-AATRIKPKSA-N	40222417, 30820888	-2	2	-0.0268997982515131	otoprotective
5315472	Bisdemethoxycurcumin	(1E,6E)-1,7-bis(4-hydroxyphenyl)hepta-1,6-diene-3,5-dione	PREBVFJICNPEKM-YDWXAUTNSA-N	35478148	-1	1	-0.0134498991257566	otoprotective
5318997	Icariin	5-hydroxy-2-(4-methoxyphenyl)-8-(3-methylbut-2-enyl)-7-[(2S,3R,4S,5S,6R)-3,4,5-trihydroxy-6-(hydroxymethyl)oxan-2-yl]oxy-3-[(2S,3R,4R,5R,6S)-3,4,5-trihydroxy-6-methyloxan-2-yl]oxychromen-4-one	TZJALUIVHRYQQB-XLRXWWTNSA-N	33679402	-1	1	-0.0134498991257566	otoprotective
5318998	Licochalcone a	(E)-3-[4-hydroxy-2-methoxy-5-(2-methylbut-3-en-2-yl)phenyl]-1-(4-hydroxyphenyl)prop-2-en-1-one	KAZSKMJFUPEHHW-DHZHZOJOSA-N	18484961	-1	1	-0.0134498991257566	otoprotective
5320686	Tiliroside	[(2R,3S,4S,5R,6S)-6-[5,7-dihydroxy-2-(4-hydroxyphenyl)-4-oxochromen-3-yl]oxy-3,4,5-trihydroxyoxan-2-yl]methyl (E)-3-(4-hydroxyphenyl)prop-2-enoate	DVGGLGXQSFURLP-VWMSDXGPSA-N	38056576	-1	1	-0.0134498991257566	otoprotective
5321010	Oridonin	(1S,2S,5S,8R,9S,10S,11R,15S,18R)-9,10,15,18-tetrahydroxy-12,12-dimethyl-6-methylidene-17-oxapentacyclo[7.6.2.15,8.01,11.02,8]octadecan-7-one	SDHTXBWLVGWJFT-XKCURVIJSA-N	41046290	-1	1	-0.0134498991257566	otoprotective
5324346	Fluvoxamine	2-[(E)-[5-methoxy-1-[4-(trifluoromethyl)phenyl]pentylidene]amino]oxyethanamine	CJOFXWAVKWHTFT-XSFVSMFZSA-N	38597272	-1	1	-0.0134498991257566	otoprotective
5351619	Ergothioneine	(2S)-3-(2-sulfanylidene-1,3-dihydroimidazol-4-yl)-2-(trimethylazaniumyl)propanoate	SSISHJJTAXXQAX-ZETCQYMHSA-N	38770822	-1	1	-0.0134498991257566	otoprotective
5352425	Lead	lead	WABPQHHGFIMREM-UHFFFAOYSA-N	27142062, 22064681	2	2	0.0268997982515131	ototoxic
5353432	Bay 11-7085	(E)-3-(4-tert-butylphenyl)sulfonylprop-2-enenitrile	VHKZGNPOHPFPER-ONNFQVAWSA-N	18607991	-1	1	-0.0134498991257566	otoprotective
5353788	Molsidomine	(1E)-1-ethoxy-N-(3-morpholin-4-yloxadiazol-3-ium-5-yl)methanimidate	XLFWDASMENKTKL-UHFFFAOYSA-N	25032121, 24120390	-2	2	-0.0268997982515131	otoprotective
5353853	Oxiconazole	(Z)-1-(2,4-dichlorophenyl)-N-[(2,4-dichlorophenyl)methoxy]-2-imidazol-1-ylethanimine	QRJJEGAJXVEBNE-HKOYGPOVSA-N	22569007	1	1	0.0134498991257566	ototoxic
5354284	5,7-dihydroxy-4-methylcoumarin	5,7-dihydroxy-4-methylchromen-2-one	QNVWGEJMXOQQPM-UHFFFAOYSA-N	36754151	-1	1	-0.0134498991257566	otoprotective
5359367	Bismuth	bismuth	JCXGWMGPZLAOME-UHFFFAOYSA-N	8091248	1	1	0.0134498991257566	ototoxic
5360315	Magnesium chloride	magnesium dichloride	TWRXJAOTZQYOKJ-UHFFFAOYSA-L	2535320, 20556589	-2	2	-0.0268997982515131	otoprotective
5360373	Bleomycin	3-[[2-[2-[2-[[(2S,3R)-2-[[(2S,3S,4R)-4-[[(2S,3R)-2-[[6-amino-2-[(1S)-3-amino-1-[[(2S)-2,3-diamino-3-oxopropyl]amino]-3-oxopropyl]-5-methylpyrimidine-4-carbonyl]amino]-3-[3-[4-carbamoyloxy-3,5-dihydroxy-6-(hydroxymethyl)oxan-2-yl]oxy-4,5-dihydroxy-6-(hydroxymethyl)oxan-2-yl]oxy-3-(1H-imidazol-5-yl)propanoyl]amino]-3-hydroxy-2-methylpentanoyl]amino]-3-hydroxybutanoyl]amino]ethyl]-1,3-thiazol-4-yl]-1,3-thiazole-4-carbonyl]amino]propyl-dimethylsulfanium	OYVAGSVQBOHSSS-WXFSZRTFSA-O	34146403, 1696831, 2443621, 2445164, 18001800	5	5	0.0672494956287828	ototoxic
5360696	Dextromethorphan	(1S,9S,10S)-4-methoxy-17-methyl-17-azatetracyclo[7.5.3.01,10.02,7]heptadeca-2(7),3,5-triene	MKXZASYAUGDDCJ-NJAFHUGGSA-N	10608204	-1	1	-0.0134498991257566	otoprotective
5361092	Butorphanol	(1S,9R,10S)-17-(cyclobutylmethyl)-17-azatetracyclo[7.5.3.01,10.02,7]heptadeca-2(7),3,5-triene-4,10-diol	IFKLAQQSCNILHL-QHAWAJNXSA-N	23813290	-1	1	-0.0134498991257566	otoprotective
5361918	Methylnaltrexone	(4R,4aS,7aR,12bS)-3-(cyclopropylmethyl)-4a,9-dihydroxy-3-methyl-2,4,5,6,7a,13-hexahydro-1H-4,12-methanobenzofuro[3,2-e]isoquinolin-3-ium-7-one	JVLBPIPGETUEET-GAAHOAFPSA-O	21249653	-1	1	-0.0134498991257566	otoprotective
5362065	Cefixime	(6R,7R)-7-[[(2Z)-2-(2-amino-1,3-thiazol-4-yl)-2-(carboxymethoxyimino)acetyl]amino]-3-ethenyl-8-oxo-5-thia-1-azabicyclo[4.2.0]oct-2-ene-2-carboxylic acid	OKBVVJOGVLARMR-QSWIMTSFSA-N	35134541	1	1	0.0134498991257566	ototoxic
5362440	Indinavir	(2S)-1-[(2S,4R)-4-benzyl-2-hydroxy-5-[[(1S,2R)-2-hydroxy-2,3-dihydro-1H-inden-1-yl]amino]-5-oxopentyl]-N-tert-butyl-4-(pyridin-3-ylmethyl)piperazine-2-carboxamide	CBVCZFGXHXORBI-PXQQMZJSSA-N	24487230	1	1	0.0134498991257566	ototoxic
5365531	2,4-hexadienenitrile	(2E,4E)-hexa-2,4-dienenitrile	NYKHMTWWXWMMHN-MQQKCMAXSA-N	16150883	1	1	0.0134498991257566	ototoxic
5388906	Bedaquiline	(1R,2S)-1-(6-bromo-2-methoxyquinolin-3-yl)-4-(dimethylamino)-2-naphthalen-1-yl-1-phenylbutan-2-ol	QUIJNHUBAXPXFS-XLJNKUFUSA-N	41219953	1	1	0.0134498991257566	ototoxic
5388962	Enalapril	(2S)-1-[(2S)-2-[[(2S)-1-ethoxy-1-oxo-4-phenylbutan-2-yl]amino]propanoyl]pyrrolidine-2-carboxylic acid	GBXSMTUPTTWBMN-XIRDDKMYSA-N	21901716, 14990637	-2	2	-0.0268997982515131	otoprotective
5388983	Vinblastine sulfate	methyl (1R,9R,10S,11R,12R,19R)-11-acetyloxy-12-ethyl-4-[(13S,15R,17S)-17-ethyl-17-hydroxy-13-methoxycarbonyl-1,11-diazatetracyclo[13.3.1.04,12.05,10]nonadeca-4(12),5,7,9-tetraen-13-yl]-10-hydroxy-5-methoxy-8-methyl-8,16-diazapentacyclo[10.6.1.01,9.02,7.016,19]nonadeca-2,4,6,13-tetraene-10-carboxylate;sulfuric acid	KDQAABAKXDWYSZ-PNYVAJAMSA-N	16014323, 8233488	2	2	0.0268997982515131	ototoxic
5460033	Cisplatina	azane;dichloroplatinum	LXZZYRPGZAFOLE-UHFFFAOYSA-L	41365163, 41278499, 41308564, 40887718, 40829719, 41469892, 41046947, 41440725, 41346314, 41344314, 41338634, 41241440, 41320588, 41271447, 41268681, 41264078, 41140199, 41183177, 41239162, 41212257, 41110266, 40945651, 40801201, 40618947, 41122972, 41148830, 41169615, 41155658, 41132529, 41090873, 40685565, 38630333, 41040399, 40983773, 41011663, 40962343, 41002579, 41009448, 40937151, 40951767, 40669610, 40495013, 40932864, 40645324, 40894222, 40790374, 40842562, 40411396, 40398509, 40374000, 40323204, 40165641, 40051392, 39823520, 40739377, 40222417, 40722752, 40601160, 40412772, 40403227, 40334501, 40324146, 40159305, 40147638, 40045731, 39989079, 40642015, 40577815, 40572730, 40521160, 40464565, 40346416, 40128126, 40046635, 40563254, 40496981, 40429930, 40360848, 40338449, 40233546, 40127515, 40032793, 39983847, 39945816, 39924670, 40365018, 40351440, 40073814, 39923853, 40296470, 40226271, 40041973, 39965236, 39947413, 39756116, 40067887, 40109278, 40046909, 40093441, 39676140, 39654065, 39261989, 40126270, 40061942, 40027193, 39905500, 40023593, 39390645, 39949397, 39911951, 39844419, 39881873, 39898250, 39800976, 39850559, 39860094, 39485898, 39536494, 40382156, 40254427, 39708587, 39608515, 39522503, 39503057, 39460639, 39096016, 38770822, 39765905, 38826329, 39769128, 39521239, 39488053, 39423903, 39242413, 38629504, 39505327, 39594548, 39589176, 39126361, 39016116, 39640804, 39518996, 39575153, 39402331, 39386930, 39380081, 39421409, 38916058, 39525588, 39186064, 39141082, 38030129, 39333235, 39417180, 39380912, 39335208, 39259947, 38972209, 38917526, 39110182, 39098177, 39140499, 39130317, 38941893, 38906419, 38849049, 38789064, 38597272, 39047106, 39735238, 38842797, 38838775, 38661261, 39000202, 39061830, 38927933, 38929153, 37905009, 38765675, 38718672, 38705005, 38622383, 39158163, 38688426, 38492782, 38414247, 38490643, 38570541, 38518393, 38506087, 38562178, 38540254, 38450280, 38511136, 38474165, 37859596, 37820296, 38455770, 38043717, 37577804, 37562496, 38192850, 38072030, 39056507, 39056302, 38169643, 38056576, 38139245, 37962276, 36661237, 38003734, 37968255, 37932681, 37608195, 36995150, 37887850, 37813237, 37834021, 37532243, 37728555, 37682737, 37395757, 37779780, 37503854, 37568739, 37568737, 37496616, 37334742, 37416942, 37497164, 37210931, 37167889, 37068004, 37727820, 37440906, 37323582, 36931607, 36917731, 36939390, 35773430, 37181652, 37088824, 36626694, 37152642, 36965608, 37124562, 37014872, 36800006, 36791364, 36754151, 36567514, 37063917, 36980643, 36882858, 36682481, 36720354, 36517667, 35172660, 36902051, 36840012, 36834972, 36769271, 36729345, 36637632, 36637631, 36637630, 36097363, 36829792, 36699085, 36731442, 36477009, 36455457, 36191558, 35611593, 36661507, 36582469, 36555432, 36742606, 36742578, 36687225, 36403317, 36097301, 35534350, 36273620, 36499206, 36432700, 36430778, 36396833, 36397425, 36302835, 36341090, 36452529, 36282122, 35024956, 36286446, 36175910, 36142894, 36139833, 36092781, 36089725, 36063095, 35863163, 35723448, 36012982, 35991886, 36032922, 35724557, 34622731, 35910376, 35892664, 35814275, 35322580, 35968304, 35806229, 35739134, 35717191, 35561849, 35689218, 35621716, 35346799, 34731023, 34465184, 34213608, 35706425, 35628594, 35416186, 35304134, 35067571, 35573297, 38505572, 35529876, 35480138, 35032475, 35026350, 34772581, 35356976, 35455391, 35256453, 35355868, 35238644, 35530135, 35051751, 34971589, 34902678, 34483247, 35215367, 35221917, 35287541, 34997776, 34506008, 35164206, 35082962, 35899566, 35366769, 35127378, 34800260, 34757176, 34602350, 34490624, 34407567, 34353272, 34020824, 33757754, 33632031, 32532628, 34560429, 34949157, 34774227, 34635013, 34570616, 33749526, 34943021, 34702687, 34314868, 34146403, 34606329, 34582263, 34415784, 34302894, 34680523, 34462927, 34383016, 34330821, 34089817, 33885038, 34679662, 34621753, 34566577, 34471383, 34401512, 33677052, 32978721, 34381329, 34271863, 34335192, 34262104, 34335732, 31569969, 34262862, 34206364, 34199197, 34099061, 34077275, 33819469, 33775853, 33710154, 34095303, 33733573, 33771701, 33647739, 33621791, 33618164, 33411315, 31558064, 33879158, 33675811, 33631298, 33854102, 33625942, 33617403, 33581749, 33415542, 32273476, 33766142, 33666428, 33577918, 33476306, 33789004, 32221851, 33393488, 34344210, 33274582, 33245977, 32761280, 33374326, 33109343, 33326475, 33268358, 33415008, 33174043, 33136014, 32298597, 32827639, 32781170, 33152988, 32886425, 33342806, 33209674, 33019672, 32945421, 32939381, 32929878, 32905960, 32840016, 32802331, 32757852, 32484378, 32428544, 32157599, 32046580, 33029120, 33196041, 36090148, 33034840, 32729886, 32358651, 32065408, 31122882, 32885073, 32748834, 32865065, 32767320, 32626955, 32583132, 32421442, 32719605, 32711445, 32628088, 32541270, 32435918, 32413439, 32503640, 32443117, 32351026, 32203888, 31794686, 32278025, 32501032, 32429551, 32429117, 32393745, 32596174, 32355945, 32310224, 32269613, 32062294, 31666714, 32192504, 32006874, 32626588, 31997155, 31911334, 30797727, 31830441, 31978392, 31891754, 31866182, 31750863, 31974389, 31961948, 31952197, 33084473, 31929833, 31903111, 31765645, 31746818, 31688641, 31589904, 31568132, 31494228, 30268784, 31586226, 31531774, 31473143, 31814894, 31718024, 31545660, 30559254, 30126770, 31671767, 31647151, 31220555, 31540035, 31515474, 31551715, 31353895, 31240907, 31391343, 31347504, 31287434, 31256211, 31207045, 31160205, 31135681, 31115123, 31078568, 31012503, 31091460, 31301169, 31338024, 31267026, 31360245, 30978472, 30974336, 30952644, 31249357, 31293387, 31239676, 31092034, 30993373, 30913504, 31063591, 31052605, 31092439, 31036996, 31036993, 31036989, 31036988, 30975630, 30753979, 30738797, 30361796, 29673779, 31022870, 31010222, 30999660, 30733218, 30827780, 30888333, 30858408, 30837596, 30452777, 30317595, 30264291, 30095690, 30305294, 30732962, 30536479, 30189717, 30651130, 30692914, 31692421, 31661686, 31340214, 30334605, 30160353, 30671086, 30253329, 30281285, 30532536, 30587464, 30066022, 30310154, 30197679, 29960842, 30091915, 30025743, 28737048, 29908243, 30068942, 29958605, 29609517, 29460824, 30112115, 29361217, 29975402, 30197356, 29451951, 29445029, 29933376, 29924955, 30559765, 29993216, 29380538, 29875633, 29458150, 29632935, 29530589, 29770217, 29358504, 29893338, 29501366, 29501316, 29349595, 29143984, 29130514, 29092803, 28639555, 29608150, 29454061, 29513752, 29665656, 29230928, 29160156, 29670654, 29515628, 29197586, 30156165, 29311828, 29228931, 29327735, 29173064, 29128692, 29065096, 27457817, 29162831, 30090547, 29045502, 28887665, 28448657, 29163050, 29056901, 28974245, 29160374, 28796092, 28730299, 28537102, 28444219, 29033791, 28599874, 28955207, 28955202, 28738532, 28705091, 28560854, 28627458, 28520533, 27666741, 28636017, 28703809, 28736517, 28039263, 28259711, 28445188, 27905208, 27741378, 28572758, 28393095, 28390615, 28344103, 28223157, 28213099, 28406961, 28420987, 28643733, 28346057, 28202195, 28062185, 27992270, 27318370, 28287190, 26918827, 28590156, 28441710, 28248600, 28166996, 28042086, 27878588, 27245751, 28281768, 28239674, 27937095, 27650356, 27121633, 29339643, 29049998, 28757873, 28511189, 28012535, 27852619, 27794029, 29392035, 27863638, 27821327, 27821322, 27221387, 27869744, 27659732, 27729156, 27523611, 27315460, 27158843, 27156673, 27052552, 27122099, 27741210, 27619052, 27669661, 27632426, 27467178, 26685859, 27564061, 27354478, 27498707, 27486906, 27487360, 27424184, 27376482, 27299507, 27142473, 27260571, 27240489, 26930622, 26928270, 26748644, 26733264, 27122034, 26971701, 27080739, 28959567, 27053204, 27275456, 26865281, 26850526, 26849799, 26976021, 26830667, 26341473, 26768586, 26639015, 29727126, 28266200, 28115933, 27286730, 27259939, 26881219, 26789647, 26774148, 26581586, 26472207, 26419839, 26025356, 26673664, 26915150, 26622949, 26564230, 26278638, 25929858, 26498527, 26469832, 26400460, 26307546, 26027789, 25591968, 26193055, 26722409, 26415968, 26319609, 25214172, 26101797, 26375980, 25892279, 25861690, 26080623, 25891352, 24737682, 26224861, 29051464, 26321088, 26071124, 25809464, 25738645, 26011390, 25596088, 25749575, 26223712, 25488710, 25889937, 25878591, 25665007, 25697147, 25529530, 25267530, 25261194, 24478269, 27186927, 26925255, 25924602, 25823781, 25577212, 25434479, 25551397, 25501662, 26396946, 25629145, 25458160, 25439704, 25436046, 24609645, 25127324, 25078416, 24976616, 24888499, 24820112, 24623558, 25064701, 31051984, 25410892, 25279227, 25032121, 25004323, 24910417, 24841915, 24700295, 25041714, 24984156, 24973752, 24905944, 24796665, 24968257, 24709139, 24796670, 24922076, 24560772, 24822149, 24618499, 24608370, 24414535, 24702224, 24664118, 24072246, 25118554, 24735939, 24504791, 24297263, 24623533, 24434130, 24337005, 23946126, 23900991, 24419114, 24286513, 24272769, 23297007, 25551925, 25140325, 24806969, 24805896, 24403515, 24233060, 23956184, 23548607, 24427595, 24241639, 24055622, 23754209, 24216513, 23962902, 23358585, 24224985, 24198723, 24120390, 23884286, 24163613, 23583760, 23872836, 23863716, 23831416, 23820299, 23769626, 23161274, 25206508, 23558232, 23755301, 23651576, 23628221, 23467171, 23274376, 23001434, 22907029, 23818356, 23599074, 23413197, 23255417, 23065688, 23443244, 23246618, 22907028, 22744939, 23161409, 23002030, 22884636, 22804784, 22583420, 22147442, 22134515, 23311701, 23824325, 23548130, 23383324, 23255940, 22828384, 23248619, 22584749, 22309980, 23022312, 23045231, 23044998, 22975015, 22947376, 22801480, 22614106, 23092832, 23049454, 22892191, 22705360, 22524268, 22186767, 22763210, 22732230, 22676700, 22516052, 22431292, 22992258, 22562580, 22547603, 22635033, 22555987, 22290566, 21796767, 21502965, 22493493, 22592737, 22490890, 22462709, 22388732, 22051542, 21989624, 23449759, 22261612, 22264063, 22240458, 22155348, 22184390, 21807044, 23094043, 22919381, 22519400, 22055279, 21442422, 22109766, 21854840, 21732171, 21533919, 22122961, 21782914, 21455790, 21812630, 21572077, 21664657, 21521888, 21866174, 21804453, 21792028, 21730884, 21776018, 22754805, 21844995, 21787192, 21635776, 21716954, 21321603, 20300971, 22646075, 21596664, 21563089, 21493367, 20447728, 21526214, 21673362, 20712533, 21453661, 20625302, 21148032, 21919841, 21857081, 21757808, 21494054, 21128834, 20958132, 20883750, 20231075, 21151412, 20815453, 20214492, 20846503, 20631178, 20626325, 20620632, 20606530, 19946777, 20701838, 20513041, 20470667, 20307356, 20167005, 20569665, 20194861, 20194279, 20020438, 19883181, 20237264, 20203207, 20110413, 20098336, 20015469, 21151649, 19898482, 19851045, 19666099, 19749461, 19474282, 19434073, 19893946, 19893928, 19604121, 19784413, 19564816, 19145477, 19144244, 19386244, 19321781, 19472677, 19061216, 20523755, 19297277, 19116379, 19916578, 19292942, 19027506, 19018081, 18974641, 18955125, 19052196, 18772725, 18608594, 18184450, 19128679, 18855538, 18716567, 18706728, 18607991, 19086304, 19082353, 18758303, 18670884, 18584244, 18512096, 18578524, 18421716, 18343619, 18484961, 18408970, 18661012, 18421602, 19178659, 18334097, 18376265, 18376228, 17657790, 17457342, 18516452, 18057873, 17906689, 17967639, 17823555, 17706797, 17653135, 17710657, 17701890, 17516123, 17450108, 17433058, 17704425, 17666265, 17418969, 17243113, 17551394, 17503223, 19071684, 17401008, 17321087, 17224251, 17211286, 17113254, 16978814, 17183590, 17228018, 17291254, 17051332, 17112453, 17060685, 17026822, 16794914, 16758221, 16921039, 18236636, 16781082, 16302218, 16779793, 16569706, 16791039, 16777780, 16721639, 16569399, 16678019, 16464536, 16273313, 16622266, 16527030, 16484702, 16421885, 16527011, 16467722, 16462581, 16983183, 16757924, 16481813, 16125245, 16282762, 16162981, 16014323, 15742177, 15951398, 15999362, 23120177, 16081592, 16020136, 15953532, 15953519, 15855036, 15855032, 15728228, 15721567, 15721563, 15721555, 15496615, 16419684, 16109459, 15945505, 15804144, 15604295, 15567610, 15533169, 15390300, 15547419, 15519518, 15504603, 15326186, 27811606, 15454836, 15643740, 15475801, 15185124, 15332714, 15251161, 15243567, 15219317, 15201951, 15224867, 15219046, 15081879, 26942826, 14966836, 15091231, 15091230, 15068570, 14987750, 15163161, 14724489, 14698086, 14644455, 14599692, 14566101, 14534679, 14974858, 14502062, 14506138, 12871655, 12837810, 12948602, 12855369, 12855368, 12921131, 14567400, 12742238, 12736113, 12698184, 12859139, 12859137, 12644815, 27265333, 12820379, 12618314, 12623149, 12849752, 12583992, 12497204, 12433395, 12553036, 12361873, 12210444, 12208542, 12184599, 12165893, 12095298, 12087338, 12168832, 12053139, 12011540, 12003999, 12031515, 11849779, 11745505, 11729237, 11745184, 11781046, 11697824, 11688544, 11604553, 11561984, 11583387, 11568534, 11437646, 11407910, 11376818, 11423224, 11405249, 11396152, 11554626, 11488999, 11249048, 11137357, 11124452, 11210167, 11033258, 11132710, 11129736, 11129735, 11013280, 11081456, 10985895, 10913379, 10912698, 10912697, 10892700, 10912957, 10858004, 10831874, 10831873, 10831872, 10828794, 10715580, 11603760, 10709968, 10718325, 10675502, 10675634, 10661332, 10757560, 10664037, 10656463, 10629769, 10613387, 10597739, 10588857, 10580222, 10842603, 10842600, 10842595, 10842594, 10842591, 10842581, 10842580, 10842579, 10569412, 10569399, 10591510, 10554048, 10452374, 10443830, 10440193, 10439167, 10435736, 10442192, 10392547, 10362343, 10360638, 10355609, 10348271, 10094887, 10220857, 10082280, 10489862, 10461057, 10418721, 10366030, 9894965, 20654460, 9918419, 9887233, 9869217, 9852528, 9928679, 9806657, 9772295, 9845029, 9822908, 9822907, 9822901, 9733234, 9731839, 9743957, 9626861, 9591854, 9588920, 9579846, 9560102, 9614438, 9516610, 9496389, 9447921, 9374173, 9353848, 9335396, 9307320, 9307316, 9305250, 9303151, 9260600, 9282895, 9256891, 29389283, 9215367, 9118046, 9099346, 9105457, 9288280, 9248736, 9071901, 9039483, 9039482, 8996143, 8988741, 8980410, 8951454, 8918489, 8859195, 8921280, 8880186, 8864323, 8783672, 8831842, 8683243, 8614387, 8656260, 8698156, 8626111, 8614212, 8774643, 8725528, 8637206, 8531860, 8625244, 9166498, 8976821, 8809338, 8612469, 8572135, 8568514, 8573296, 7499942, 7481869, 8587776, 8547697, 7672700, 8576002, 7561498, 8573543, 8540119, 7589918, 7541235, 8567417, 7747703, 7479581, 7738626, 7705704, 8553022, 7844610, 8592171, 8543970, 7577096, 7838482, 7992069, 7973776, 7959273, 7931482, 7817496, 7817496, 11578417, 7922544, 8076721, 8172706, 8075038, 8203821, 11894776, 8275441, 8179863, 8043459, 8033300, 7857625, 8276291, 8233297, 8410121, 8233488, 8339231, 8318204, 8508371, 8499098, 8490836, 8499323, 8387576, 8340273, 8464301, 8410144, 8220286, 8471554, 8456203, 8381703, 11578321, 8477204, 8436482, 8435364, 8261581, 1474367, 1326318, 1390311, 1339077, 1581592, 1372350, 1311026, 1735073, 1329224, 1547792, 1449432, 1743559, 1663104, 1919629, 1752735, 1751584, 1655988, 1873774, 1886448, 1886439, 1919647, 1710655, 1888154, 2065844, 1848154, 1848372, 2056973, 2007612, 1829919, 1822954, 1662964, 2076973, 2208024, 2208023, 2281204, 2240186, 2167955, 2228803, 2362532, 2358836, 2372498, 2346126, 2197052, 2161175, 2112362, 2102477, 2160140, 2181152, 2180271, 2407811, 2309560, 2306798, 2275640, 2206855, 2177606, 2176134, 2134738, 2620478, 2474060, 2544349, 2720598, 2715805, 2708157, 2708156, 2650023, 2910782, 2913475, 2751489, 2650722, 2590860, 2586361, 3225645, 3069423, 2850191, 3182412, 3398664, 3398663, 3391815, 3378222, 2836565, 3281541, 3342465, 3338666, 3232027, 3440227, 3309197, 2443621, 3499743, 3625244, 3599243, 3308592, 3607722, 3583423, 3568273, 3561328, 3152939, 3032880, 2445164, 3019845, 3747696, 3528727, 3718685, 3752388, 3728372, 3086808, 2426115, 3962651, 4040801, 3909801, 2988488, 4039131, 3891114, 4040310, 4038468, 4047624, 4041173, 4039797, 4038376, 3899068, 6398148, 6083522, 6090371, 6422414, 6537798, 6686617, 6685804, 6685094, 6681592, 6687235, 6687194, 6684750, 6682776, 6088710, 6983637, 6983637, 6983636, 6891928, 6890409, 6889911, 7201751, 7199971, 7199807, 7198012, 7197152, 6971699, 6787526, 6936069, 7188880, 387223, 470725, 747905, 348089, 951390, 33849947, 33200354, 9760072, 41103031, 32921181, 32430772, 31036991, 30319960, 18642321, 16626767, 8583847, 8483602, 3124056, 3496573, 10713493, 9112103, 41339603, 41089024, 40684720, 40719825, 39227158, 38195246, 37108749, 34861207, 33351563, 32061715, 30570608, 30189620, 29514916, 27607577, 27324827, 26477751, 26219586, 25687728, 24122981, 23467357, 23429295, 22967486, 22796517, 21590781, 22183279, 22272115, 20396870, 19937094, 19922082, 19286452, 18403086, 17418561, 17259704, 17085952, 16698207, 16485034, 16028669, 15768804, 15464296, 15316230, 12782811, 12453623, 12537762, 11950533, 11335071, 9721942, 9406919, 8597959, 7623136, 7662351, 7838481, 7970174, 8265118, 8281295, 2062150, 1759575, 3390078, 3805877, 6537883, 159127, 39532799, 38585011, 37062025, 37456600, 31908415, 29857302, 29846043, 29642900, 32263549, 27833872, 25058905, 23314138, 19940282, 18188721, 16390557, 16482940, 10597214, 8845491, 1385050, 1951896, 2109631, 1688614, 6539589, 18001800, 17114138, 15949078, 1538445, 14670682, 3039831, 22006742, 10808697, 9605002, 3281702	1746	1746	23.4835238735709	ototoxic
5460326	Refchem:1092748	5-(dithiolan-3-yl)pentanoate	AGBQKNBQESQNJD-UHFFFAOYSA-M	16131024, 10220857	-2	2	-0.0268997982515131	otoprotective
5460341	Calcium	calcium	OYPRJOBELJOOCE-UHFFFAOYSA-N	6690474, 31260825	-2	2	-0.0268997982515131	otoprotective
5462224	Magnesium	magnesium	FYYHWMGAXLPEAU-UHFFFAOYSA-N	31781229, 26029103, 24590390, 16527030, 7610812, 17402292, 15533151, 8135325	-8	8	-0.107599193006052	otoprotective
5462328	Heroin	[(4R,4aR,7S,7aR,12bS)-9-acetyloxy-3-methyl-2,4,4a,7,7a,13-hexahydro-1H-4,12-methanobenzofuro[3,2-e]isoquinolin-7-yl] acetate	GVGLGOZIDCSQPN-PVHGPHFFSA-N	32468345	1	1	0.0134498991257566	ototoxic
5464355	Cefquinome	(6R,7R)-7-[[(2Z)-2-(2-amino-1,3-thiazol-4-yl)-2-methoxyiminoacetyl]amino]-8-oxo-3-(5,6,7,8-tetrahydroquinolin-1-ium-1-ylmethyl)-5-thia-1-azabicyclo[4.2.0]oct-2-ene-2-carboxylate	YWKJNRNSJKEFMK-PQFQYKRASA-N	33478757	1	1	0.0134498991257566	ototoxic
5479530	Ceftriaxone	(6R,7R)-7-[[(2Z)-2-(2-amino-1,3-thiazol-4-yl)-2-methoxyiminoacetyl]amino]-3-[(2-methyl-5,6-dioxo-1H-1,2,4-triazin-3-yl)sulfanylmethyl]-8-oxo-5-thia-1-azabicyclo[4.2.0]oct-2-ene-2-carboxylic acid	VAAUVRVFOQPIGI-SPQHTLEESA-N	33200354	1	1	0.0134498991257566	ototoxic
5481173	Ceftazidime	(6R,7R)-7-[[(2Z)-2-(2-amino-1,3-thiazol-4-yl)-2-(2-carboxypropan-2-yloxyimino)acetyl]amino]-8-oxo-3-(pyridin-1-ium-1-ylmethyl)-5-thia-1-azabicyclo[4.2.0]oct-2-ene-2-carboxylate	ORFOPKXBNMVMKC-DWVKKRMSSA-N	33998666, 2665790	2	2	0.0268997982515131	ototoxic
5487496	N-benzyloxycarbonyl-leucyl-leucyl-phenylalaninal	benzyl N-[(2S)-4-methyl-1-[[(2S)-4-methyl-2-[(1-oxo-3-phenylpropan-2-yl)amino]pentanoyl]amino]-1-oxopentan-2-yl]carbamate	DTIABGUJCAYDRL-WIXBZOCESA-N	33084473, 23413197	-2	2	-0.0268997982515131	otoprotective
5497152	22002-87-5	(2-hydroxy-3-phosphonooxypropyl) (Z)-octadec-9-enoate	WRGQSWVCFNIUNZ-KTKRTIGZSA-N	37968255	-1	1	-0.0134498991257566	otoprotective
5497174	Refchem:1101123	methyl (3S)-5-fluoro-3-[[(2S)-2-[[(2S)-3-methyl-2-(phenylmethoxycarbonylamino)butanoyl]amino]propanoyl]amino]-4-oxopentanoate	MIFGOLAMNLSLGH-QOKNQOGYSA-N	40248074, 39995440, 32464263, 12853430	-4	4	-0.0537995965030262	otoprotective
5717801	Salubrinal	(E)-3-phenyl-N-[2,2,2-trichloro-1-(quinolin-8-ylcarbamothioylamino)ethyl]prop-2-enamide	LCOIAYJMPKXARU-VAWYXSNFSA-N	35706425	-1	1	-0.0134498991257566	otoprotective
5742673	Cefotaxime	(6R,7R)-3-(acetyloxymethyl)-7-[[(2Z)-2-(2-amino-1,3-thiazol-4-yl)-2-methoxyiminoacetyl]amino]-8-oxo-5-thia-1-azabicyclo[4.2.0]oct-2-ene-2-carboxylic acid	GPRBEKHLDVQUJE-QSWIMTSFSA-N	9515673	-1	1	-0.0134498991257566	otoprotective
6321424	Ivermectin b1a	(1R,4S,5'S,6R,6'R,8R,10E,12S,13S,14E,16E,20R,21R,24S)-6'-[(2S)-butan-2-yl]-21,24-dihydroxy-12-[(2R,4S,5S,6S)-5-[(2S,4S,5S,6S)-5-hydroxy-4-methoxy-6-methyloxan-2-yl]oxy-4-methoxy-6-methyloxan-2-yl]oxy-5',11,13,22-tetramethylspiro[3,7,19-trioxatetracyclo[15.6.1.14,8.020,24]pentacosa-10,14,16,22-tetraene-6,2'-oxane]-2-one	AZSNMRSAGSSBNP-XPNPUAGNSA-N	36090793, 35645195, 33491234	3	3	0.0403496973772697	ototoxic
6324616	Rifamycin	[(7S,9E,11S,12R,13S,14R,15R,16R,17S,18S,19E,21Z)-2,15,17,27,29-pentahydroxy-11-methoxy-3,7,12,14,16,18,22-heptamethyl-6,23-dioxo-8,30-dioxa-24-azatetracyclo[23.3.1.14,7.05,28]triaconta-1(29),2,4,9,19,21,25,27-octaen-13-yl] acetate	HJYYPODYNSCCOU-ODRIEIDWSA-N	29392065	1	1	0.0134498991257566	ototoxic
6325610	Melanin	6,14-dimethyl-4,12-diazapentacyclo[8.6.1.12,5.013,17.09,18]octadeca-1(17),2,5,9(18),10,13-hexaene-7,8,15,16-tetrone	XUMBMVFBXHLACL-UHFFFAOYSA-N	17010622	-1	1	-0.0134498991257566	otoprotective
6326970	Selenium	selenium	BUGBHKTXTAQXES-UHFFFAOYSA-N	27741210, 17764724, 15251161	-3	3	-0.0403496973772697	otoprotective
6398764	Tenofovir disoproxil fumarate	[[(2R)-1-(6-aminopurin-9-yl)propan-2-yl]oxymethyl-(propan-2-yloxycarbonyloxymethoxy)phosphoryl]oxymethyl propan-2-yl carbonate;(E)-but-2-enedioic acid	VCMJCVGFSROFHV-WZGZYPNHSA-N	41355029, 35468305	2	2	0.0268997982515131	ototoxic
6420042	77086-22-7	(Z)-but-2-enedioic acid;(1S,9R)-1-methyl-16-azatetracyclo[7.6.1.02,7.010,15]hexadeca-2,4,6,10,12,14-hexaene	QLTXKCWMEZIHBJ-PJGJYSAQSA-N	30123246, 15200423, 11123168, 10861021, 20556589, 7544527, 1358402	-7	7	-0.0941492938802959	otoprotective
6432052	Ferumoxytol non-stoichiometric magnetite	iron(2+);bis(iron(3+));tetrakis(oxygen(2-))	WTFXARWRTYJXII-UHFFFAOYSA-N	20694782	-1	1	-0.0134498991257566	otoprotective
6433272	Stamycin	(1S,15S,16R,17R,18S,19E,21E,25E,27E,29E,31E)-33-[(2S,3S,4S,5S,6R)-4-amino-3,5-dihydroxy-6-methyloxan-2-yl]oxy-1,3,4,7,9,11,17,37-octahydroxy-15,16,18-trimethyl-13-oxo-14,39-dioxabicyclo[33.3.1]nonatriaconta-19,21,25,27,29,31-hexaene-36-carboxylic acid	VQOXZBDYSJBXMA-RKEBNKJGSA-N	27819649, 22991276, 21384237, 15807966	2	4	0.0268997982515131	ototoxic
6433944	2-pentenenitrile, (z)-	(Z)-pent-2-enenitrile	ISBHMJZRKAFTGE-ARJAWSKDSA-N	11245407	1	1	0.0134498991257566	ototoxic
6434235	Ceramide, monosialosyl tetraglycosyl	(2S,4S,5R,6R)-5-acetamido-6-[3-[(2S,3R,4R,5S,6R)-5-[(2S,3R,4R,5R,6R)-3-acetamido-5-hydroxy-6-(hydroxymethyl)-4-[(2R,3R,4S,5R,6R)-3,4,5-trihydroxy-6-(hydroxymethyl)oxan-2-yl]oxyoxan-2-yl]oxy-2-[(2R,3S,4R,5R,6R)-4,5-dihydroxy-2-(hydroxymethyl)-6-[(E)-3-hydroxy-2-(octadecanoylamino)octadec-4-enoxy]oxan-3-yl]oxy-3-hydroxy-6-(hydroxymethyl)oxan-4-yl]oxy-1,2-dihydroxypropyl]-2,4-dihydroxyoxane-2-carboxylic acid	CNLVNZJJSHZYAS-ALSOZVJRSA-N	11520632	-1	1	-0.0134498991257566	otoprotective
6435415	Cilastatin	(Z)-7-[(2R)-2-amino-2-carboxyethyl]sulfanyl-2-[[(1S)-2,2-dimethylcyclopropanecarbonyl]amino]hept-2-enoic acid	DHSUYTOATWAVLW-WFVMDLQDSA-N	35197290	-1	1	-0.0134498991257566	otoprotective
6436036	Ozolinone	(2Z)-2-(3-methyl-4-oxo-5-piperidin-1-yl-1,3-thiazolidin-2-ylidene)acetic acid	NQFBZYYUAFJYNS-FPLPWBNLSA-N	1930985, 4088324	2	2	0.0268997982515131	ototoxic
6437380	Lumefantrine	2-(dibutylamino)-1-[(9Z)-2,7-dichloro-9-[(4-chlorophenyl)methylidene]fluoren-4-yl]ethanol	DYLGFOYVTXJFJP-MYYYXRDXSA-N	15109547	1	1	0.0134498991257566	ototoxic
6440181	Cerovive	disodium;4-[(Z)-[tert-butyl(oxido)azaniumylidene]methyl]benzene-1,3-disulfonate	XLZOVRYBVCMCGL-BPNVQINPSA-L	40969893, 28832600, 28438658	-3	3	-0.0403496973772697	otoprotective
6450800	Artemether and lumefantrine	2-(dibutylamino)-1-[(9Z)-2,7-dichloro-9-[(4-chlorophenyl)methylidene]fluoren-4-yl]ethanol;(4S,5R,8S,9R,10S,12R,13R)-10-methoxy-1,5,9-trimethyl-11,14,15,16-tetraoxatetracyclo[10.3.1.04,13.08,13]hexadecane	ZVAQGQOEHFIYMQ-PRLJFWCFSA-N	16887727	1	1	0.0134498991257566	ototoxic
6451084	Salvianolic acid b	(2R)-2-[(E)-3-[(2S,3S)-3-[(1R)-1-carboxy-2-(3,4-dihydroxyphenyl)ethoxy]carbonyl-2-(3,4-dihydroxyphenyl)-7-hydroxy-2,3-dihydro-1-benzofuran-4-yl]prop-2-enoyl]oxy-3-(3,4-dihydroxyphenyl)propanoic acid	SNKFFCBZYFGCQN-VWUOOIFGSA-N	33666428, 32351026, 33084473	-3	3	-0.0403496973772697	otoprotective
6451553	Dipotassium n-acetyl-dl-aspartate	dipotassium;2-acetamidobutanedioate	CNOZYEVPMFZJSM-UHFFFAOYSA-L	32894392	-1	1	-0.0134498991257566	otoprotective
6452749	Locacorten-vioform	5-chloro-7-iodoquinolin-8-ol;[2-[(6S,8S,10S,11S,13S,14S,16R,17R)-6,9-difluoro-11,17-dihydroxy-10,13,16-trimethyl-3-oxo-6,7,8,11,12,14,15,16-octahydrocyclopenta[a]phenanthren-17-yl]-2-oxoethyl] 2,2-dimethylpropanoate	CVUQAAZGOGWDCF-SAPBVRDASA-N	29301391	1	1	0.0134498991257566	ototoxic
6479523	Azlocillin	(2S,5R,6R)-3,3-dimethyl-7-oxo-6-[[(2R)-2-[(2-oxoimidazolidine-1-carbonyl)amino]-2-phenylacetyl]amino]-4-thia-1-azabicyclo[3.2.0]heptane-2-carboxylic acid	JTWOMNBEOCYFNV-NFFDBFGFSA-N	1399929	1	1	0.0134498991257566	ototoxic
6508724	Fm1-43	3-[4-[(E)-2-[4-(dibutylamino)phenyl]ethenyl]pyridin-1-ium-1-yl]propyl-triethylazanium dibromide	VZUVCAGXYLMFEC-UHFFFAOYSA-L	11549711	-1	1	-0.0134498991257566	otoprotective
6603108	Scopolamine hydrobromide	[(1R,2R,4S,5S)-9-methyl-3-oxa-9-azatricyclo[3.3.1.02,4]nonan-7-yl] (2S)-3-hydroxy-2-phenylpropanoate;hydrobromide	WTGQALLALWYDJH-WYHSTMEOSA-N	8775399	-1	1	-0.0134498991257566	otoprotective
6603945	79032-48-7	(2S)-2-acetamido-3-methyl-3-nitrososulfanylbutanoic acid	ZIIQCSMRQKCOCT-YFKPBYRVSA-N	23028481	1	1	0.0134498991257566	ototoxic
6604165	Nitroprusside sodium	disodium;azanylidyneoxidanium;iron(2+);pentacyanide	XEYBHCRIKKKOSS-UHFFFAOYSA-N	10448431, 9447930, 8970810	3	3	0.0403496973772697	ototoxic
6610268	E6 berbamine	[(1S,14R)-20,21,25-trimethoxy-15,30-dimethyl-7,23-dioxa-15,30-diazaheptacyclo[22.6.2.23,6.18,12.114,18.027,31.022,33]hexatriaconta-3(36),4,6(35),8,10,12(34),18,20,22(33),24,26,31-dodecaen-9-yl] 4-nitrobenzoate	PUAVTDKYTXNVBU-OIDHKYIRSA-N	27896487, 27065807	-2	2	-0.0268997982515131	otoprotective
6610341	Mntbap	manganese(3+);4-[10,15,20-tris(4-carboxyphenyl)porphyrin-22,24-diid-5-yl]benzoic acid	OAWZTKNCHQQRKF-UHFFFAOYSA-L	40046635, 40496981, 38705005	-3	3	-0.0403496973772697	otoprotective
6852391	N-butylscopolammonium bromide	[(1R,2R,4S,5S)-9-butyl-9-methyl-3-oxa-9-azoniatricyclo[3.3.1.02,4]nonan-7-yl] (2S)-3-hydroxy-2-phenylpropanoate bromide	HOZOZZFCZRXYEK-HNHWXVNLSA-M	40200775	-1	1	-0.0134498991257566	otoprotective
6917685	Org-2766	(4S)-5-[[(2S)-1-[[(2S)-1-[[(2R)-6-amino-1-[[(1S)-1-carboxy-2-phenylethyl]amino]-1-oxohexan-2-yl]amino]-1-oxo-3-phenylpropan-2-yl]amino]-3-(1H-imidazol-5-yl)-1-oxopropan-2-yl]amino]-4-[[(2S)-2-amino-4-methylsulfonylbutanoyl]amino]-5-oxopentanoic acid	QUCFVNGGGFLOES-ACQYNFKHSA-N	14566101, 10831874, 10082280, 8179863, 1848372, 9112103	-6	6	-0.0806993947545393	otoprotective
6917894	Dalargin	(2S)-2-[[(2S)-2-[[(2S)-2-[[2-[[(2R)-2-[[(2S)-2-amino-3-(4-hydroxyphenyl)propanoyl]amino]propanoyl]amino]acetyl]amino]-3-phenylpropanoyl]amino]-4-methylpentanoyl]amino]-5-(diaminomethylideneamino)pentanoic acid	GDPHPXYFLPDZGH-XBTMSFKCSA-N	23651617	-1	1	-0.0134498991257566	otoprotective
6918258	Trk-710	bis((2S)-4-acetyl-2-methyl-5-oxo-2H-furan-3-olate);platinum(2+);trans-(1R,2R)-cyclohexane-1,2-diamine	JSEUNYAKBKVVLC-PCJREDRESA-L	8587776	1	1	0.0134498991257566	ototoxic
6918638	Belinostat	(E)-N-hydroxy-3-[3-(phenylsulfamoyl)phenyl]prop-2-enamide	NCNRHFGMJRPRSK-MDZDMXLPSA-N	29114207	-1	1	-0.0134498991257566	otoprotective
6918837	Panobinostat	(E)-N-hydroxy-3-[4-[[2-(2-methyl-1H-indol-3-yl)ethylamino]methyl]phenyl]prop-2-enamide	FPOHNWQLNRZRFC-ZHACJKMWSA-N	29114207	-1	1	-0.0134498991257566	otoprotective
6924655	4-hydroxyquinoline-2-carboxylate	4-oxo-1H-quinoline-2-carboxylate	HCZHHEIFKROPDY-UHFFFAOYSA-M	1681996	-1	1	-0.0134498991257566	otoprotective
6992039	L-eflornithine	(2S)-2,5-diamino-2-(difluoromethyl)pentanoic acid	VLCYCQAOQCDTCN-ZCFIWIBFSA-N	15718247	1	1	0.0134498991257566	ototoxic
7045767	Acetyl-l-carnitine	(3R)-3-acetyloxy-4-(trimethylazaniumyl)butanoate	RDHQFKQIGNGIED-MRVPVSSYSA-N	40969893, 32865065, 30496017, 24286513	-4	4	-0.0537995965030262	otoprotective
7616033	941987-60-6	1-(4-ethylphenyl)-3-(1H-indol-3-yl)urea	UJZDIKVQFMCLBE-UHFFFAOYSA-N	39676140	-1	1	-0.0134498991257566	otoprotective
7802604	870762-83-7	1-[2-(1-benzyl-2,5-dimethylpyrrol-3-yl)-2-oxoethyl]-5-(trifluoromethyl)pyridin-2-one	RGSGTUIDJXHTTO-UHFFFAOYSA-N	31952197, 33084473	-2	2	-0.0268997982515131	otoprotective
9548602	Creatine phosphate	2-[methyl-[(E)-N'-phosphonocarbamimidoyl]amino]acetic acid	DRBBFCLWYRJSJZ-UHFFFAOYSA-N	21901716	-1	1	-0.0134498991257566	otoprotective
9552079	Chlorhexidine	(1E)-2-[6-[[amino-[(E)-[amino-(4-chloroanilino)methylidene]amino]methylidene]amino]hexyl]-1-[amino-(4-chloroanilino)methylidene]guanidine	GHXZTYHSJHQHIJ-UHFFFAOYSA-N	30113566, 29490694, 22420428, 10983954, 3485852	5	5	0.0672494956287828	ototoxic
9552081	Chlorhexidine digluconate	(1E)-2-[6-[[amino-[(E)-[amino-(4-chloroanilino)methylidene]amino]methylidene]amino]hexyl]-1-[amino-(4-chloroanilino)methylidene]guanidine;bis((2R,3S,4R,5R)-2,3,4,5,6-pentahydroxyhexanoic acid)	YZIYKJHYYHPJIB-UUPCJSQJSA-N	34345476, 34345476	2	2	0.0268997982515131	ototoxic
9568614	Esomeprazole	6-methoxy-2-[(S)-(4-methoxy-3,5-dimethyl-2-pyridinyl)methylsulfinyl]-1H-benzimidazole	SUBDBMMJDZJVOS-DEOSSOPVSA-N	37210931	-1	1	-0.0134498991257566	otoprotective
9578005	Dexlansoprazole	2-[(R)-[3-methyl-4-(2,2,2-trifluoroethoxy)-2-pyridinyl]methylsulfinyl]-1H-benzimidazole	MJIHNNLFOKEZEW-RUZDIDTESA-N	37210931	-1	1	-0.0134498991257566	otoprotective
9793905	S-allyl-l-cysteine	(2R)-2-amino-3-prop-2-enylsulfanylpropanoic acid	ZFAHNWWNDFHPOH-YFKPBYRVSA-N	27136366	-1	1	-0.0134498991257566	otoprotective
9794159	(2r)-2-amino-3-(prop-2-en-1-yldisulfanyl)propanoic acid	(2R)-2-amino-3-(prop-2-enyldisulfanyl)propanoic acid	WYQZZUUUOXNSCS-YFKPBYRVSA-N	27136366	-1	1	-0.0134498991257566	otoprotective
9796304	Minerval	(Z)-2-hydroxyoctadec-9-enoic acid	JBSOOFITVPOOSY-KTKRTIGZSA-N	24798086	-1	1	-0.0134498991257566	otoprotective
9796440	Nedaplatin	azane;2-oxidoacetate;platinum(2+)	GYAVMUDJCHAASE-UHFFFAOYSA-M	41212257, 29770217, 29501366, 22583420, 23044998, 11488999	4	6	0.0537995965030262	ototoxic
9811704	T58msi464g	(2R,3R,4R,5R)-4-[(2R,3R,4R,5S,6R)-5-[(2R,3R,4S,5S,6R)-3,4-dihydroxy-6-methyl-5-[[(1S,4R,5S,6S)-4,5,6-trihydroxy-3-(hydroxymethyl)cyclohex-2-en-1-yl]amino]oxan-2-yl]oxy-3,4-dihydroxy-6-(hydroxymethyl)oxan-2-yl]oxy-2,3,5,6-tetrahydroxyhexanal	CEMXHAPUFJOOSV-XGWNLRGSSA-N	26474001	-1	1	-0.0134498991257566	otoprotective
9817450	Polaprezinc	zinc (2S)-2-(3-aminopropanoylamino)-3-imidazol-1-id-4-ylpropanoate	IGXZLYMCFZHNKW-FJXQXJEOSA-L	35071521	-1	1	-0.0134498991257566	otoprotective
9819086	Adjudin	1-[(2,4-dichlorophenyl)methyl]indazole-3-carbohydrazide	VENCPJAAXKBIJD-UHFFFAOYSA-N	25640330, 26510796	-2	2	-0.0268997982515131	otoprotective
9819104	5-(3,5-di-tert-butyl-4-hydroxybenzyl)-4-hydroxythiazol-2(5h)-one	5-[(3,5-ditert-butyl-4-hydroxyphenyl)methyl]-1,3-thiazolidine-2,4-dione	QDYYSPGKYXWGSL-UHFFFAOYSA-N	38492782	-1	1	-0.0134498991257566	otoprotective
9845918	Zvad peptide	(2S)-2-[[(2S)-2-[[(2S)-3-methyl-2-(phenylmethoxycarbonylamino)butanoyl]amino]propanoyl]amino]butanedioic acid	ZEQLKYSQIAZNOS-NOLJZWGESA-N	24993301	-1	1	-0.0134498991257566	otoprotective
9848818	Tauroursodeoxycholic acid	2-[[(4R)-4-[(3R,5S,7S,8R,9S,10S,13R,14S,17R)-3,7-dihydroxy-10,13-dimethyl-2,3,4,5,6,7,8,9,11,12,14,15,16,17-tetradecahydro-1H-cyclopenta[a]phenanthren-17-yl]pentanoyl]amino]ethanesulfonic acid	BHTRKEVKTKCXOH-LBSADWJPSA-N	40835755, 33631298, 29751043, 29049998, 25973683, 32061715	-6	6	-0.0806993947545393	otoprotective
9854073	Cabazitaxel	[(1S,2S,3R,4S,7R,9S,10S,12R,15S)-4-acetyloxy-1-hydroxy-15-[(2R,3S)-2-hydroxy-3-[(2-methylpropan-2-yl)oxycarbonylamino]-3-phenylpropanoyl]oxy-9,12-dimethoxy-10,14,17,17-tetramethyl-11-oxo-6-oxatetracyclo[11.3.1.03,10.04,7]heptadec-13-en-2-yl] benzoate	BMQGVNUXMIRLCK-OAGWZNDDSA-N	37147955	1	1	0.0134498991257566	ototoxic
9855350	Gentak	(2R,3R,4R,5R)-2-[(1S,2S,3R,4S,6R)-4,6-diamino-3-[(2R,3R,6S)-3-amino-6-(1-aminoethyl)oxan-2-yl]oxy-2-hydroxycyclohexyl]oxy-5-methyl-4-(methylamino)oxane-3,5-diol;(2R,3R,4R,5R)-2-[(1S,2S,3R,4S,6R)-4,6-diamino-3-[(2R,3R,6S)-3-amino-6-(aminomethyl)oxan-2-yl]oxy-2-hydroxycyclohexyl]oxy-5-methyl-4-(methylamino)oxane-3,5-diol;(2R,3R,4R,5R)-2-[(1S,2S,3R,4S,6R)-4,6-diamino-3-[(2R,3R,6S)-3-amino-6-[1-(methylamino)ethyl]oxan-2-yl]oxy-2-hydroxycyclohexyl]oxy-5-methyl-4-(methylamino)oxane-3,5-diol;sulfuric acid	RDEIXVOBVLKYNT-VQBXQJRRSA-N	39018670, 15515489, 12810465, 12150525, 11802005, 9557770, 9525243, 9339804, 8880186, 8703385, 8647725, 1682936, 1673834, 2122376, 4081322, 10270312, 6838109, 7325304, 7420681, 7352894, 444050, 16021460, 8458749, 8432687, 1769915, 3501364	26	26	0.34969737726967	ototoxic
9881695	Methyl (3s)-3-(((1,1-dimethylethoxy)carbonyl)amino)-5-fluoro-4-oxopentanoate	methyl (3S)-5-fluoro-3-[(2-methylpropan-2-yl)oxycarbonylamino]-4-oxopentanoate	MXOOUCRHWJYCAL-ZETCQYMHSA-N	10629769	-1	1	-0.0134498991257566	otoprotective
9887053	Oxaliplatin	[(1R,2R)-2-azanidylcyclohexyl]azanide;oxalic acid;platinum(2+)	DRMCATBEKSVAPL-BNTLRKBRSA-N	39923853, 39485898, 38661261, 38993640, 38419883, 37523980, 34462927, 33647739, 33234775, 32583132, 32429551, 32006874, 31978392, 31961948, 31781632, 31647151, 31063591, 31036988, 29975402, 29632935, 29770217, 27669661, 27498707, 27486906, 25872564, 25551355, 25577212, 24984156, 24968257, 24702224, 25551926, 24216561, 23962902, 22583420, 25419212, 23044998, 22333669, 22592737, 20556736, 19116379, 18334097, 17538173, 19071684, 17019740, 16806962, 15700853, 14534679, 11561984, 11583387, 11488999, 30319960, 25058905	52	52	0.699394754539341	ototoxic
9898279	Ginsenoside rb1	(2R,3R,4S,5S,6R)-2-[[(2R,3S,4S,5R,6S)-6-[(2S)-2-[(3S,5R,8R,9R,10R,12R,13R,14R,17S)-3-[(2R,3R,4S,5S,6R)-4,5-dihydroxy-6-(hydroxymethyl)-3-[(2S,3R,4S,5S,6R)-3,4,5-trihydroxy-6-(hydroxymethyl)oxan-2-yl]oxyoxan-2-yl]oxy-12-hydroxy-4,4,8,10,14-pentamethyl-2,3,5,6,7,9,11,12,13,15,16,17-dodecahydro-1H-cyclopenta[a]phenanthren-17-yl]-6-methylhept-5-en-2-yl]oxy-3,4,5-trihydroxyoxan-2-yl]methoxy]-6-(hydroxymethyl)oxane-3,4,5-triol	GZYPWOGIYAIIPV-JBDTYSNRSA-N	23933362	-1	1	-0.0134498991257566	otoprotective
9909368	Ginkgolide a	(1R,3R,6R,7S,8S,10R,11S,13S,16S,17R)-8-tert-butyl-6,17-dihydroxy-16-methyl-2,4,14,19-tetraoxahexacyclo[8.7.2.01,11.03,7.07,11.013,17]nonadecane-5,15,18-trione	FPUXKXIZEIDQKW-VKMVSBOZSA-N	21190826	-1	1	-0.0134498991257566	otoprotective
9910393	Mcc950	1-(1,2,3,5,6,7-hexahydro-s-indacen-4-yl)-3-[4-(2-hydroxypropan-2-yl)furan-2-yl]sulfonylurea	HUUSXLKCTQDPGL-UHFFFAOYSA-N	41046290	-1	1	-0.0134498991257566	otoprotective
9912913	Etimicin	(2R,3R,4R,5R)-2-[(1S,2S,3R,4S,6R)-4-amino-3-[(2R,3R,6S)-3-amino-6-(aminomethyl)oxan-2-yl]oxy-6-(ethylamino)-2-hydroxycyclohexyl]oxy-5-methyl-4-(methylamino)oxane-3,5-diol	NZGMVSJQULXLHF-RAKCNUBFSA-N	33094525, 31937930, 28881316	3	3	0.0403496973772697	ototoxic
9917013	Cep-1347	methyl (15S,16R,18R)-10,23-bis(ethylsulfanylmethyl)-16-hydroxy-15-methyl-3-oxo-28-oxa-4,14,19-triazaoctacyclo[12.11.2.115,18.02,6.07,27.08,13.019,26.020,25]octacosa-1,6,8(13),9,11,20(25),21,23,26-nonaene-16-carboxylate	SCMLRESZJCKCTC-KMYQRJGFSA-N	12062756, 11788201, 10627579	-3	3	-0.0403496973772697	otoprotective
9929138	Pifithrin-alpha	2-(2-imino-4,5,6,7-tetrahydro-1,3-benzothiazol-3-yl)-1-(4-methylphenyl)ethanone;hydrobromide	HAGVCKULCLQGRF-UHFFFAOYSA-N	31338024, 12849752	-2	2	-0.0268997982515131	otoprotective
9941031	Phenylalanyl-glycyl-leucyl-methioninamide	(2S)-N-[(2S)-1-amino-4-methylsulfanyl-1-oxobutan-2-yl]-2-[[2-[[(2S)-2-amino-3-phenylpropanoyl]amino]acetyl]amino]-4-methylpentanamide	JIJRURCWBONLPN-BZSNNMDCSA-N	25739461	-1	1	-0.0134498991257566	otoprotective
9941444	Pasireotide	[(3S,6S,9S,12R,15S,18S,20R)-9-(4-aminobutyl)-3-benzyl-12-(1H-indol-3-ylmethyl)-2,5,8,11,14,17-hexaoxo-15-phenyl-6-[(4-phenylmethoxyphenyl)methyl]-1,4,7,10,13,16-hexazabicyclo[16.3.0]henicosan-20-yl] N-(2-aminoethyl)carbamate	VMZMNAABQBOLAK-DBILLSOUSA-N	30728348, 27787949	-2	2	-0.0268997982515131	otoprotective
9952709	Cd1530	4-[7-(1-adamantyl)-6-hydroxynaphthalen-2-yl]benzoic acid	VCQGNUWOMLYNNG-UHFFFAOYSA-N	31527426	-1	1	-0.0134498991257566	otoprotective
9962571	Artemether/lumefantrine	2-(dibutylamino)-1-[(9Z)-2,7-dichloro-9-[(4-chlorophenyl)methylidene]fluoren-4-yl]ethanol;(1S,4S,5R,8S,9R,10S,12R,13R)-10-methoxy-1,5,9-trimethyl-11,14,15,16-tetraoxatetracyclo[10.3.1.04,13.08,13]hexadecane	ZVAQGQOEHFIYMQ-FDEHHNJXSA-N	18796142	1	1	0.0134498991257566	ototoxic
10000860	Ox5xk1jd8c	[(1R,2R)-2-(aminomethyl)cyclobutyl]methanamine;(2S)-2-oxidopropanoate;platinum(2+)	RLXPIABKJFUYFG-DOYDWZMXSA-M	22583420	1	1	0.0134498991257566	ototoxic
10032582	Z-lehd-fmk	methyl (4S)-5-[[(2S)-1-[[(3S)-5-fluoro-1-methoxy-1,4-dioxopentan-3-yl]amino]-3-(1H-imidazol-5-yl)-1-oxopropan-2-yl]amino]-4-[[(2S)-4-methyl-2-(phenylmethoxycarbonylamino)pentanoyl]amino]-5-oxopentanoate	YXRKBEPGVHOXSV-QORCZRPOSA-N	15604295	-1	1	-0.0134498991257566	otoprotective
10100634	Ombuoside	5-hydroxy-2-(3-hydroxy-4-methoxyphenyl)-7-methoxy-3-[(2S,3R,4S,5S,6R)-3,4,5-trihydroxy-6-[[(2R,3R,4R,5R,6S)-3,4,5-trihydroxy-6-methyloxan-2-yl]oxymethyl]oxan-2-yl]oxychromen-4-one	VVSFMIXQNYRGMG-BDAFLREQSA-N	39640804	-1	1	-0.0134498991257566	otoprotective
10195666	Imisopasem manganese	manganese(2+);(4R,9R,14R,19R)-3,10,13,20,26-pentazatetracyclo[20.3.1.04,9.014,19]hexacosa-1(26),22,24-triene;dichloride	WXEMWBBXVXHEPU-XNPJUPKFSA-L	15467288, 12583992	-2	2	-0.0268997982515131	otoprotective
10220267	Vermilion	mercury(2+) sulfide	LGZXYFMMLRYXLK-UHFFFAOYSA-N	17292570	1	1	0.0134498991257566	ototoxic
10249040	Ac-vad-cmk	(3S)-3-[[(2S)-2-[[(2S)-2-acetamido-3-methylbutanoyl]amino]propanoyl]amino]-5-chloro-4-oxopentanoic acid	FQAKSMQTRMIPHS-FWDPORAESA-N	9721942	-1	1	-0.0134498991257566	otoprotective
10339178	Carboplatin	azane;cyclobutane-1,1-dicarboxylate;platinum(2+)	OLESAACUTLOWQZ-UHFFFAOYSA-L	40887718, 40685565, 40682276, 40962343, 40147638, 40045731, 40642015, 39924670, 39923853, 40296470, 39261989, 39485898, 39503057, 39254185, 39550593, 39525588, 38661261, 38511136, 38286366, 37715631, 36729345, 36699085, 36191558, 36687225, 36397425, 35024956, 35724557, 35599187, 35739134, 34506008, 33757754, 34570616, 34702687, 34462927, 33885038, 33209674, 32905960, 33034840, 32729886, 32583132, 32429551, 32006874, 31978392, 31961948, 31688641, 31494228, 31063591, 31036988, 30361796, 30888333, 29958605, 30112115, 29975402, 29380538, 29632935, 29350448, 29770217, 29501316, 27741378, 28590156, 27245751, 27650356, 28149271, 28511189, 27050825, 27821322, 27669661, 27498707, 27486906, 26691159, 27286730, 26232270, 25577212, 26759527, 25179451, 24976616, 24984156, 24968257, 24072246, 24623533, 24419114, 23962902, 24422857, 23769626, 23566980, 22583420, 23255940, 25593588, 23044998, 22547603, 21796767, 22592737, 22370329, 21596664, 21461057, 20931205, 20701838, 20194861, 20194279, 19484793, 19148943, 18334097, 18376265, 17278120, 17909450, 17698804, 19071684, 17401008, 17224251, 16086410, 16779793, 16569706, 16777780, 16376542, 16393937, 16080999, 15768383, 16131024, 15721567, 16419684, 15611401, 15533169, 27811606, 15454836, 15375498, 15109710, 14534679, 14555405, 12736113, 12725337, 12165893, 12011540, 12083725, 11996467, 11697824, 11520631, 11561984, 11583387, 11297239, 11554626, 11488999, 11134210, 11124453, 11210167, 11149742, 11114707, 10962190, 10899696, 12689476, 12689438, 10656463, 10842607, 10842592, 10360638, 10231137, 10208553, 10082293, 12689485, 10489862, 10461057, 20654460, 9806657, 9845029, 9818694, 9854499, 9655844, 17168503, 9532413, 9516610, 9616283, 8790735, 8611435, 8630999, 8531860, 7481869, 8535306, 7672700, 8575999, 8553022, 7610893, 7525055, 7992069, 7817496, 8064951, 8071158, 8164491, 7973504, 8276291, 8233301, 8233488, 15125271, 8508371, 8490836, 8261581, 1405761, 1403039, 1390311, 1312584, 1732426, 1411626, 1449432, 1919629, 1846407, 1985171, 1696831, 2181152, 2406922, 2233516, 2206854, 2192812, 2651580, 2540867, 2655095, 2541506, 2649354, 2475098, 3281541, 3315195, 30319960, 9390829, 35378622, 19435600, 17198689, 16957595, 12948601, 12204359, 10601720, 9667436, 9367242, 9165348, 8817317, 3542253, 25058905, 8845491, 2173440, 15949078, 9605002	235	237	3.16072629455279	ototoxic
10419027	Norvancomycin	(1S,2R,18R,19R,22S,25R,28R,40S)-48-[(2S,3R,4S,5S,6R)-3-[(2S,4S,5S,6S)-4-amino-5-hydroxy-4,6-dimethyloxan-2-yl]oxy-4,5-dihydroxy-6-(hydroxymethyl)oxan-2-yl]oxy-19-[[(2R)-2-amino-4-methylpentanoyl]amino]-22-(2-amino-2-oxoethyl)-5,15-dichloro-2,18,32,35,37-pentahydroxy-20,23,26,42,44-pentaoxo-7,13-dioxa-21,24,27,41,43-pentazaoctacyclo[26.14.2.23,6.214,17.18,12.129,33.010,25.034,39]pentaconta-3,5,8(48),9,11,14,16,29(45),30,32,34(39),35,37,46,49-pentadecaene-40-carboxylic acid	NUAQIRUAZSJTAI-YRPZDAAMSA-N	15032485	1	1	0.0134498991257566	ototoxic
10458621	Tapi-1	(2R)-N-[(2S)-1-[[(2S)-1-(2-aminoethylamino)-1-oxopropan-2-yl]amino]-3-naphthalen-2-yl-1-oxopropan-2-yl]-N'-hydroxy-2-(2-methylpropyl)butanediamide	AWNBSWDIOCXWJW-WTOYTKOKSA-N	22031879	-1	1	-0.0134498991257566	otoprotective
10474339	202821-81-6	3-[(5-chloro-2-hydroxyphenyl)methyl]-5-[4-(trifluoromethyl)phenyl]-1,3,4-oxadiazol-2-one	QKOWACXSXTXRKA-UHFFFAOYSA-N	36090293	-1	1	-0.0134498991257566	otoprotective
10759163	13-(benzyloxy)-13-oxotridecanoic acid	13-oxo-13-phenylmethoxytridecanoic acid	KQINCEXNMZLESQ-UHFFFAOYSA-N	8318205	-1	1	-0.0134498991257566	otoprotective
10898559	Methylcobalamin	carbanide;cobalt(3+);[(2R,3S,4R,5S)-5-(5,6-dimethylbenzimidazol-1-yl)-4-hydroxy-2-(hydroxymethyl)oxolan-3-yl] 1-[3-[(1R,2R,3R,5Z,7S,10Z,12S,13S,15Z,17S,18S,19R)-2,13,18-tris(2-amino-2-oxoethyl)-7,12,17-tris(3-amino-3-oxopropyl)-3,5,8,8,13,15,18,19-octamethyl-2,7,12,17-tetrahydro-1H-corrin-24-id-3-yl]propanoylamino]propan-2-yl phosphate	ZFLASALABLFSNM-WYVZQNDMSA-L	11425200	-1	1	-0.0134498991257566	otoprotective
11167602	Regorafenib	4-[4-[[4-chloro-3-(trifluoromethyl)phenyl]carbamoylamino]-3-fluorophenoxy]-N-methylpyridine-2-carboxamide	FNHKPVJBJVTLMP-UHFFFAOYSA-N	31381817	1	1	0.0134498991257566	ototoxic
11174599	Tetrodotoxin	(1R,5R,6R,7R,9S,11S,12S,13S,14S)-3-amino-14-(hydroxymethyl)-8,10-dioxa-2,4-diazatetracyclo[7.3.1.17,11.01,6]tetradec-3-ene-5,9,12,13,14-pentol	CFMYXEVWODSLAX-QOZOJKKESA-N	8294261	1	1	0.0134498991257566	ototoxic
11338749	519187-97-4	1-[3-[2-(1-benzothiophen-5-yl)ethoxy]propyl]azetidin-3-ol;(Z)-but-2-enedioic acid	RLUCYBFCLXANSO-BTJKTKAUSA-N	18343519	-1	1	-0.0134498991257566	otoprotective
11388331	Mitoquinone mesylate	10-(4,5-dimethoxy-2-methyl-3,6-dioxocyclohexa-1,4-dien-1-yl)decyl-triphenylphosphanium;methanesulfonate	GVZFUVXPTPGOQT-UHFFFAOYSA-M	39844419, 31022870, 30508699, 24518411, 22965463	-5	5	-0.0672494956287828	otoprotective
11388332	Mitoquinone	10-(4,5-dimethoxy-2-methyl-3,6-dioxocyclohexa-1,4-dien-1-yl)decyl-triphenylphosphanium	OIIMUKXVVLRCAF-UHFFFAOYSA-N	41462666, 29194212, 28248600, 25550222, 25076226	-5	5	-0.0672494956287828	otoprotective
11427553	Kw-2449	[4-[(E)-2-(1H-indazol-3-yl)ethenyl]phenyl]-piperazin-1-ylmethanone	YYLKKYCXAOBSRM-JXMROGBWSA-N	33819469	-1	1	-0.0134498991257566	otoprotective
11476460	Tedizolid phosphate	[(5R)-3-[3-fluoro-4-[6-(2-methyltetrazol-5-yl)-3-pyridinyl]phenyl]-2-oxo-1,3-oxazolidin-5-yl]methyl dihydrogen phosphate	QCGUSIANLFXSGE-GFCCVEGCSA-N	38622383	-1	1	-0.0134498991257566	otoprotective
11530459	870773-76-5	4-[4-(2-butoxyethoxy)-5-methyl-1,3-thiazol-2-yl]-2-fluorobenzoic acid	HSAOETBFVAWNRP-UHFFFAOYSA-N	31527426	-1	1	-0.0134498991257566	otoprotective
11618368	Tozadenant	4-hydroxy-N-(4-methoxy-7-morpholin-4-yl-1,3-benzothiazol-2-yl)-4-methylpiperidine-1-carboxamide	XNBRWUQWSKXMPW-UHFFFAOYSA-N	35938679	-1	1	-0.0134498991257566	otoprotective
11679937	Gj39xp7xmn	2-phenylprop-2-enylhydrazine;hydrochloride	SSRWZZHWIPKMCQ-UHFFFAOYSA-N	40512245	-1	1	-0.0134498991257566	otoprotective
11723200	Avenanthramide c	2-[[(E)-3-(3,4-dihydroxyphenyl)prop-2-enoyl]amino]-5-hydroxybenzoic acid	IDUUXROOZBOOPH-QHHAFSJGSA-N	41132529, 36769271, 35353852, 31312524	-4	4	-0.0537995965030262	otoprotective
11764719	Elamipretide	(2S)-6-amino-2-[[(2S)-2-[[(2R)-2-amino-5-(diaminomethylideneamino)pentanoyl]amino]-3-(4-hydroxy-2,6-dimethylphenyl)propanoyl]amino]-N-[(2S)-1-amino-1-oxo-3-phenylpropan-2-yl]hexanamide	SFVLTCAESLKEHH-WKAQUBQDSA-N	29105116, 29214897	-2	2	-0.0268997982515131	otoprotective
11815952	4-methylthiobenzoic acid	4-methylbenzenecarbothioic S-acid	PJHWTWHVCOZCPU-UHFFFAOYSA-N	15855032, 10912697, 10569399, 10355609, 9353848, 9303151	-6	6	-0.0806993947545393	otoprotective
11822705	Bcl-2 inhibitor	4-methoxy-2-[2-(5-methoxy-2-nitrosophenyl)ethyl]-1-nitrosobenzene	YPSXFMHXRZAGTG-UHFFFAOYSA-N	17085952	-1	1	-0.0134498991257566	otoprotective
11954252	Tobramycin sulfate	bis((2S,3R,4S,5S,6R)-4-amino-2-[(1S,2S,3R,4S,6R)-4,6-diamino-3-[(2R,3R,5S,6R)-3-amino-6-(aminomethyl)-5-hydroxyoxan-2-yl]oxy-2-hydroxycyclohexyl]oxy-6-(hydroxymethyl)oxane-3,5-diol);sulfuric acid	NZKFUBQRAWPZJP-BXKLGIMVSA-N	3535719, 6838109, 7325304, 7420681, 1053373	5	5	0.0672494956287828	ototoxic
11954318	Butikacin	(2R,3R,4S,5S,6R)-2-[(1R,2S,3S,4R,6S)-6-amino-3-[(2S,3R,4S,5S,6R)-4-amino-3,5-dihydroxy-6-(hydroxymethyl)oxan-2-yl]oxy-4-[[(2S)-4-amino-2-hydroxybutyl]amino]-2-hydroxycyclohexyl]oxy-6-(aminomethyl)oxane-3,4,5-triol	OCFOTEIMZBKQFS-DGMGPCKZSA-N	507791	1	1	0.0134498991257566	ototoxic
11973122	Ginkgolide b	(1R,3R,6R,7S,8S,10R,11R,12S,13S,16S,17R)-8-tert-butyl-6,12,17-trihydroxy-16-methyl-2,4,14,19-tetraoxahexacyclo[8.7.2.01,11.03,7.07,11.013,17]nonadecane-5,15,18-trione	SQOJOAFXDQDRGF-ZMVGXLHTSA-N	39421409, 26768586, 25749575, 21190826	-4	4	-0.0537995965030262	otoprotective
11979606	Kaletra	(2S)-N-[(2S,4S,5S)-5-[[2-(2,6-dimethylphenoxy)acetyl]amino]-4-hydroxy-1,6-diphenylhexan-2-yl]-3-methyl-2-(2-oxo-1,3-diazinan-1-yl)butanamide;1,3-thiazol-5-ylmethyl N-[(2S,3S,5S)-3-hydroxy-5-[[(2S)-3-methyl-2-[[methyl-[(2-propan-2-yl-1,3-thiazol-4-yl)methyl]carbamoyl]amino]butanoyl]amino]-1,6-diphenylhexan-2-yl]carbamate	OFFWOVJBSQMVPI-RMLGOCCBSA-N	35645195, 34489859, 33491234	3	3	0.0403496973772697	ototoxic
12000240	Emricasan	(3S)-3-[[(2S)-2-[[2-(2-tert-butylanilino)-2-oxoacetyl]amino]propanoyl]amino]-4-oxo-5-(2,3,5,6-tetrafluorophenoxy)pentanoic acid	SCVHJVCATBPIHN-SJCJKPOMSA-N	39110182	-1	1	-0.0134498991257566	otoprotective
12002176	Butirosin	(2S)-4-amino-N-[(1R,2S,3R,4R,5S)-5-amino-4-[(2R,3R,4R,5S,6R)-3-amino-6-(aminomethyl)-4,5-dihydroxyoxan-2-yl]oxy-3-[(2S,3R,5R)-3,4-dihydroxy-5-(hydroxymethyl)oxolan-2-yl]oxy-2-hydroxycyclohexyl]-2-hydroxybutanamide	XEQLFNPSYWZPOW-KRKVEZTKSA-N	28685903	1	1	0.0134498991257566	ototoxic
12714644	Dapansutrile	3-methylsulfonylpropanenitrile	LQFRYKBDZNPJSW-UHFFFAOYSA-N	41046290	-1	1	-0.0134498991257566	otoprotective
12855920	Ginsenoside rh1	(2R,3R,4S,5S,6R)-2-[[(3S,5R,6S,8R,9R,10R,12R,13R,14R,17S)-3,12-dihydroxy-17-[(2S)-2-hydroxy-6-methylhept-5-en-2-yl]-4,4,8,10,14-pentamethyl-2,3,5,6,7,9,11,12,13,15,16,17-dodecahydro-1H-cyclopenta[a]phenanthren-6-yl]oxy]-6-(hydroxymethyl)oxane-3,4,5-triol	RAQNTCRNSXYLAH-RFCGZQMISA-N	38141010, 36931607	-2	2	-0.0268997982515131	otoprotective
14049689	2 hydroxypropyl beta cyclodextrin	(1S,3R,5R,6S,8R,10R,11S,13R,15R,16S,18R,20R,21S,23R,25R,26S,28R,30R,31S,33R,35R,36R,37R,38R,39R,40R,41R,42R,43R,44R,45R,46R,47R,48R,49R)-5,10,15,20,25,30,35-heptakis(2-hydroxypropoxymethyl)-2,4,7,9,12,14,17,19,22,24,27,29,32,34-tetradecaoxaoctacyclo[31.2.2.23,6.28,11.213,16.218,21.223,26.228,31]nonatetracontane-36,37,38,39,40,41,42,43,44,45,46,47,48,49-tetradecol	ODLHGICHYURWBS-LKONHMLTSA-N	26055150, 28384320	2	2	0.0268997982515131	ototoxic
15984016	Serofendic acid	(1S,4S,5R,9S,10S,12S,13S,14R)-14-hydroxy-5,9-dimethyl-13-(methylsulfinylmethyl)tetracyclo[10.2.2.01,10.04,9]hexadecane-5-carboxylic acid	RSTMEZAVUUMLEO-OTPBFAOLSA-N	15858407	-1	1	-0.0134498991257566	otoprotective
16007367	Amg-517	N-[4-[6-[4-(trifluoromethyl)phenyl]pyrimidin-4-yl]oxy-1,3-benzothiazol-2-yl]acetamide	YUTIXVXZQIQWGY-UHFFFAOYSA-N	37956582	-1	1	-0.0134498991257566	otoprotective
16051948	Quinine sulfate	bis((R)-[(2S,4S,5R)-5-ethenyl-1-azabicyclo[2.2.2]octan-2-yl]-(6-methoxyquinolin-4-yl)methanol);sulfuric acid	RONWGALEIBILOG-VMJVVOMYSA-N	9387990	1	1	0.0134498991257566	ototoxic
16051953	Erythromycin gluceptate	(3R,4S,5S,6R,7R,9R,11R,12R,13S,14R)-6-[(2S,3R,4S,6R)-4-(dimethylamino)-3-hydroxy-6-methyloxan-2-yl]oxy-14-ethyl-7,12,13-trihydroxy-4-[(2R,4R,5S,6S)-5-hydroxy-4-methoxy-4,6-dimethyloxan-2-yl]oxy-3,5,7,9,11,13-hexamethyl-oxacyclotetradecane-2,10-dione;(2R,3R,4S,5R,6R)-2,3,4,5,6,7-hexahydroxyheptanoic acid	ZXBDZLHAHGPXIG-VTXLJDRKSA-N	835977	1	1	0.0134498991257566	ototoxic
16056828	Hydroxycobalamin	cobalt(2+);[(2R,3S,4R,5S)-5-(5,6-dimethylbenzimidazol-1-yl)-4-hydroxy-2-(hydroxymethyl)oxolan-3-yl] [(2R)-1-[3-[(1R,2R,3R,4Z,7S,9Z,12S,13S,14Z,17S,18S,19R)-2,13,18-tris(2-amino-2-oxoethyl)-7,12,17-tris(3-amino-3-oxopropyl)-3,5,8,8,13,15,18,19-octamethyl-2,7,12,17-tetrahydro-1H-corrin-21-id-3-yl]propanoylamino]propan-2-yl] phosphate;hydrate	DQOCFCZRZOAIBN-WZHZPDAFSA-L	10448431, 9447930	-2	2	-0.0268997982515131	otoprotective
16119814	Caspofungin	(10R,12S)-N-[(3S,6S,9S,11R,15S,18S,20R,21S,24S,25S)-21-(2-aminoethylamino)-3-[(1R)-3-amino-1-hydroxypropyl]-6-[(1S,2S)-1,2-dihydroxy-2-(4-hydroxyphenyl)ethyl]-11,20,25-trihydroxy-15-[(1R)-1-hydroxyethyl]-2,5,8,14,17,23-hexaoxo-1,4,7,13,16,22-hexazatricyclo[22.3.0.09,13]heptacosan-18-yl]-10,12-dimethyltetradecanamide	JYIKNQVWKBUSNH-WVDDFWQHSA-N	22977711	1	1	0.0134498991257566	ototoxic
16129706	Somatostatin	(4R,7S,10S,13S,16S,19S,22S,25S,28S,31S,34S,37R)-19,34-bis(4-aminobutyl)-31-(2-amino-2-oxoethyl)-37-[[2-[[(2S)-2-aminopropanoyl]amino]acetyl]amino]-13,25,28-tribenzyl-10,16-bis[(1R)-1-hydroxyethyl]-7-(hydroxymethyl)-22-(1H-indol-3-ylmethyl)-6,9,12,15,18,21,24,27,30,33,36-undecaoxo-1,2-dithia-5,8,11,14,17,20,23,26,29,32,35-undecazacyclooctatriacontane-4-carboxylic acid	NHXLMOGPVYXJNR-ATOGVRKGSA-N	19294753	-1	1	-0.0134498991257566	otoprotective
16129778	Tannic acid	[2,3-dihydroxy-5-[[(2R,3R,4S,5R,6S)-3,4,5,6-tetrakis[[3,4-dihydroxy-5-(3,4,5-trihydroxybenzoyl)oxybenzoyl]oxy]oxan-2-yl]methoxycarbonyl]phenyl] 3,4,5-trihydroxybenzoate	LRBQNJMCXXYXIU-PPKXGCFTSA-N	27717895	-1	1	-0.0134498991257566	otoprotective
16132435	Iberiotoxin	5-amino-2-[[2-[[10-[[6-amino-2-[[6-amino-2-[[2-[[2-[[7,34-bis(4-aminobutyl)-37-[[2-[[2-[[2-[[10-(4-aminobutyl)-22-[[3-carboxy-2-[[2-[[3-carboxy-2-[[3-hydroxy-2-[[2-[(5-oxopyrrolidine-2-carbonyl)amino]-3-phenylpropanoyl]amino]butanoyl]amino]propanoyl]amino]-3-methylbutanoyl]amino]propanoyl]amino]-7-(2-carboxyethyl)-13,19-bis(hydroxymethyl)-6,9,12,15,18,21-hexaoxo-16-propan-2-yl-1,2-dithia-5,8,11,14,17,20-hexazacyclotricosane-4-carbonyl]amino]-3-(1H-indol-3-yl)propanoyl]amino]-3-hydroxypropanoyl]amino]-3-methylbutanoyl]amino]-25-benzyl-13-(3-carbamimidamidopropyl)-16,31-bis(carboxymethyl)-28-(2-methylpropyl)-6,9,12,15,18,21,24,27,30,33,36-undecaoxo-19-propan-2-yl-1,2-dithia-5,8,11,14,17,20,23,26,29,32,35-undecazacyclooctatriacontane-4-carbonyl]amino]-4-methylsulfanylbutanoyl]amino]acetyl]amino]hexanoyl]amino]hexanoyl]amino]-7-(3-carbamimidamidopropyl)-6,9-dioxo-1,2-dithia-5,8-diazacycloundecane-4-carbonyl]amino]-3-(4-hydroxyphenyl)propanoyl]amino]-5-oxopentanoic acid	VDNVVLOBNHIMQA-UHFFFAOYSA-N	16109459	-1	1	-0.0134498991257566	otoprotective
16134627	Dalbavancin	(2S,3S,4R,5R,6S)-6-[[(1S,2R,19R,22R,34S,37R,40R,52S)-5,32-dichloro-52-[3-(dimethylamino)propylcarbamoyl]-2,26,31,44,49-pentahydroxy-22-(methylamino)-21,35,38,54,56,59-hexaoxo-47-[(2R,3S,4S,5S,6R)-3,4,5-trihydroxy-6-(hydroxymethyl)oxan-2-yl]oxy-7,13,28-trioxa-20,36,39,53,55,58-hexazaundecacyclo[38.14.2.23,6.214,17.219,34.18,12.123,27.129,33.141,45.010,37.046,51]hexahexaconta-3,5,8,10,12(64),14(63),15,17(62),23(61),24,26,29(60),30,32,41(57),42,44,46(51),47,49,65-henicosaen-64-yl]oxy]-3,4-dihydroxy-5-(10-methylundecanoylamino)oxane-2-carboxylic acid	KGPGQDLTDHGEGT-SZUNQUCBSA-N	37858087	1	1	0.0134498991257566	ototoxic
16138723	151988-33-9	(2S)-2-[[(2S)-2-[[(2S,3R)-2-[[(2S)-2-[[(2S)-2-[[(2S)-2-[[(2S)-2-[[(2S)-2-[[(2S)-2-[[(2S)-2-[[(2S)-2-[[(2S)-2-[[(2S,3S)-2-[[(2S)-2-[[(2S)-2-[[(2S)-2-[[(2S)-2-[[(2S)-2-[[(2S)-2-[[(2S)-2-[[(2S)-2-[[(2S)-2-[[(2S)-2-[[(2S)-2-[[(2S)-2-acetamidopropanoyl]amino]-4-methylsulfanylbutanoyl]amino]-3-methylbutanoyl]amino]-3-hydroxypropanoyl]amino]-4-carboxybutanoyl]amino]-3-phenylpropanoyl]amino]-4-methylpentanoyl]amino]-6-aminohexanoyl]amino]-5-amino-5-oxopentanoyl]amino]propanoyl]amino]-3-(1H-indol-3-yl)propanoyl]amino]-3-phenylpropanoyl]amino]-3-methylpentanoyl]amino]-4-carboxybutanoyl]amino]-4-amino-4-oxobutanoyl]amino]-4-carboxybutanoyl]amino]-4-carboxybutanoyl]amino]-5-amino-5-oxopentanoyl]amino]-4-carboxybutanoyl]amino]-3-(4-hydroxyphenyl)propanoyl]amino]-3-methylbutanoyl]amino]-5-amino-5-oxopentanoyl]amino]-3-hydroxybutanoyl]amino]-3-methylbutanoyl]amino]-6-aminohexanoic acid	ODWGEWZOPBDSHW-ISLQBSBZSA-N	35561849	-1	1	-0.0134498991257566	otoprotective
16201712	Gp91 ds-tat	(2S)-2-[[(2S)-2-[[(2S)-2-[[(2S)-6-amino-2-[[(2S)-6-amino-2-[[(2S)-2-amino-5-carbamimidamidopentanoyl]amino]hexanoyl]amino]hexanoyl]amino]-5-carbamimidamidopentanoyl]amino]-5-carbamimidamidopentanoyl]amino]-N-[(2S)-1-[[(2S)-1-[[(2S)-1-[[(2R)-1-[[(2S)-1-[[(2S,3R)-1-[[(2S)-1-[[(2S,3S)-1-[[(2S)-1-[[(2S)-1-[[(2S)-5-amino-1-[[(2S)-1-amino-4-methyl-1-oxopentan-2-yl]amino]-1,5-dioxopentan-2-yl]amino]-5-carbamimidamido-1-oxopentan-2-yl]amino]-5-carbamimidamido-1-oxopentan-2-yl]amino]-3-methyl-1-oxopentan-2-yl]amino]-5-carbamimidamido-1-oxopentan-2-yl]amino]-3-hydroxy-1-oxobutan-2-yl]amino]-3-hydroxy-1-oxopropan-2-yl]amino]-1-oxo-3-sulfanylpropan-2-yl]amino]-5-carbamimidamido-1-oxopentan-2-yl]amino]-5-carbamimidamido-1-oxopentan-2-yl]amino]-5-carbamimidamido-1-oxopentan-2-yl]pentanediamide	XSOIEAKWPXDKLM-OALAUQGLSA-N	29571735	-1	1	-0.0134498991257566	otoprotective
16209942	213546-53-3	(2S)-1-[(2S)-2-[[(2S)-2-[[(2S)-6-amino-2-[[(2S)-5-amino-2-[[(2S)-2-[[(2S)-6-amino-2-[[(2S)-2-[[(2S)-5-amino-2-[[(2S)-2-[[(2S)-1-[(2S)-2-[[(2S)-2-[[(2S)-2-[[(2S)-2-[[(2S)-2-[[(2S)-2-[[(2S)-2-[[(2S)-2-[[(2S)-1-[(2S)-2-[[(2S)-2-[[(2S)-2-[[(2S)-2-[[(2S)-2-[[(2S)-2-aminopropanoyl]amino]propanoyl]amino]-3-methylbutanoyl]amino]propanoyl]amino]-4-methylpentanoyl]amino]-4-methylpentanoyl]pyrrolidine-2-carbonyl]amino]propanoyl]amino]-3-methylbutanoyl]amino]-4-methylpentanoyl]amino]-4-methylpentanoyl]amino]propanoyl]amino]-4-methylpentanoyl]amino]-4-methylpentanoyl]amino]propanoyl]pyrrolidine-2-carbonyl]amino]-3-methylbutanoyl]amino]-5-oxopentanoyl]amino]-5-carbamimidamidopentanoyl]amino]hexanoyl]amino]-5-carbamimidamidopentanoyl]amino]-5-oxopentanoyl]amino]hexanoyl]amino]-4-methylpentanoyl]amino]-4-methylsulfanylbutanoyl]pyrrolidine-2-carboxylic acid	FAWLNURBQMTKEB-URDPEVQOSA-N	18607991	-1	1	-0.0134498991257566	otoprotective
16220016	Salmon calcitonin	(4S)-4-[[(2S)-5-amino-2-[[(2S)-2-[[(2S)-2-[[(2S)-6-amino-2-[[2-[[(2S)-2-[[(2S)-2-[[(4R,7S,10S,13S,16S,19S,22R)-22-amino-16-(2-amino-2-oxoethyl)-7-[(1R)-1-hydroxyethyl]-10,19-bis(hydroxymethyl)-13-(2-methylpropyl)-6,9,12,15,18,21-hexaoxo-1,2-dithia-5,8,11,14,17,20-hexazacyclotricosane-4-carbonyl]amino]-3-methylbutanoyl]amino]-4-methylpentanoyl]amino]acetyl]amino]hexanoyl]amino]-4-methylpentanoyl]amino]-3-hydroxypropanoyl]amino]-5-oxopentanoyl]amino]-5-[[(2S)-1-[[(2S)-1-[[(2S)-6-amino-1-[[(2S)-1-[[(2S)-5-amino-1-[[(2S,3R)-1-[[(2S)-1-[(2S)-2-[[(2S)-1-[[(2S,3R)-1-[[(2S)-4-amino-1-[[(2S,3R)-1-[[2-[[(2S)-1-[[2-[[(2S,3R)-1-[(2S)-2-carbamoylpyrrolidin-1-yl]-3-hydroxy-1-oxobutan-2-yl]amino]-2-oxoethyl]amino]-3-hydroxy-1-oxopropan-2-yl]amino]-2-oxoethyl]amino]-3-hydroxy-1-oxobutan-2-yl]amino]-1,4-dioxobutan-2-yl]amino]-3-hydroxy-1-oxobutan-2-yl]amino]-5-carbamimidamido-1-oxopentan-2-yl]carbamoyl]pyrrolidin-1-yl]-3-(4-hydroxyphenyl)-1-oxopropan-2-yl]amino]-3-hydroxy-1-oxobutan-2-yl]amino]-1,5-dioxopentan-2-yl]amino]-4-methyl-1-oxopentan-2-yl]amino]-1-oxohexan-2-yl]amino]-3-(1H-imidazol-5-yl)-1-oxopropan-2-yl]amino]-4-methyl-1-oxopentan-2-yl]amino]-5-oxopentanoic acid	BBBFJLBPOGFECG-VJVYQDLKSA-N	10617256	-1	1	-0.0134498991257566	otoprotective
16220172	Ivacaftor	N-(2,4-ditert-butyl-5-hydroxyphenyl)-4-oxo-1H-quinoline-3-carboxamide	PURKAOJPTOLRMP-UHFFFAOYSA-N	38563333	-1	1	-0.0134498991257566	otoprotective
16307093	Adiporon	2-(4-benzoylphenoxy)-N-(1-benzylpiperidin-4-yl)acetamide	SHHUPGSHGSNPDB-UHFFFAOYSA-N	38072030	-1	1	-0.0134498991257566	otoprotective
16745294	Methyl-neobiosaminide b	(2S,3S,4R,5R,6R)-5-amino-2-(aminomethyl)-6-[(3R,4R,5R)-3,5-dihydroxy-2-methoxyoxan-4-yl]oxyoxane-3,4-diol	NVHORLHUPBNRRS-HOQWRMCUSA-N	17416529	1	1	0.0134498991257566	ototoxic
16747683	602306-29-6	4-(2-methyl-3-propan-2-ylimidazol-4-yl)-N-(4-methylsulfonylphenyl)pyrimidin-2-amine	WJRRGYBTGDJBFX-UHFFFAOYSA-N	37962623, 33268358, 30091915	-3	3	-0.0403496973772697	otoprotective
16750071	3-[(4-amino-1-tert-butyl-1h-pyrazolo[3,4-d]pyrimidin-3-yl)methyl]phenol	3-[(4-amino-1-tert-butylpyrazolo[3,4-d]pyrimidin-3-yl)methyl]phenol	QMAIQPBRCNEJAT-UHFFFAOYSA-N	21541943	-1	1	-0.0134498991257566	otoprotective
16760394	Z-devd-fmk	methyl (4S)-5-[[(2S)-1-[[(3S)-5-fluoro-1-methoxy-1,4-dioxopentan-3-yl]amino]-3-methyl-1-oxobutan-2-yl]amino]-4-[[(2S)-4-methoxy-4-oxo-2-(phenylmethoxycarbonylamino)butanoyl]amino]-5-oxopentanoate	GBJVAVGBSGRRKN-JYEBCORGSA-N	17869439, 15604295, 9721942	-3	3	-0.0403496973772697	otoprotective
16760658	Sodium salicylate	sodium 2-hydroxybenzoate	ABBQHOQBGMUPJH-UHFFFAOYSA-M	40855724, 37636471, 35773430, 35859240, 34199855, 32062293, 30820888, 30360042, 30690105, 29152945, 25937133, 21782002, 21781353, 19540324, 17453470, 16758221, 10842603, 8921280, 8226340, 8466750, 1636419, 2380130, 2951360, 3753295, 7131637, 7446080, 36090293, 21477330, 12151040, 9390811	16	30	0.215198386012105	ototoxic
16760703	Sodium valproate	sodium 2-propylpentanoate	AEQFSUDEHCCHBT-UHFFFAOYSA-M	36398251	1	1	0.0134498991257566	ototoxic
18542136	Dtxsid3040776	2-(2,4-dihydroxyphenyl)-3,5,7-trihydroxychromen-4-one;dihydrate	AEVKYFNHIADTEI-UHFFFAOYSA-N	27709784	-1	1	-0.0134498991257566	otoprotective
21014417	518058-84-9	5-fluoro-N-[(3-hydroxyphenyl)methyl]-1H-indole-2-carboxamide	TUIHIKXCMCXXJG-UHFFFAOYSA-N	17478966	-1	1	-0.0134498991257566	otoprotective
21585658	Daptomycin	(3S)-3-[[(2R)-4-amino-2-[[(2S)-2-(decanoylamino)-3-(1H-indol-3-yl)propanoyl]amino]-4-oxobutanoyl]amino]-4-[[(3S,6S,9R,15S,18R,21S,24S,30S,31R)-3-[2-(2-aminophenyl)-2-oxoethyl]-24-(3-aminopropyl)-15,21-bis(carboxymethyl)-6-[(2R)-1-carboxypropan-2-yl]-9-(hydroxymethyl)-18,31-dimethyl-2,5,8,11,14,17,20,23,26,29-decaoxo-1-oxa-4,7,10,13,16,19,22,25,28-nonazacyclohentriacont-30-yl]amino]-4-oxobutanoic acid	DOAKLVKFURWEDJ-QCMAZARJSA-N	24834938	1	1	0.0134498991257566	ototoxic
21626427	Chiisanoside	[(2S,3R,4S,5S,6R)-6-[[(2R,3R,4R,5S,6R)-3,4-dihydroxy-6-(hydroxymethyl)-5-[(2S,3R,4R,5R,6S)-3,4,5-trihydroxy-6-methyloxan-2-yl]oxyoxan-2-yl]oxymethyl]-3,4,5-trihydroxyoxan-2-yl] (1R,2R,5S,8R,9R,10R,12R,16R,17S,18S,21S)-16-hydroxy-1,2,17-trimethyl-14-oxo-8,18-bis(prop-1-en-2-yl)-13-oxapentacyclo[10.8.1.02,10.05,9.017,21]henicosane-5-carboxylate	JVLBOZIUMGNKQW-JBPVHNHLSA-N	39505327	-1	1	-0.0134498991257566	otoprotective
22476743	2-oxothiazolidine-4-carboxylate	2-oxo-1,3-thiazolidine-4-carboxylate	BMLMGCPTLHPWPY-UHFFFAOYSA-M	16014323	-1	1	-0.0134498991257566	otoprotective
23662354	Mesna	sodium 2-sulfanylethanesulfonate	XOGTZOOQQBDUSI-UHFFFAOYSA-M	34219630, 9743957, 3130316	-1	3	-0.0134498991257566	otoprotective
23663982	Ecabet sodium	sodium (4bS,8R,8aR)-8-carboxy-4b,8-dimethyl-2-propan-2-yl-5,6,7,8a,9,10-hexahydrophenanthrene-3-sulfonate	RCVIHORGZULVTN-YGJXXQMASA-M	26561773	-1	1	-0.0134498991257566	otoprotective
23665410	Thiopental sodium	sodium 5-ethyl-4,6-dioxo-5-pentan-2-yl-1H-pyrimidine-2-thiolate	AWLILQARPMWUHA-UHFFFAOYSA-M	25025411	1	1	0.0134498991257566	ototoxic
23665760	Sodium hypochlorite	sodium hypochlorite	SUKJFIGYRHOWBL-UHFFFAOYSA-N	29056901	1	1	0.0134498991257566	ototoxic
23666112	Levothyroxine sodium	sodium (2S)-2-amino-3-[4-(4-hydroxy-3,5-diiodophenoxy)-3,5-diiodophenyl]propanoate	YDTFRJLNMPSCFM-YDALLXLXSA-M	40188564	1	1	0.0134498991257566	ototoxic
23668195	Sodium bromate	sodium bromate	XUXNAKZDHHEHPC-UHFFFAOYSA-M	16460859	1	1	0.0134498991257566	ototoxic
23670523	Sodium arsanilate	sodium (4-aminophenyl)-hydroxyarsinate	OUFRIWNNMFWZTM-UHFFFAOYSA-M	707064, 577142, 1274553, 948987	4	4	0.0537995965030262	ototoxic
23671691	Potassium canrenoate	potassium 3-[(8R,9S,10R,13S,14S,17R)-17-hydroxy-10,13-dimethyl-3-oxo-2,8,9,11,12,14,15,16-octahydro-1H-cyclopenta[a]phenanthren-17-yl]propanoate	JTZQCHFUGHIPDF-RYVBEKKQSA-M	1950534	1	1	0.0134498991257566	ototoxic
23673461	Potassium bromate	potassium bromate	OCATYIAKPYKMPG-UHFFFAOYSA-M	16460859, 2975792	2	2	0.0268997982515131	ototoxic
23673837	Docusate sodium	sodium 1,4-bis(2-ethylhexoxy)-1,4-dioxobutane-2-sulfonate	APSBXTVYXVQYAB-UHFFFAOYSA-M	22101097	1	1	0.0134498991257566	ototoxic
24752728	945714-67-0	N-benzyl-4-chloro-N-cyclohexylbenzamide	XDFKWGIBQMHSOH-UHFFFAOYSA-N	38169643	-1	1	-0.0134498991257566	otoprotective
24794417	D-aminophosphonovaleric acid	[(4R)-4-amino-4-carboxybutyl]-hydroxyphosphinate	VOROEQBFPPIACJ-SCSAIBSYSA-M	7512999	-1	1	-0.0134498991257566	otoprotective
24812808	Imeglimin	(4R)-6-N,6-N,4-trimethyl-1,4-dihydro-1,3,5-triazine-2,6-diamine	GFICWFZTBXUVIG-SCSAIBSYSA-N	41453918	-1	1	-0.0134498991257566	otoprotective
24821094	Ibrutinib	1-[(3R)-3-[4-amino-3-(4-phenoxyphenyl)pyrazolo[3,4-d]pyrimidin-1-yl]piperidin-1-yl]prop-2-en-1-one	XYFPWWZEPKGCCK-GOSISDBHSA-N	40248074	1	1	0.0134498991257566	ototoxic
24847750	(-)-butaclamol	(1R,6S,8R)-6-tert-butyl-3-azapentacyclo[11.8.1.03,8.09,22.016,21]docosa-9,11,13(22),16,18,20-hexaen-6-ol	ZZJYIKPMDIWRSN-RQTOMXEWSA-N	40362438	-1	1	-0.0134498991257566	otoprotective
24847774	Vosol hc	acetic acid;(8S,9S,10R,11S,13S,14S,17R)-11,17-dihydroxy-17-(2-hydroxyacetyl)-10,13-dimethyl-2,6,7,8,9,11,12,14,15,16-decahydro-1H-cyclopenta[a]phenanthren-3-one	GJKZSRRLOZYBPO-WDCKKOMHSA-N	11802005	1	1	0.0134498991257566	ototoxic
24883465	6-methylprednisolone	(8S,9S,10R,11S,13S,14S,17R)-11,17-dihydroxy-17-(2-hydroxyacetyl)-6,10,13-trimethyl-7,8,9,11,12,14,15,16-octahydro-6H-cyclopenta[a]phenanthren-3-one	VHRSUDSXCMQTMA-UWKORSIYSA-N	37317507	-1	1	-0.0134498991257566	otoprotective
25078060	Apelin-13	(2S)-2-[[(2S)-1-[(2S)-2-[[(2S)-1-[2-[[(2S)-6-amino-2-[[(2S)-2-[[(2S)-2-[[(2S)-2-[[(2S)-5-(diaminomethylideneamino)-2-[[(2S)-1-[(2S)-5-(diaminomethylideneamino)-2-[[(2S)-2,5-diamino-5-oxopentanoyl]amino]pentanoyl]pyrrolidine-2-carbonyl]amino]pentanoyl]amino]-4-methylpentanoyl]amino]-3-hydroxypropanoyl]amino]-3-(1H-imidazol-5-yl)propanoyl]amino]hexanoyl]amino]acetyl]pyrrolidine-2-carbonyl]amino]-4-methylsulfanylbutanoyl]pyrrolidine-2-carbonyl]amino]-3-phenylpropanoic acid	XXCCRHIAIBQDPX-PEWBXTNBSA-N	37395757	-1	1	-0.0134498991257566	otoprotective
25145656	Capmatinib	2-fluoro-N-methyl-4-[7-(quinolin-6-ylmethyl)imidazo[1,2-b][1,2,4]triazin-2-yl]benzamide	LIOLIMKSCNQPLV-UHFFFAOYSA-N	40486073	1	1	0.0134498991257566	ototoxic
25151352	Pexidartinib	5-[(5-chloro-1H-pyrrolo[2,3-b]pyridin-3-yl)methyl]-N-[[6-(trifluoromethyl)-3-pyridinyl]methyl]pyridin-2-amine	JGWRKYUXBBNENE-UHFFFAOYSA-N	40073814, 39047106	-2	2	-0.0268997982515131	otoprotective
25232708	1001645-58-4	N-[2-[3-(piperazin-1-ylmethyl)imidazo[2,1-b][1,3]thiazol-6-yl]phenyl]quinoxaline-2-carboxamide;hydrochloride	DTGRRMPPXCRRIM-UHFFFAOYSA-N	33084473, 30692914	-2	2	-0.0268997982515131	otoprotective
42613186	Plazomicin	(2S)-4-amino-N-[(1R,2S,3S,4R,5S)-5-amino-4-[[(2S,3R)-3-amino-6-[(2-hydroxyethylamino)methyl]-3,4-dihydro-2H-pyran-2-yl]oxy]-2-[(2R,3R,4R,5R)-3,5-dihydroxy-5-methyl-4-(methylamino)oxan-2-yl]oxy-3-hydroxycyclohexyl]-2-hydroxybutanamide	IYDYFVUFSPQPPV-PEXOCOHZSA-N	41383247, 32953108, 30511766	3	3	0.0403496973772697	ototoxic
42623900	Qs11	(2S)-2-[[2-(2,3-dihydro-1H-inden-5-yloxy)-9-[(4-phenylphenyl)methyl]purin-6-yl]amino]-3-phenylpropan-1-ol	DOKZLKDGUQWMSX-HKBQPEDESA-N	34223978	-1	1	-0.0134498991257566	otoprotective
44144774	Prevantics swab	(1E)-2-[6-[[amino-[(E)-[amino-(4-chloroanilino)methylidene]amino]methylidene]amino]hexyl]-1-[amino-(4-chloroanilino)methylidene]guanidine;(2R,3S,4R,5R)-2,3,4,5,6-pentahydroxyhexanoic acid;propan-2-ol;(3R,4S,5R)-3,4,5,6-tetrahydroxyhexanoic acid	NVLOJMREADOIJY-ZHOPZBLYSA-N	34345476	1	1	0.0134498991257566	ototoxic
44205240	Baricitinib	2-[1-ethylsulfonyl-3-[4-(7H-pyrrolo[2,3-d]pyrimidin-4-yl)pyrazol-1-yl]azetidin-3-yl]acetonitrile	XUZMWHLSFXCVMG-UHFFFAOYSA-N	38135344	-1	1	-0.0134498991257566	otoprotective
44405442	L-amb	(1R,3S,5R,6R,9R,11R,15S,16R,17R,18S,19E,21E,23E,25E,27E,29E,31E,33R,35S,36R,37S)-33-[(2S,3R,4R,5R,6S)-4-amino-3,5-dihydroxy-6-methyloxan-2-yl]oxy-1,3,5,6,9,11,17,37-octahydroxy-15,16,18-trimethyl-13-oxo-14,39-dioxabicyclo[33.3.1]nonatriaconta-19,21,23,25,27,29,31-heptaene-36-carboxylic acid	APKFDSVGJQXUKY-ADHFGADYSA-N	34100400, 25093006	2	2	0.0268997982515131	ototoxic
44415057	Actinomycin 7	2-amino-4,6-dimethyl-3-oxo-1-N,9-N-bis[(3R,6S,7S,10S,16S)-7,11,14-trimethyl-2,5,9,12,15-pentaoxo-3,10-di(propan-2-yl)-8-oxa-1,4,11,14-tetrazabicyclo[14.3.0]nonadecan-6-yl]phenoxazine-1,9-dicarboxamide	RJURFGZVJUQBHK-GIUPLMLQSA-N	18274912	1	1	0.0134498991257566	ototoxic
44462760	Dabrafenib	N-[3-[5-(2-aminopyrimidin-4-yl)-2-tert-butyl-1,3-thiazol-4-yl]-2-fluorophenyl]-2,6-difluorobenzenesulfonamide	BFSMGDJOXZAERB-UHFFFAOYSA-N	37962623, 33268358	-2	2	-0.0268997982515131	otoprotective
44475014	Hydroxocobalamin	cobalt(3+);[(2R,3S,4R,5S)-5-(5,6-dimethylbenzimidazol-1-yl)-4-hydroxy-2-(hydroxymethyl)oxolan-3-yl] [(2R)-1-[3-[(1R,2R,3R,4Z,7S,9Z,12S,13S,14Z,17S,18S,19R)-2,13,18-tris(2-amino-2-oxoethyl)-7,12,17-tris(3-amino-3-oxopropyl)-3,5,8,8,13,15,18,19-octamethyl-2,7,12,17-tetrahydro-1H-corrin-21-id-3-yl]propanoylamino]propan-2-yl] phosphate;hydroxide	YOZNUFWCRFCGIH-WZHZPDAFSA-K	8989894	-1	1	-0.0134498991257566	otoprotective
44563965	Gentamicin c1 sulfate	(2R,3R,4R,5R)-2-[(1S,2S,3R,4S,6R)-4,6-diamino-3-[(2R,3R,6S)-3-amino-6-[(1R)-1-(methylamino)ethyl]oxan-2-yl]oxy-2-hydroxycyclohexyl]oxy-5-methyl-4-(methylamino)oxane-3,5-diol;sulfuric acid	NWQISSNHRDDWRM-FDJABWOBSA-N	7352894	1	1	0.0134498991257566	ototoxic
44585614	Colimycine	6-methyl-N-[2-[(2S,5S,8S,11S,14S,17S,20S,23S)-8,11,14,20-tetrakis(2-aminoethyl)-5-[(1R)-1-hydroxyethyl]-17,23-bis(2-methylpropyl)-3,6,9,12,15,18,21,24-octaoxo-1,4,7,10,13,16,19,22-octazacyclotetracos-2-yl]ethyl]octanamide	RPABDKTXMKOGKI-OYTUFZPASA-N	14323655	1	1	0.0134498991257566	ototoxic
44631912	Ribociclib	7-cyclopentyl-N,N-dimethyl-2-[(5-piperazin-1-yl-2-pyridinyl)amino]pyrrolo[2,3-d]pyrimidine-6-carboxamide	RHXHGRAEPCAFML-UHFFFAOYSA-N	40329138	-1	1	-0.0134498991257566	otoprotective
44632368	Esketamine hydrochloride	(2S)-2-(2-chlorophenyl)-2-(methylamino)cyclohexan-1-one;hydrochloride	VCMGMSHEPQENPE-ZOWNYOTGSA-N	25871611	-1	1	-0.0134498991257566	otoprotective
45006101	Refchem:1093319	(2R,3R,4S,5S,6R)-2-[[(1S,3R,6S,9S,12S,14S,15R,16R)-14-hydroxy-15-[(2R,5S)-5-(2-hydroxypropan-2-yl)-2-methyloxolan-2-yl]-7,7,12,16-tetramethyl-6-[(2S,3R,4S,5R)-3,4,5-trihydroxyoxan-2-yl]oxy-9-pentacyclo[9.7.0.01,3.03,8.012,16]octadecanyl]oxy]-6-(hydroxymethyl)oxane-3,4,5-triol	QMNWISYXSJWHRY-XWJCTJPOSA-N	21494054	-1	1	-0.0134498991257566	otoprotective
46224516	1255580-76-7	2-cyclohexyl-6-methoxy-N-(1-propan-2-ylpiperidin-4-yl)-7-(3-pyrrolidin-1-ylpropoxy)quinazolin-4-amine	QOECJCJVIMVJGX-UHFFFAOYSA-N	23429292	-1	1	-0.0134498991257566	otoprotective
46851625	Ifidancitinib	5-[[2-(4-fluoro-3-methoxy-5-methylanilino)-5-methylpyrimidin-4-yl]amino]-3H-1,3-benzoxazol-2-one	OYFMQDVLFYKOPZ-UHFFFAOYSA-N	41254428	-1	1	-0.0134498991257566	otoprotective
46853447	P7c3-a20	N-[3-(3,6-dibromocarbazol-9-yl)-2-fluoropropyl]-3-methoxyaniline	XNLTWMQBJFWQOU-UHFFFAOYSA-N	36697994	-1	1	-0.0134498991257566	otoprotective
46874763	Antibiotics	2-[[[(1R)-1-[[(2R)-2-[3-acetamido-2-[[[(2R,3S,4R)-3,4-dihydroxy-5-(5-iodo-2,4-dioxopyrimidin-1-yl)oxolan-2-yl]methoxy-hydroxyphosphoryl]oxy-hydroxyphosphoryl]oxy-5-hydroxy-6-(hydroxymethyl)oxan-4-yl]oxypropanoyl]amino]ethyl]-hydroxyphosphoryl]methyl]pentanedioic acid	LRJAGMBMPSXEFP-UDPUMDPQSA-N	40291857, 38296002, 38137652, 34490624, 34205776, 31282945, 31220989, 27716608, 25363169	9	9	0.121049092131809	ototoxic
51051622	Methyl-|a-cyclodextrin	(1S,3R,5R,6R,8R,10R,11R,13R,15R,16R,18R,20R,21R,23R,25R,26R,28R,30R,31S,33R,35R,36R,37S,38R,39S,40R,41S,42R,43S,44R,45S,46R,47S,48R,49S)-5,10,15,20,25,30,35-heptakis(hydroxymethyl)-37,39,40,41,42,43,44,45,46,47,48,49-dodecamethoxy-2,4,7,9,12,14,17,19,22,24,27,29,32,34-tetradecaoxaoctacyclo[31.2.2.23,6.28,11.213,16.218,21.223,26.228,31]nonatetracontane-36,38-diol	YZOUYRAONFXZSI-SBHWVFSVSA-N	28384320	1	1	0.0134498991257566	ototoxic
53297327	Kanamicin	(2S,3R,4S,5S,6R)-4-amino-2-[(1S,2S,3R,4S,6R)-4,6-diamino-3-[(2R,4R,5S,6R)-4,5-dihydroxy-6-methyloxan-2-yl]oxy-2-hydroxycyclohexyl]oxy-6-(hydroxymethyl)oxane-3,5-diol	OVRAJPVCMXSZJC-RYRWEOBNSA-N	17266591, 7425946	2	2	0.0268997982515131	ototoxic
54670067	L-ascorbic acid	(2R)-2-[(1S)-1,2-dihydroxyethyl]-3,4-dihydroxy-2H-furan-5-one	CIWBSHSKHKDKBQ-JLAZNSOCSA-N	41462666, 40563254, 35601667, 30831441, 30654088, 25092119, 22907028, 15251161, 11781046, 10709968, 10842581, 8567412, 10807352, 7928739, 22021693, 20057976	-16	16	-0.215198386012105	otoprotective
54671203	Dtxsid80992212	(4S,4aR,5S,5aR,6R,12aR)-4-(dimethylamino)-1,5,10,11,12a-pentahydroxy-6-methyl-3,12-dioxo-4a,5,5a,6-tetrahydro-4H-tetracene-2-carboxamide	SGKRLCUYIXIAHR-AKNGSSGZSA-N	21616617, 37026784, 23100416	-1	3	-0.0134498991257566	otoprotective
54675776	Tetracycline	(4S,4aS,5aS,6S,12aR)-4-(dimethylamino)-1,6,10,11,12a-pentahydroxy-6-methyl-3,12-dioxo-4,4a,5,5a-tetrahydrotetracene-2-carboxamide	NWXMGUDVXFXRIG-WESIUVDSSA-N	37026784	1	1	0.0134498991257566	ototoxic
54675783	Minocycline	(4S,4aS,5aR,12aR)-4,7-bis(dimethylamino)-1,10,11,12a-tetrahydroxy-3,12-dioxo-4a,5,5a,6-tetrahydro-4H-tetracene-2-carboxamide	FFTVPQUHLQBXQZ-KVUCHLLUSA-N	34953289, 28735085, 28007648, 24781382, 25950003, 21716954, 21493367, 15708492, 15504599, 29740652, 37026784, 30362702	-10	12	-0.134498991257566	otoprotective
54675818	2,3-dihydroxybenzoate	2-carboxy-6-hydroxyphenolate	GLDQAMYCGOIJDV-UHFFFAOYSA-M	11506949, 10748326, 9223576, 8789814	-4	4	-0.0537995965030262	otoprotective
54675850	Salicylate	2-carboxyphenolate	YGSDEFSMJLZEOE-UHFFFAOYSA-M	36330896, 35894537, 33465315, 34205776, 32767320, 29108871, 27068004, 25962854, 24653899, 22183155, 22075224, 21451968, 20978631, 20626325, 20298761, 18198284, 18225604, 17266591, 16398896, 15590729, 15672440, 15567610, 15453532, 13679136, 12498370, 12486847, 12003999, 10842579, 10418821, 9387990, 9105462, 8892578, 7979004, 7817496, 7857625, 8233489, 8397891, 8340266, 8456203, 1629050, 1636428, 2029065, 2112362, 2611090, 2535320, 2484534, 3281604, 3015857, 6512095, 6338150, 7093567, 3721202, 35305848, 28384320, 21503676, 21463565, 11335071, 8880185, 15949078, 7017917	30	60	0.403496973772697	ototoxic
54680204	Sch-37224	4-hydroxy-1-phenyl-3-pyrrolidin-1-yl-1,8-naphthyridin-2-one	ULGABHCZIJXUFO-UHFFFAOYSA-N	7610815	-1	1	-0.0134498991257566	otoprotective
54680782	2-naphthacenecarboxamide, 4-(dimethylamino)-1,4,4a,5,5a,6,11,12a-octahydro-3,5,6,10,12,12a-hexahydroxy-6-methyl-1,11-dioxo-, hydrochloride (1:1), (4s,4ar,5s,5ar,6s,12as)-	(4S,4aR,5S,5aR,6S,12aR)-4-(dimethylamino)-1,5,6,10,11,12a-hexahydroxy-6-methyl-3,12-dioxo-4,4a,5,5a-tetrahydrotetracene-2-carboxamide;hydrochloride	SVDOODSCHVSYEK-IFLJXUKPSA-N	21366571	1	1	0.0134498991257566	ototoxic
54682045	Choline magnesium trisalicylate	magnesium;tris(2-carboxyphenolate);2-hydroxyethyl(trimethyl)azanium	FQCQGOZEWWPOKI-UHFFFAOYSA-K	6691886	1	1	0.0134498991257566	ototoxic
54685925	Minocycline hydrochloride	(4S,4aS,5aR,12aR)-4,7-bis(dimethylamino)-1,10,11,12a-tetrahydroxy-3,12-dioxo-4a,5,5a,6-tetrahydro-4H-tetracene-2-carboxamide;hydrochloride	WTJXVDPDEQKTCV-VQAITOIOSA-N	938165	1	1	0.0134498991257566	ototoxic
54732242	Naldemedine	(4R,4aS,7aR,12bS)-3-(cyclopropylmethyl)-4a,7,9-trihydroxy-N-[2-(3-phenyl-1,2,4-oxadiazol-5-yl)propan-2-yl]-1,2,4,5,7a,13-hexahydro-4,12-methanobenzofuro[3,2-e]isoquinoline-6-carboxamide	AXQACEQYCPKDMV-RZAWKFBISA-N	39069664	-1	1	-0.0134498991257566	otoprotective
56841713	Apelin	(4S)-4-[[(2S)-2-[[2-[[(2S)-4-amino-2-[[2-[[(2S)-2-[[(2S)-1-[(2S)-2-[[(2S)-1-[(2S)-2-[[(2S)-2-[[(2S)-2-[(2-aminoacetyl)amino]-3-hydroxypropanoyl]amino]-4-methylpentanoyl]amino]-4-methylsulfanylbutanoyl]pyrrolidine-2-carbonyl]amino]-4-methylpentanoyl]pyrrolidine-2-carbonyl]amino]-3-carboxypropanoyl]amino]acetyl]amino]-4-oxobutanoyl]amino]acetyl]amino]-4-methylpentanoyl]amino]-5-[[(2S)-1-[[2-[[(2S)-4-amino-1-[[(2S)-1-[[(2S)-1-[[(2S)-1-[[(2S)-1-[[(2S)-1-[[(2S)-5-amino-1-[(2S)-2-[[(2S)-1-[[2-[[(2S)-1-[[(2S)-1-[[(2S)-4-amino-1-[[2-[(2S)-2-[[2-[(2S)-2-[[(2S)-1-[[(2S)-5-amino-1-[[2-[[2-[[(2S)-1-[[(2S)-1-[[(2S)-6-amino-1-[[(2S)-1-[[(2S)-1-[[(2S)-1-[[(2S)-5-amino-1-[[(2S)-1-[(2S)-2-[[(2S)-1-[[(2S)-1-[[(2S)-1-[[(2S)-1-[[(2S)-6-amino-1-[[2-[(2S)-2-[[(2S)-1-[(2S)-2-[[(1S)-1-carboxy-2-phenylethyl]carbamoyl]pyrrolidin-1-yl]-4-methylsulfanyl-1-oxobutan-2-yl]carbamoyl]pyrrolidin-1-yl]-2-oxoethyl]amino]-1-oxohexan-2-yl]amino]-3-(1H-imidazol-5-yl)-1-oxopropan-2-yl]amino]-3-hydroxy-1-oxopropan-2-yl]amino]-4-methyl-1-oxopentan-2-yl]amino]-5-carbamimidamido-1-oxopentan-2-yl]carbamoyl]pyrrolidin-1-yl]-5-carbamimidamido-1-oxopentan-2-yl]amino]-1,5-dioxopentan-2-yl]amino]-5-carbamimidamido-1-oxopentan-2-yl]amino]-5-carbamimidamido-1-oxopentan-2-yl]amino]-1-oxo-3-phenylpropan-2-yl]amino]-1-oxohexan-2-yl]amino]-5-carbamimidamido-1-oxopentan-2-yl]amino]-5-carbamimidamido-1-oxopentan-2-yl]amino]-2-oxoethyl]amino]-2-oxoethyl]amino]-1,5-dioxopentan-2-yl]amino]-3-(1H-indol-3-yl)-1-oxopropan-2-yl]carbamoyl]pyrrolidin-1-yl]-2-oxoethyl]carbamoyl]pyrrolidin-1-yl]-2-oxoethyl]amino]-1,4-dioxobutan-2-yl]amino]-5-carbamimidamido-1-oxopentan-2-yl]amino]-3-hydroxy-1-oxopropan-2-yl]amino]-2-oxoethyl]amino]-5-carbamimidamido-1-oxopentan-2-yl]carbamoyl]pyrrolidin-1-yl]-1,5-dioxopentan-2-yl]amino]-3-methyl-1-oxobutan-2-yl]amino]-4-methyl-1-oxopentan-2-yl]amino]-3-(1H-imidazol-5-yl)-1-oxopropan-2-yl]amino]-5-carbamimidamido-1-oxopentan-2-yl]amino]-3-methyl-1-oxobutan-2-yl]amino]-1,4-dioxobutan-2-yl]amino]-2-oxoethyl]amino]-3-carboxy-1-oxopropan-2-yl]amino]-5-oxopentanoic acid	BWVPHIKGXQBZPV-QKFDDRBGSA-N	32278025	-1	1	-0.0134498991257566	otoprotective
56841751	Urogastrone	(4S)-4-[[(2S)-2-[[(2S)-2-[[(2S)-2-[[(2S)-2-[[(2S)-2-[[(2S)-2-[[(2S,3R)-2-[[(2S)-5-amino-2-[[(2R)-2-[[(2S)-2-[[(2S)-2-[[2-[[(2S)-2-[[(2S)-2-[[2-[[(2S,3S)-2-[[(2S)-2-[[(2R)-2-[[(2S)-4-amino-2-[[(2R)-2-[[(2S,3R)-2-[[(2S)-2-[[(2S)-2-[[(2S)-2-[[(2S)-2-[[(2S)-2-[[(2S)-2-[[(2S,3S)-2-[[(2S)-2-[[(2S)-2-[[(2R)-2-[[(2S)-2-[[2-[[2-[[(2S)-4-amino-2-[[(2S)-2-[[(2R)-2-[[(2S)-2-[[2-[[(2S)-3-carboxy-2-[[(2S)-2-[[(2S)-2-[[(2S)-2-[[(2S)-1-[(2R)-2-[[2-[[(2S)-1-[(2S)-2-[[(2S)-2-[[(2S)-2,4-diamino-4-oxobutanoyl]amino]-3-hydroxypropanoyl]amino]-3-(4-hydroxyphenyl)propanoyl]pyrrolidine-2-carbonyl]amino]acetyl]amino]-3-sulfanylpropanoyl]pyrrolidine-2-carbonyl]amino]-3-hydroxypropanoyl]amino]-3-hydroxypropanoyl]amino]-3-(4-hydroxyphenyl)propanoyl]amino]propanoyl]amino]acetyl]amino]-3-(4-hydroxyphenyl)propanoyl]amino]-3-sulfanylpropanoyl]amino]-4-methylpentanoyl]amino]-4-oxobutanoyl]amino]acetyl]amino]acetyl]amino]-3-methylbutanoyl]amino]-3-sulfanylpropanoyl]amino]-4-methylsulfanylbutanoyl]amino]-3-(1H-imidazol-5-yl)propanoyl]amino]-3-methylpentanoyl]amino]-4-carboxybutanoyl]amino]-3-hydroxypropanoyl]amino]-4-methylpentanoyl]amino]-3-carboxypropanoyl]amino]-3-hydroxypropanoyl]amino]-3-(4-hydroxyphenyl)propanoyl]amino]-3-hydroxybutanoyl]amino]-3-sulfanylpropanoyl]amino]-4-oxobutanoyl]amino]-3-sulfanylpropanoyl]amino]-3-methylbutanoyl]amino]-3-methylpentanoyl]amino]acetyl]amino]-3-(4-hydroxyphenyl)propanoyl]amino]-3-hydroxypropanoyl]amino]acetyl]amino]-3-carboxypropanoyl]amino]-5-carbamimidamidopentanoyl]amino]-3-sulfanylpropanoyl]amino]-5-oxopentanoyl]amino]-3-hydroxybutanoyl]amino]-5-carbamimidamidopentanoyl]amino]-3-carboxypropanoyl]amino]-4-methylpentanoyl]amino]-5-carbamimidamidopentanoyl]amino]-3-(1H-indol-3-yl)propanoyl]amino]-3-(1H-indol-3-yl)propanoyl]amino]-5-[[(2S)-1-[[(1S)-4-carbamimidamido-1-carboxybutyl]amino]-4-methyl-1-oxopentan-2-yl]amino]-5-oxopentanoic acid	VBEQCZHXXJYVRD-GACYYNSASA-N	10216172	-1	1	-0.0134498991257566	otoprotective
56842206	Gc-1008	(2S)-2-[[(2S)-2-[[(2S)-2-[[(2S)-2-[[(2S)-2-[[(2S)-2-[[(2S)-2-[[(2S)-1-[(2S)-1-[(2S)-2-[[(2S)-2-[[(2S)-2-[[(2S)-2-[[(2S)-2-[[(2S)-2-[[(2S)-4-amino-2-[[(2S,3R)-2-[[(2S)-1-[(2S)-2-[[(2S)-2-[[(2S)-2-[[(2S,3R)-2-[[(2S)-2-[[(2S)-2-[[2-[[(2S)-2-[[(2S)-2-[[(2S)-4-amino-2-[[(2S)-2-[[(2S,3R)-2-[[(2S)-2-[[(2S,3R)-2-[[(2S)-2-[[2-[[(2S)-2-[[(2S)-2-[[(2S)-5-amino-2-[[(2S,3S)-2-[[(2S)-2-[[(2S)-2-[[(2S)-2-[[(2S)-2-[[(2S)-2-amino-4-methylsulfanylbutanoyl]amino]-4-methylpentanoyl]amino]-3-methylbutanoyl]amino]propanoyl]amino]propanoyl]amino]-3-methylpentanoyl]amino]-5-oxopentanoyl]amino]-3-hydroxypropanoyl]amino]propanoyl]amino]acetyl]amino]-4-methylpentanoyl]amino]-3-hydroxybutanoyl]amino]-4-carboxybutanoyl]amino]-3-hydroxybutanoyl]amino]-4-methylpentanoyl]amino]-4-oxobutanoyl]amino]-5-carbamimidamidopentanoyl]amino]-4-carboxybutanoyl]amino]acetyl]amino]-3-methylbutanoyl]amino]-3-(4-hydroxyphenyl)propanoyl]amino]-3-hydroxybutanoyl]amino]-3-methylbutanoyl]amino]-3-phenylpropanoyl]amino]propanoyl]pyrrolidine-2-carbonyl]amino]-3-hydroxybutanoyl]amino]-4-oxobutanoyl]amino]-4-carboxybutanoyl]amino]propanoyl]amino]-3-phenylpropanoyl]amino]-5-carbamimidamidopentanoyl]amino]propanoyl]amino]-4-methylpentanoyl]pyrrolidine-2-carbonyl]pyrrolidine-2-carbonyl]amino]-5-carbamimidamidopentanoyl]amino]-4-carboxybutanoyl]amino]-5-carbamimidamidopentanoyl]amino]-3-hydroxypropanoyl]amino]-5-carbamimidamidopentanoyl]amino]-4-methylpentanoyl]amino]-4-methylpentanoic acid	ZRKFYGHZFMAOKI-QMGMOQQFSA-N	10216172	-1	1	-0.0134498991257566	otoprotective
56842239	N-3 pufa	(4Z,7Z,10Z,13Z,16Z,19Z)-docosa-4,7,10,13,16,19-hexaenoic acid;(5Z,8Z,11Z,14Z,17Z)-icosa-5,8,11,14,17-pentaenoic acid;(9Z,12Z,15Z)-octadeca-9,12,15-trienoic acid	QPEOIOLHJXXJFN-GNGJDXFDSA-N	32827639	-1	1	-0.0134498991257566	otoprotective
56843375	Tertomotide	(2S)-6-amino-2-[[(2S)-1-[(2S,3S)-2-[[(2S)-2-[[(2S)-2-[[(2S)-2-[[(2S)-2-[[(2S)-2-[[(2S,3R)-2-[[(2S)-2-[[(2S)-2-[[(2S)-2-[[(2S)-1-[(2S)-2-[[(2S)-2-[[(2S)-2-amino-4-carboxybutanoyl]amino]propanoyl]amino]-5-(diaminomethylideneamino)pentanoyl]pyrrolidine-2-carbonyl]amino]propanoyl]amino]-4-methylpentanoyl]amino]-4-methylpentanoyl]amino]-3-hydroxybutanoyl]amino]-3-hydroxypropanoyl]amino]-5-(diaminomethylideneamino)pentanoyl]amino]-4-methylpentanoyl]amino]-5-(diaminomethylideneamino)pentanoyl]amino]-3-phenylpropanoyl]amino]-3-methylpentanoyl]pyrrolidine-2-carbonyl]amino]hexanoic acid	WZJRQXZSYQYFJV-QAXVQDKQSA-N	32012778, 30015752, 29403358	-3	3	-0.0403496973772697	otoprotective
56928060	Glycopeptide	(2S)-2-[[(2R)-2-[[(4R)-4-[[(2R)-2-[2-[(3R,4R,5S,6R)-5-[(2S,3R,4R,5S,6R)-3-acetamido-4,5-dihydroxy-6-(hydroxymethyl)oxan-2-yl]oxy-3-(ethylamino)-2-hydroxy-6-(hydroxymethyl)oxan-4-yl]oxypropanoylamino]propanoyl]amino]-5-amino-5-oxopentanoyl]amino]-6-aminohexanoyl]amino]propanoic acid	DQJCDTNMLBYVAY-ZXXIYAEKSA-N	40513684, 40558212, 34917943	3	3	0.0403496973772697	ototoxic
56928061	Hygromycin b	(3'R,3aS,4S,4'S,5'R,6R,6'R,7S,7aS)-4-[(1R,2S,3R,5S,6R)-3-amino-2,6-dihydroxy-5-(methylamino)cyclohexyl]oxy-6'-[(1S)-1-amino-2-hydroxyethyl]-6-(hydroxymethyl)spiro[4,6,7,7a-tetrahydro-3aH-[1,3]dioxolo[4,5-c]pyran-2,2'-oxane]-3',4',5',7-tetrol	GRRNUXAQVGOGFE-HUCHGKBZSA-N	9152410	1	1	0.0134498991257566	ototoxic
57504987	Ask1-in-1	4-(4-cyclopropylimidazol-1-yl)-N-[3-(4-cyclopropyl-1,2,4-triazol-3-yl)phenyl]pyridine-2-carboxamide	ZGCMQKWOUIMBEP-UHFFFAOYSA-N	35471608	-1	1	-0.0134498991257566	otoprotective
60196398	Atropine sulfate	bis([(1S,5R)-8-methyl-8-azabicyclo[3.2.1]octan-3-yl] 3-hydroxy-2-phenylpropanoate);sulfuric acid	HOBWAPHTEJGALG-JKCMADFCSA-N	20816720	-1	1	-0.0134498991257566	otoprotective
70678557	9004-10-8	(4S)-4-[[2-[[(1R,6R,12S,15S,18S,21S,24S,27S,30S,33S,36S,39S,42R,47R,50S,53S,56S,59S,62S,65S,68S,71S,74S,77S,80S,83S,88R)-88-[[(2S)-5-amino-2-[[(2S)-2-[[(2S)-2-[[(2S,3R)-2-[(2-aminoacetyl)amino]-3-methylpentanoyl]amino]-3-methylbutanoyl]amino]-4-carboxybutanoyl]amino]-5-oxopentanoyl]amino]-6-[[(2S)-2-[[(2S)-2-[[(2S)-5-amino-2-[[(2S)-3-amino-2-[[(2S)-2-[[(2S)-2-amino-3-phenylpropanoyl]amino]-3-methylbutanoyl]amino]-3-oxopropanoyl]amino]-5-oxopentanoyl]amino]-3-(1H-imidazol-4-yl)propanoyl]amino]-4-methylpentanoyl]amino]-47-[[(1S)-3-amino-1-carboxy-3-oxopropyl]carbamoyl]-53-(2-amino-2-oxoethyl)-62-(3-amino-3-oxopropyl)-77-[(2R)-butan-2-yl]-24,56-bis(2-carboxyethyl)-83-[(1S)-1-hydroxyethyl]-12,71,80-tris(hydroxymethyl)-33,50,65-tris[(4-hydroxyphenyl)methyl]-15-(1H-imidazol-4-ylmethyl)-27-methyl-18,30,36,59,68-pentakis(2-methylpropyl)-7,10,13,16,19,22,25,28,31,34,37,40,49,52,55,58,61,64,67,70,73,76,79,82,85,87-hexacosaoxo-21,39-di(propan-2-yl)-3,4,44,45,90,91-hexathia-8,11,14,17,20,23,26,29,32,35,38,41,48,51,54,57,60,63,66,69,72,75,78,81,84,86-hexacosazabicyclo[72.11.7]dononacontane-42-carbonyl]amino]acetyl]amino]-5-[[(2S)-1-[[2-[[(2S)-1-[[(2S)-1-[[(2S)-1-[[(2S,3S)-1-[(2S)-2-[[(2S)-6-amino-1-[[(1S,2S)-1-carboxy-2-hydroxypropyl]amino]-1-oxohexan-2-yl]carbamoyl]pyrrolidin-1-yl]-3-hydroxy-1-oxobutan-2-yl]amino]-3-(4-hydroxyphenyl)-1-oxopropan-2-yl]amino]-1-oxo-3-phenylpropan-2-yl]amino]-1-oxo-3-phenylpropan-2-yl]amino]-2-oxoethyl]amino]-5-carbamimidamido-1-oxopentan-2-yl]amino]-5-oxopentanoic acid	YAJCHEVQCOHZDC-QMMNLEPNSA-N	29033791, 10216172, 24798891	-1	3	-0.0134498991257566	otoprotective
71360202	Refchem:526072	3-octan-4-yloxycarbonylbut-3-enoate	GIRJEIMINMHXQS-UHFFFAOYSA-M	38506087	-1	1	-0.0134498991257566	otoprotective
71455937	Elx-02	(2R,3S,4R,5R,6S)-5-amino-6-[(1R,2R,3S,4R,6S)-4,6-diamino-2-[(2S,3R,4S,5R)-5-[(1R)-1-aminoethyl]-3,4-dihydroxyoxolan-2-yl]oxy-3-hydroxycyclohexyl]oxy-2-[(1R)-1-hydroxyethyl]oxane-3,4-diol	KJBRSTPUILEBDR-YBNFDXCTSA-N	31800572	1	1	0.0134498991257566	ototoxic
71514788	Necrox-5	5-[(1,1-dioxo-1,4-thiazinan-4-yl)methyl]-N-(oxan-4-ylmethyl)-2-phenyl-1H-indol-7-amine;methanesulfonic acid	ZWWWDIWEZYRVMB-UHFFFAOYSA-N	24030356	-1	1	-0.0134498991257566	otoprotective
71587138	Gentamicin c2 sulfate	(2R,3R,4R,5R)-2-[(1S,2S,3R,4S,6R)-4,6-diamino-3-[(2R,3R,6S)-3-amino-6-[(1R)-1-aminoethyl]oxan-2-yl]oxy-2-hydroxycyclohexyl]oxy-5-methyl-4-(methylamino)oxane-3,5-diol;sulfuric acid	KWJYODNQLVMERY-JMQKCPHUSA-N	7569379	1	1	0.0134498991257566	ototoxic
72199289	Cbb1007	methyl 3-[4-(4-carbamimidoylbenzoyl)piperazine-1-carbonyl]-5-[(4-carbamimidoylpiperazin-1-yl)methyl]benzoate	IBVRETRIDAQSEM-UHFFFAOYSA-N	26011390	-1	1	-0.0134498991257566	otoprotective
72941992	Am111 peptide	(3R)-3-amino-4-[[(2R)-5-amino-1-[[(2R)-1-[[(2R)-1-[(2R)-2-[[(2R)-1-[[(2R)-5-amino-1-[(2R)-2-[[(2R)-1-[[(2R)-1-[[(2R)-4-amino-1-[[(2R)-1-[[(2R,3S)-1-[[(2R,3S)-1-[(2R)-2-[[(2R)-1-[[(2R)-6-amino-1-[(2R)-2-[[(2R)-1-[(2R)-2-[(2R)-2-[[(2R)-1-[[(2R)-1-[[(2R)-1-[[(2R)-5-amino-1-[[(2R)-1-[[(2R)-1-[[(2R)-6-amino-1-[[(2R)-6-amino-1-[[(2R)-5-carbamimidamido-1-(carboxymethylamino)-1-oxopentan-2-yl]amino]-1-oxohexan-2-yl]amino]-1-oxohexan-2-yl]amino]-5-carbamimidamido-1-oxopentan-2-yl]amino]-5-carbamimidamido-1-oxopentan-2-yl]amino]-1,5-dioxopentan-2-yl]amino]-5-carbamimidamido-1-oxopentan-2-yl]amino]-5-carbamimidamido-1-oxopentan-2-yl]amino]-5-carbamimidamido-1-oxopentan-2-yl]carbamoyl]pyrrolidine-1-carbonyl]pyrrolidin-1-yl]-5-carbamimidamido-1-oxopentan-2-yl]carbamoyl]pyrrolidin-1-yl]-1-oxohexan-2-yl]amino]-5-carbamimidamido-1-oxopentan-2-yl]carbamoyl]pyrrolidin-1-yl]-3-hydroxy-1-oxobutan-2-yl]amino]-3-hydroxy-1-oxobutan-2-yl]amino]-4-methyl-1-oxopentan-2-yl]amino]-1,4-dioxobutan-2-yl]amino]-4-methyl-1-oxopentan-2-yl]amino]-1-oxo-3-phenylpropan-2-yl]carbamoyl]pyrrolidin-1-yl]-1,5-dioxopentan-2-yl]amino]-3-methyl-1-oxobutan-2-yl]carbamoyl]pyrrolidin-1-yl]-5-carbamimidamido-1-oxopentan-2-yl]amino]-3-hydroxy-1-oxopropan-2-yl]amino]-1,5-dioxopentan-2-yl]amino]-4-oxobutanoic acid	HRMVIAFZYCCHGF-BMCUWHFPSA-N	35359571, 17098385, 13679429	-3	3	-0.0403496973772697	otoprotective
78384800	Taxanes	[11,16-diacetyloxy-2-benzoyloxy-5,8-dihydroxy-3-(2-hydroxypropan-2-yl)-6,10-dimethyl-14-oxatetracyclo[8.6.0.03,7.013,16]hexadec-6-en-9-yl] benzoate	DBJLWWSPTOJTSZ-UHFFFAOYSA-N	39588212, 19186452	2	2	0.0268997982515131	ototoxic
78426698	Cpi-455	7-oxo-5-phenyl-6-propan-2-yl-1H-pyrazolo[1,5-a]pyrimidine-3-carbonitrile	VGXRQCOVGLGFIM-UHFFFAOYSA-N	36396833	-1	1	-0.0134498991257566	otoprotective
90472060	Lixisenatide	(4S)-5-[[2-[[(2S,3R)-1-[[(2S)-1-[[(2S,3R)-1-[[(2S)-1-[[(2S)-1-[[(2S)-1-[[(2S)-1-[[(2S)-6-amino-1-[[(2S)-5-amino-1-[[(2S)-1-[[(2S)-1-[[(2S)-1-[[(2S)-1-[[(2S)-1-[[(2S)-1-[[(2S)-1-[[(2S)-1-[[(2S)-1-[[(2S,3S)-1-[[(2S)-1-[[(2S)-1-[[(2S)-1-[[(2S)-6-amino-1-[[(2S)-4-amino-1-[[2-[[2-[(2S)-2-[[(2S)-1-[[(2S)-1-[[2-[[(2S)-1-[(2S)-2-[(2S)-2-[[(2S)-1-[[(2S)-6-amino-1-[[(2S)-6-amino-1-[[(2S)-6-amino-1-[[(2S)-6-amino-1-[[(2S)-6-amino-1-[[(2S)-1,6-diamino-1-oxohexan-2-yl]amino]-1-oxohexan-2-yl]amino]-1-oxohexan-2-yl]amino]-1-oxohexan-2-yl]amino]-1-oxohexan-2-yl]amino]-1-oxohexan-2-yl]amino]-3-hydroxy-1-oxopropan-2-yl]carbamoyl]pyrrolidine-1-carbonyl]pyrrolidin-1-yl]-1-oxopropan-2-yl]amino]-2-oxoethyl]amino]-3-hydroxy-1-oxopropan-2-yl]amino]-3-hydroxy-1-oxopropan-2-yl]carbamoyl]pyrrolidin-1-yl]-2-oxoethyl]amino]-2-oxoethyl]amino]-1,4-dioxobutan-2-yl]amino]-1-oxohexan-2-yl]amino]-4-methyl-1-oxopentan-2-yl]amino]-3-(1H-indol-3-yl)-1-oxopropan-2-yl]amino]-4-carboxy-1-oxobutan-2-yl]amino]-3-methyl-1-oxopentan-2-yl]amino]-1-oxo-3-phenylpropan-2-yl]amino]-4-methyl-1-oxopentan-2-yl]amino]-5-carbamimidamido-1-oxopentan-2-yl]amino]-3-methyl-1-oxobutan-2-yl]amino]-1-oxopropan-2-yl]amino]-4-carboxy-1-oxobutan-2-yl]amino]-4-carboxy-1-oxobutan-2-yl]amino]-4-carboxy-1-oxobutan-2-yl]amino]-4-methylsulfanyl-1-oxobutan-2-yl]amino]-1,5-dioxopentan-2-yl]amino]-1-oxohexan-2-yl]amino]-3-hydroxy-1-oxopropan-2-yl]amino]-4-methyl-1-oxopentan-2-yl]amino]-3-carboxy-1-oxopropan-2-yl]amino]-3-hydroxy-1-oxopropan-2-yl]amino]-3-hydroxy-1-oxobutan-2-yl]amino]-1-oxo-3-phenylpropan-2-yl]amino]-3-hydroxy-1-oxobutan-2-yl]amino]-2-oxoethyl]amino]-4-[[2-[[(2S)-2-amino-3-(1H-imidazol-4-yl)propanoyl]amino]acetyl]amino]-5-oxopentanoic acid	XVVOERDUTLJJHN-IAEQDCLQSA-N	40430553	1	1	0.0134498991257566	ototoxic
91667931	Mi-503	4-methyl-1-(1H-pyrazol-4-ylmethyl)-5-[[4-[[6-(2,2,2-trifluoroethyl)thieno[2,3-d]pyrimidin-4-yl]amino]piperidin-1-yl]methyl]indole-2-carbonitrile	DETOMBLLEOZTMZ-UHFFFAOYSA-N	36593557	-1	1	-0.0134498991257566	otoprotective
91668547	Epz020411	N,N'-dimethyl-N'-[[5-[4-[3-[2-(oxan-4-yl)ethoxy]cyclobutyl]oxyphenyl]-1H-pyrazol-4-yl]methyl]ethane-1,2-diamine	QMDKVNSQXPVCRD-UHFFFAOYSA-N	31903111	-1	1	-0.0134498991257566	otoprotective
91820639	Kl1333	2-propan-2-yl-3H-benzo[e]benzimidazole-4,5-dione	AJFWITSBVLLDCC-UHFFFAOYSA-N	32203888	-1	1	-0.0134498991257566	otoprotective
92024379	Glucan from black yeast,	2-[3,5-dihydroxy-2-(hydroxymethyl)oxan-4-yl]oxy-4-[3,5-dihydroxy-6-(hydroxymethyl)oxan-2-yl]oxy-6-(hydroxymethyl)oxane-3,5-diol	SPMCUTIDVYCGCK-UHFFFAOYSA-N	24822149, 23525870	-2	2	-0.0268997982515131	otoprotective
92043599	Epoetin alfa	(4R,5S,6S,7R,9R,10R,11E,13E,16R)-10-[(2R,4R,5S,6S)-4,5-dihydroxy-4,6-dimethyloxan-2-yl]oxy-6-[(2S,3R,4R,5S,6R)-5-[(2R,4R,5S,6S)-4,5-dihydroxy-4,6-dimethyloxan-2-yl]oxy-4-(dimethylamino)-3-hydroxy-6-methyloxan-2-yl]oxy-4-hydroxy-7-(2-hydroxyethyl)-5-methoxy-9,16-dimethyl-1-oxacyclohexadeca-11,13-dien-2-one	CJKGNDLRMLFWEX-IUJNAFBCSA-N	31135681, 17158006	-2	2	-0.0268997982515131	otoprotective
102248350	Refchem:925510		JXQGSRKVFQSVTR-UHFFFAOYSA-K	30541727	1	1	0.0134498991257566	ototoxic
117587625	Ku6m163b0r	azane;bis(oxygen(2-));bis(ruthenium(3+));ruthenium(4+);hexachloride	GOOXRYWLNNXLFL-UHFFFAOYSA-H	23470714, 19052196	-2	2	-0.0268997982515131	otoprotective
119058053	P5pzx56ucw	methyl 3-methyl-2-[(1-pentylindazole-3-carbonyl)amino]butanoate	KTTMFFHXDMTTOB-UHFFFAOYSA-N	3214091	1	1	0.0134498991257566	ototoxic
121494106	Transforming growth factor alpha (human)	(4S)-4-[[(4R,7S,10S,16S,19S,25S,28S,31R)-31-[[(2S)-2-[[(1R,6R,9S,12S,18S,21S,24S,27S,30S,33S,36S,39S,42R,47R,53S,56S,59S,62S,65S,68S,71S,76S,79S,85S)-47-[[(2S)-2-[[(2S)-4-amino-2-[[(2S)-2-[[(2S)-2-[[(2S)-2-[[(2S)-2-[[(2S)-2-amino-3-methylbutanoyl]amino]-3-methylbutanoyl]amino]-3-hydroxypropanoyl]amino]-3-(1H-imidazol-4-yl)propanoyl]amino]-3-phenylpropanoyl]amino]-4-oxobutanoyl]amino]-3-carboxypropanoyl]amino]-18-(4-aminobutyl)-27,68-bis(3-amino-3-oxopropyl)-36,71,76-tribenzyl-39-(3-carbamimidamidopropyl)-24-(2-carboxyethyl)-21,56-bis(carboxymethyl)-65,85-bis[(1R)-1-hydroxyethyl]-59-(hydroxymethyl)-62,79-bis(1H-imidazol-4-ylmethyl)-9-methyl-33-(2-methylpropyl)-8,11,17,20,23,26,29,32,35,38,41,48,54,57,60,63,66,69,72,74,77,80,83,86-tetracosaoxo-30-propan-2-yl-3,4,44,45-tetrathia-7,10,16,19,22,25,28,31,34,37,40,49,55,58,61,64,67,70,73,75,78,81,84,87-tetracosazatetracyclo[40.31.14.012,16.049,53]heptaoctacontane-6-carbonyl]amino]-3-methylbutanoyl]amino]-7-(3-carbamimidamidopropyl)-25-(hydroxymethyl)-19-[(4-hydroxyphenyl)methyl]-28-(1H-imidazol-4-ylmethyl)-10-methyl-6,9,12,15,18,21,24,27,30-nonaoxo-16-propan-2-yl-1,2-dithia-5,8,11,14,17,20,23,26,29-nonazacyclodotriacontane-4-carbonyl]amino]-5-[[(2S)-1-[[(2S)-1-[[(2S)-3-carboxy-1-[[(2S)-1-[[(2S)-1-[[(1S)-1-carboxyethyl]amino]-4-methyl-1-oxopentan-2-yl]amino]-4-methyl-1-oxopentan-2-yl]amino]-1-oxopropan-2-yl]amino]-1-oxopropan-2-yl]amino]-3-(1H-imidazol-4-yl)-1-oxopropan-2-yl]amino]-5-oxopentanoic acid	NMWKYTGJWUAZPZ-WWHBDHEGSA-N	10216172, 9581394, 9263032	-3	3	-0.0403496973772697	otoprotective
121513887	1239262-36-2	trans-(1R,2S)-2-(3,5-difluoro-2-phenylmethoxyphenyl)cyclopropan-1-amine;hydrochloride	CTSUZAFTJVLOIX-SBKWZQTDSA-N	26011390	-1	1	-0.0134498991257566	otoprotective
122445050	Orc-13661	(1R,8S)-4-[(4-chlorophenyl)carbamoylamino]-11-methyl-5-thia-11-azatricyclo[6.2.1.02,6]undeca-2(6),3-diene-3-carboxamide	DAHGONXBHYVOPI-NWDGAFQWSA-N	41462666, 35923755, 33084473, 31391343	-4	4	-0.0537995965030262	otoprotective
122669401	Lly-283	(2R,3R,4S,5R)-2-(4-aminopyrrolo[2,3-d]pyrimidin-7-yl)-5-[(R)-hydroxy(phenyl)methyl]oxolane-3,4-diol	WWOOWAHTEXIWBO-QFRSUPTLSA-N	34997776	-1	1	-0.0134498991257566	otoprotective
124219522	Dtxsid001017373	6,7-dimethoxy-2-(4-methyl-1,4-diazepan-1-yl)-N-(1-phenylpiperidin-4-yl)quinazolin-4-amine	SLAFNCBTTNAGAV-UHFFFAOYSA-N	37181652, 23429292	-2	2	-0.0268997982515131	otoprotective
129010512	Dihexa	(2S,3S)-N-(6-amino-6-oxohexyl)-2-[[(2S)-2-(hexanoylamino)-3-(4-hydroxyphenyl)propanoyl]amino]-3-methylpentanamide	XEUVNVNAVKZSPT-JTJYXVOQSA-N	25674052	-1	1	-0.0134498991257566	otoprotective
129116690	2097416-76-5	(6R)-7-[(3,4-difluorophenyl)methyl]-6-(methoxymethyl)-2-[5-methyl-2-[(2-methylpyrazol-3-yl)amino]pyrimidin-4-yl]-5,6-dihydroimidazo[1,2-a]pyrazin-8-one	HVIGNZUDBVLTLU-MRXNPFEDSA-N	38928015	-1	1	-0.0134498991257566	otoprotective
131801108	(r)-azasetron besylate	N-[(3R)-1-azabicyclo[2.2.2]octan-3-yl]-6-chloro-4-methyl-3-oxo-1,4-benzoxazine-8-carboxamide;benzenesulfonic acid	GFVBDLIBPSGFDL-ZOWNYOTGSA-N	28796092, 30570608	-2	2	-0.0268997982515131	otoprotective
132598553	Refchem:53344	azaniumylboranuide	PJYXJGDRFASJSB-UHFFFAOYSA-N	37503854	-1	1	-0.0134498991257566	otoprotective
133065662	Antibiotic 8327a	(1S,2R,19R,22R,34S,37R,40R,52S)-2-[(2R,3R,4R,5S,6R)-3-acetamido-4,5-dihydroxy-6-(hydroxymethyl)oxan-2-yl]oxy-22-amino-5,15-dichloro-64-[(2S,3R,4R,5S,6R)-3-(decanoylamino)-4,5-dihydroxy-6-(hydroxymethyl)oxan-2-yl]oxy-26,31,44,49-tetrahydroxy-21,35,38,54,56,59-hexaoxo-47-[(3S,4S,5S,6R)-3,4,5-trihydroxy-6-(hydroxymethyl)oxan-2-yl]oxy-7,13,28-trioxa-20,36,39,53,55,58-hexazaundecacyclo[38.14.2.23,6.214,17.219,34.18,12.123,27.129,33.141,45.010,37.046,51]hexahexaconta-3,5,8,10,12(64),14,16,23(61),24,26,29(60),30,32,41(57),42,44,46(51),47,49,62,65-henicosaene-52-carboxylic acid	BJNLLBUOHPVGFT-CAYRISATSA-N	36943624, 32326261, 11564051, 9890319, 2966729, 2950960	6	6	0.0806993947545393	ototoxic
133082079	Peptide pacap	(3S)-4-[[2-[[(2S,3S)-1-[[(2S)-1-[[(2S,3R)-1-[[(2S)-1-[[(2S)-1-[[(2S)-1-[[(2S)-1-[[(2S)-1-[[(2S)-1-[[(2S)-1-[[(2S)-6-amino-1-[[(2S)-5-amino-1-[[(2S)-1-[[(2S)-1-[[(2S)-1-[[(2S)-6-amino-1-[[(2S)-6-amino-1-[[(2S)-1-[[(2S)-1-[[(2S)-1-[[(2S)-1-[[(2S)-1-[[(2S)-1-[[2-[[(2S)-6-amino-1-[[2-[[(2S)-1-[[(2S)-6-amino-1-[[(2S)-5-amino-1-[[(2S)-1-[[(2S)-1-[[(2S)-6-amino-1-[[(2S)-4-amino-1-[[(2S)-1,6-diamino-1-oxohexan-2-yl]amino]-1,4-dioxobutan-2-yl]amino]-1-oxohexan-2-yl]amino]-3-methyl-1-oxobutan-2-yl]amino]-5-carbamimidamido-1-oxopentan-2-yl]amino]-1,5-dioxopentan-2-yl]amino]-1-oxohexan-2-yl]amino]-3-(4-hydroxyphenyl)-1-oxopropan-2-yl]amino]-2-oxoethyl]amino]-1-oxohexan-2-yl]amino]-2-oxoethyl]amino]-4-methyl-1-oxopentan-2-yl]amino]-3-methyl-1-oxobutan-2-yl]amino]-1-oxopropan-2-yl]amino]-1-oxopropan-2-yl]amino]-4-methyl-1-oxopentan-2-yl]amino]-3-(4-hydroxyphenyl)-1-oxopropan-2-yl]amino]-1-oxohexan-2-yl]amino]-1-oxohexan-2-yl]amino]-3-methyl-1-oxobutan-2-yl]amino]-1-oxopropan-2-yl]amino]-4-methylsulfanyl-1-oxobutan-2-yl]amino]-1,5-dioxopentan-2-yl]amino]-1-oxohexan-2-yl]amino]-5-carbamimidamido-1-oxopentan-2-yl]amino]-3-(4-hydroxyphenyl)-1-oxopropan-2-yl]amino]-5-carbamimidamido-1-oxopentan-2-yl]amino]-3-hydroxy-1-oxopropan-2-yl]amino]-3-(4-hydroxyphenyl)-1-oxopropan-2-yl]amino]-3-hydroxy-1-oxopropan-2-yl]amino]-3-carboxy-1-oxopropan-2-yl]amino]-3-hydroxy-1-oxobutan-2-yl]amino]-1-oxo-3-phenylpropan-2-yl]amino]-3-methyl-1-oxopentan-2-yl]amino]-2-oxoethyl]amino]-3-[[(2S)-2-[[(2S)-2-amino-3-(1H-imidazol-5-yl)propanoyl]amino]-3-hydroxypropanoyl]amino]-4-oxobutanoic acid	SIOKKMOWMDCVKB-RGBLINGASA-N	19969027	-1	1	-0.0134498991257566	otoprotective
134828258	Mito-tempo	[2-[(1-hydroxy-2,2,6,6-tetramethylpiperidin-4-yl)amino]-2-oxoethyl]-triphenylphosphanium chloride	QJEOOHMMSUBNGG-UHFFFAOYSA-N	40365018	-1	1	-0.0134498991257566	otoprotective
135398513	Acyclovir	2-amino-9-(2-hydroxyethoxymethyl)-1H-purin-6-one	MKUXAQIIEYXACX-UHFFFAOYSA-N	26670892	-1	1	-0.0134498991257566	otoprotective
135398658	Folic acid	(2S)-2-[[4-[(2-amino-4-oxo-3H-pteridin-6-yl)methylamino]benzoyl]amino]pentanedioic acid	OVBPIULPVIDEAO-LBPRGKRZSA-N	31347504, 30640074, 25875282	-3	3	-0.0403496973772697	otoprotective
135398661	3-methyladenine	3-methyl-7H-purin-6-imine	ZPBYVFQJHWLTFB-UHFFFAOYSA-N	39881873, 33749526, 34095303, 33084473, 28440437	-5	5	-0.0672494956287828	otoprotective
135398671	Celiomycin	(3S)-3,6-diamino-N-[(3S,6Z,9S,12S,15S)-3-[(4R,6S)-2-amino-6-hydroxy-1,4,5,6-tetrahydropyrimidin-4-yl]-6-[(carbamoylamino)methylidene]-9,12-bis(hydroxymethyl)-2,5,8,11,14-pentaoxo-1,4,7,10,13-pentazacyclohexadec-15-yl]hexanamide	GXFAIFRPOKBQRV-GHXCTMGLSA-N	21768509, 3547005, 6175163, 7342284	4	4	0.0537995965030262	ototoxic
135398735	Rifampicin	[(7S,9E,11S,12R,13S,14R,15R,16R,17S,18S,19E,21Z)-2,15,17,27,29-pentahydroxy-11-methoxy-3,7,12,14,16,18,22-heptamethyl-26-[(E)-(4-methylpiperazin-1-yl)iminomethyl]-6,23-dioxo-8,30-dioxa-24-azatetracyclo[23.3.1.14,7.05,28]triaconta-1(29),2,4,9,19,21,25,27-octaen-13-yl] acetate	JQXXHWHPUNPDRT-WLSIYKJHSA-N	31622366	1	1	0.0134498991257566	ototoxic
135398738	Dacarbazine	4-[(E)-dimethylaminodiazenyl]-1H-imidazole-5-carboxamide	FDKXTQMXEQVLRF-ZHACJKMWSA-N	1873774	1	1	0.0134498991257566	ototoxic
135398740	Ganciclovir	2-amino-9-(1,3-dihydroxypropan-2-yloxymethyl)-1H-purin-6-one	IRSCQMHQWWYFCW-UHFFFAOYSA-N	28733760, 18588736	2	2	0.0268997982515131	ototoxic
135398744	Sildenafil	5-[2-ethoxy-5-(4-methylpiperazin-1-yl)sulfonylphenyl]-1-methyl-3-propyl-6H-pyrazolo[4,5-d]pyrimidin-7-one	BNRNXUUZRGQAQC-UHFFFAOYSA-N	40093470, 33342806, 23756362, 18827368, 33566468, 36133817	4	6	0.0537995965030262	ototoxic
135398745	Olanzapine	2-methyl-4-(4-methylpiperazin-1-yl)-10H-thieno[2,3-b][1,5]benzodiazepine	KVWDHTXUZHCGIO-UHFFFAOYSA-N	25097292	1	1	0.0134498991257566	ototoxic
135400189	Vardenafil	2-[2-ethoxy-5-(4-ethylpiperazin-1-yl)sulfonylphenyl]-5-methyl-7-propyl-3H-imidazo[5,1-f][1,2,4]triazin-4-one	SECKRCOLJRRGGV-UHFFFAOYSA-N	40093470, 33566468	2	2	0.0268997982515131	ototoxic
135401907	Allopurinol	1,5-dihydropyrazolo[5,4-d]pyrimidin-4-one	OFCNXPDARWKPPY-UHFFFAOYSA-N	37711004, 16014323, 15721563, 9007033	-4	4	-0.0537995965030262	otoprotective
135402057	Noc-5	(Z)-[3-aminopropyl(propan-2-yl)amino]-hydroxyimino-oxidoazanium	MTIRIKBRVALRPJ-NTMALXAHSA-N	9879394	1	1	0.0134498991257566	ototoxic
135403648	Folinic acid	(2S)-2-[[4-[(2-amino-5-formyl-4-oxo-3,6,7,8-tetrahydropteridin-6-yl)methylamino]benzoyl]amino]pentanedioic acid	VVIAGPKUTFNRDU-ABLWVSNPSA-N	35353852	-1	1	-0.0134498991257566	otoprotective
135413511	Tirapazamine	1,4-dioxido-1,2,4-benzotriazine-1,4-diium-3-amine	ORYDPOVDJJZGHQ-UHFFFAOYSA-N	15084615, 9815534	2	2	0.0268997982515131	ototoxic
135413535	Valganciclovir	[2-[(2-amino-6-oxo-1H-purin-9-yl)methoxy]-3-hydroxypropyl] (2S)-2-amino-3-methylbutanoate	WPVFJKSGQUFQAP-GKAPJAKFSA-N	28733760	1	1	0.0134498991257566	ototoxic
135415867	Azilsartan	2-ethoxy-3-[[4-[2-(5-oxo-4H-1,2,4-oxadiazol-3-yl)phenyl]phenyl]methyl]benzimidazole-4-carboxylic acid	KGSXMPPBFPAXLY-UHFFFAOYSA-N	38450178	-1	1	-0.0134498991257566	otoprotective
135444627	Asoxime chloride	1-[[2-[(E)-hydroxyiminomethyl]pyridin-1-ium-1-yl]methoxymethyl]pyridin-1-ium-4-carboxamide dichloride	QELSIJXWEROXOE-UHFFFAOYSA-N	20816720	-1	1	-0.0134498991257566	otoprotective
135469150	Euk 207	13,16,19,22-tetraoxa-3,6-diazatricyclo[21.3.1.18,12]octacosa-1(27),2,6,8(28),9,11,23,25-octaene-27,28-diol	IJRRNMCPHVFFMW-UHFFFAOYSA-N	30693443	-1	1	-0.0134498991257566	otoprotective
135532295	Pobn	N-tert-butyl-1-(1-oxidopyridin-1-ium-4-yl)methanimine oxide	RNRMWTCECDHNQU-WQLSENKSSA-N	11744287	-1	1	-0.0134498991257566	otoprotective
135735917	Liproxstatin-1	N-[(3-chlorophenyl)methyl]spiro[1,4-dihydroquinoxaline-3,4'-piperidine]-2-imine	YAFQFNOUYXZVPZ-UHFFFAOYSA-N	33343803	-1	1	-0.0134498991257566	otoprotective
137142885	1883602-21-8	2-[3-[(5-cyano-6-oxo-4-thiophen-2-yl-1H-pyrimidin-2-yl)sulfanylmethyl]phenyl]acetic acid	RJQYGCGMQYVVIB-UHFFFAOYSA-N	34089817	-1	1	-0.0134498991257566	otoprotective
137553165	Ec2la	N-[5-bromo-1-[(4-fluorophenyl)methyl]-4-methyl-2-oxo-3-pyridinyl]cycloheptanecarboxamide	NSGDYZCDUPSTQT-UHFFFAOYSA-N	18274912	1	1	0.0134498991257566	ototoxic
139082353	Steroid	N-[(1R)-1-[(3S,8R,9R,10S,13R,14R,17R)-3-(dimethylamino)-10,13-dimethyl-2,3,4,7,8,9,11,12,14,15,16,17-dodecahydro-1H-cyclopenta[a]phenanthren-17-yl]ethyl]-N-methylacetamide	DNVZSDMHLPWULM-PFJMVCNFSA-N	41369413, 31338024, 29327735, 17594118, 490032, 951390	-6	6	-0.0806993947545393	otoprotective
139269842	Mitotempo		WKKFJIJNGHNQQW-UHFFFAOYSA-N	39610699, 39005374	-2	2	-0.0268997982515131	otoprotective
139583739	Ceramide (lipids)	2-hydroxy-N-[(E)-3-hydroxy-1-[3,4,5-trihydroxy-6-(hydroxymethyl)oxan-2-yl]oxydocos-4-en-2-yl]hexadecanamide	RHRWRRHWGAOQBC-NHQGMKOOSA-N	28959567	-1	1	-0.0134498991257566	otoprotective
139600293	2241300-51-4	4-[1-(2-methyl-3H-benzimidazol-5-yl)imidazo[4,5-c]pyridin-2-yl]-1,2,5-oxadiazol-3-amine;dihydrochloride	LHUAALWRORLTCJ-UHFFFAOYSA-N	40329138	-1	1	-0.0134498991257566	otoprotective
155167581	Stm2457	N-[[6-[(cyclohexylmethylamino)methyl]imidazo[1,2-a]pyridin-2-yl]methyl]-4-oxopyrido[1,2-a]pyrimidine-2-carboxamide	OBERVORNENYOLE-UHFFFAOYSA-N	39983847	-1	1	-0.0134498991257566	otoprotective
155486958	Concanavalin a	1-[4-azido-5-(hydroxymethyl)oxolan-2-yl]-5-methylpyrimidine-2,4-dione;4-(dipropylsulfamoyl)benzoic acid	RVSZVJZFCQZYHQ-UHFFFAOYSA-N	10842603, 10213451	-2	2	-0.0268997982515131	otoprotective
155491322	5r9f9ne9z2	platinum;bis(propan-2-amine);dichloride;dihydroxide	AGFPKKCNKJRESC-UHFFFAOYSA-J	1732426	1	1	0.0134498991257566	ototoxic
155926077	Cep-11004	methyl (15S,16S,18R)-16-hydroxy-15-methyl-3-oxo-10,23-bis(propan-2-ylsulfanylmethyl)-28-oxa-4,14,19-triazaoctacyclo[12.11.2.115,18.02,6.07,27.08,13.019,26.020,25]octacosa-1,6,8(13),9,11,20(25),21,23,26-nonaene-16-carboxylate	SIHPNVHZKXZMMW-PTWIYLDJSA-N	17005344, 15389694	-2	2	-0.0268997982515131	otoprotective
156025075	Metallothionein	(2R)-6-amino-2-[[2-[[(2S)-2-[[2-[[(2R)-2-[[(2S)-2-[[(2R,3S)-2-[[2-[[(2S)-2-[[2-[[(2S)-2-[[(2S)-2-[[(2R)-2-[[(2S,3S)-2-[[(2R)-2-[[(2S)-2-[[(2S)-2-[[(2S)-2-[[2-[[(2S)-2-[[(2R)-2-[[2-[[2-[[2-[(2-amino-1-hydroxyethylidene)amino]-3-carboxy-1-hydroxypropylidene]amino]-1-hydroxy-3-sulfanylpropylidene]amino]-1-hydroxyethylidene]amino]-1-hydroxy-3-sulfanylpropylidene]amino]-1,3-dihydroxypropylidene]amino]-1-hydroxyethylidene]amino]-1-hydroxypropylidene]amino]-1,3-dihydroxypropylidene]amino]-1,3-dihydroxypropylidene]amino]-1-hydroxy-3-sulfanylpropylidene]amino]-1,3-dihydroxybutylidene]amino]-1-hydroxy-3-sulfanylpropylidene]amino]-1-hydroxypropylidene]amino]-1,3-dihydroxypropylidene]amino]-1-hydroxyethylidene]amino]-1,5-dihydroxy-5-iminopentylidene]amino]-1-hydroxy-3-sulfanylpropylidene]amino]-1,3-dihydroxybutylidene]amino]-1-hydroxy-3-sulfanylpropylidene]amino]-1,3-dihydroxypropylidene]amino]-1-hydroxyethylidene]amino]-1-hydroxy-3-sulfanylpropylidene]amino]-1-hydroxyethylidene]amino]hexanoic acid	DIGQNXIGRZPYDK-WKSCXVIASA-N	8261581	-1	1	-0.0134498991257566	otoprotective
156588658	Grp94		VYRIIPJFNXCIBT-UHFFFAOYSA-N	32748834	-1	1	-0.0134498991257566	otoprotective
165339223	Vitamin b12	cobalt(3+);[(2R,3S,5S)-5-(5,6-dimethylbenzimidazol-1-yl)-4-hydroxy-2-(hydroxymethyl)oxolan-3-yl] [(2R)-1-[3-[(1R,2R,3R,4Z,7S,9Z,12S,13S,14Z,17S,18S,19R)-2,13,18-tris(2-amino-2-oxoethyl)-7,12,17-tris(3-amino-3-oxopropyl)-3,5,8,8,13,15,18,19-octamethyl-2,7,12,17-tetrahydro-1H-corrin-21-id-3-yl]propanoylamino]propan-2-yl] phosphate;cyanide	FDJOLVPMNUYSCM-SYUKHSAKSA-L	25875282	-1	1	-0.0134498991257566	otoprotective
166638194	Nitroprusside ion	iron(5+);nitroxyl;pentacyanide	SJCKVGOQDNJZFE-UHFFFAOYSA-N	38397748	-1	1	-0.0134498991257566	otoprotective
169446419	Skqr1	[9-[2-[10-(2,5-dihydroxy-3,4-dimethylphenyl)decoxycarbonyl]phenyl]-6-(ethylamino)-2,7-dimethylxanthen-3-ylidene]-ethylazanium hydroxide	PUYHADPJYBREED-UHFFFAOYSA-N	31022870, 22817467	-2	2	-0.0268997982515131	otoprotective
