PMID	DOI	Title	Year	PublicationTypes
41383247	10.3892/etm.2025.13037	Plazomicin: A promising novel antimicrobial in the era of bacterial resistance (Review).	2026	Journal Article
41386467	10.1016/j.ejphar.2025.178473	Restoring autophagy flux by rolipram attenuates ototoxicity in Hearing loss.	2026	Journal Article
41365163	10.1016/j.bbrc.2025.153090	The role of Drp1-Pink1-Parkin mediated mitophagy in cisplatin-induced damage to primary cochlear SV pericytes.	2026	Journal Article
41278499	10.1039/d5na00419e	Dexamethasone-loaded lipid-polymeric nanoparticles to improve therapy for cisplatin-induced sensorineural hearing loss.	2026	Journal Article
41308564	10.1016/j.heares.2025.109487	Bridging the gap: mechanisms and novel translational strategies to prevent cisplatin-induced ototoxicity.	2026	Journal Article
41194325	10.1097/MAO.0000000000004682	Comparing Intratympanic to Surgical Management in Refractory Meniere Disease: A Systematic Review Plus Network Meta-analysis.	2026	Journal Article
40887718	10.1097/AUD.0000000000001714	Early Markers of Sensorineural Hearing Loss After Platinum-Based Chemotherapy.	NA	Journal Article
40829719	10.1016/j.ijrobp.2025.08.021	Self-Perceived Hearing Outcomes With Radiation and Cisplatin or Radiation and Cetuximab for Patients With Human Papilloma Virus (HPV)-Positive Oropharyngeal Cancer-Results From NRG Oncology RTOG 1016.	2026	Journal Article
40600354	10.1111/cpr.70081	Single-Nucleus Transcriptomics Uncovers Xaf1-Driven PANoptosis as a Therapeutic Target in Aminoglycoside-Induced Hearing Loss.	2026	Journal Article
41469892	10.1097/AUD.0000000000001772	Cisplatin Differentially Damages Mammalian Vestibular End Organs.	2025	Journal Article
41448059	10.1016/j.talanta.2025.129278	Dual and ultrasensitive electrochemical aptamer-based antibiotic biosensor via cascaded DNA assembly amplifications.	2025	Journal Article
41046947	10.1016/j.freeradbiomed.2025.10.004	Isoliquiritigenin attenuates cisplatin-induced hearing loss and ototoxicity by activating the Keap1-Nrf2-ARE pathway.	2025	Journal Article
41401640	10.1016/j.biopha.2025.118753	Combination of rosuvastatin and curcumin outperforms monotherapies in alleviating gentamicin-induced nephrotoxicity, audiotoxicity and vestibulotoxicity in a rat animal model.	2025	Journal Article
41440725	10.3390/medicines12040030	Preliminary Evaluation of an Injectable Therapeutic for Cisplatin Ototoxicity Using Neuronal SH-SY5Y Cells.	2025	Journal Article
41355029	10.1097/INF.0000000000005098	Hearing Measures in Children Perinatally HIV-exposed and Uninfected in the PHACS SMARTT Study.	2025	Journal Article
41462666	10.3390/antiox14121467	Experimental and Clinical Approaches to Preventing Aminoglycoside-Induced Ototoxicity: A Scoping Review.	2025	Journal Article
41350742	10.1186/s13287-025-04819-z	Mesenchymal stem cell-derived exosomes ameliorate gentamicin-induced vestibular hair cell injury by regulating the SNARE pathway and enhancing autophagy.	2025	Journal Article
41346314	10.1002/cpt.70160	Navigating the Genetic Risk of Chemotherapy-Induced Hearing Loss in the Stria Vascularis.	2025	Journal Article
41344314	10.1093/jnci/djaf343	Cisplatin during radiation for head and neck cancer: insights from NRG Oncology experience.	2025	Journal Article
41369413	10.3390/cells14231924	Understanding the Mechanisms Driving Fibrosis Following Cochlear Implantation-Lessons from Other Tissues.	2025	Journal Article
41338634	10.1136/bmjopen-2025-107101	Transtympanic sodium thiosulphate to prevent cisplatin-related hearing loss: a protocol for randomised controlled multicentre phase III trial, the SOUND trial.	2025	Journal Article
41241440	10.1016/j.jphs.2025.09.009	Lutein reduces cisplatin-induced intestinal inflammation by inhibiting ROS-mediated MAPK/NF-κB pathways.	2025	Journal Article
41325835	10.1016/j.jare.2025.11.065	BMP4 cocktail promotes utricular progenitor reprogramming and vestibular functional recovery in adult mice.	2025	Journal Article
41320588	10.1016/j.jcms.2025.11.013	Beyond the common ground: Unmasking unique toxicity signatures of cisplatin, docetaxel, and fluorouracil with implications for head and neck cancer treatment.	2026	Journal Article
41313250	10.1093/jac/dkaf433	Enhanced activity of apramycin and apramycin-based combinations against Mycobacteroides abscessus.	2025	Journal Article
41375733	10.3390/jcm14238433	Nigella Sativa and Thymoquinone for Prevention or Mitigation of Acquired Sensorineural Hearing Loss: A Systematic Review.	2025	Journal Article
41383593	10.3389/fimmu.2025.1679375	Adopting orphan receptors: zebrafish Tlr4 homologs mediate responses to group IX/X transition metals.	2025	Journal Article
41323644	10.1515/med-2025-1242	Single-cell RNA sequencing data analysis of the inner ear in gentamicin-treated mice via intraperitoneal injection.	2025	Journal Article
41271447	10.1111/bph.70237	Inositol hexaphosphate alleviates ototoxicity and age-related hearing loss by preserving cochlear hair cells in mice.	2025	Journal Article
41268681	10.1002/advs.202505663	Cryopreserved Human Otic Neuronal Spheroids Self-assemble for Functional Connectivity Analysis and Long-term Ototoxicity Evaluation.	2025	Journal Article
41264078	10.1007/s11096-025-02038-3	Inherited immune traits and cisplatin-induced ototoxicity in cancer patients: a Mendelian randomization study.	2025	Journal Article
41254428	10.1007/s12035-025-05350-1	Pharmacological Inhibition of JAK/STAT-IL2 Axis Alleviated Cisplatin-Induced Ototoxicity.	2025	Journal Article
41140199	10.1039/d5tb01324k	Rationally designed sodium thiosulfate-loaded solid lipid nanoparticles for inner ear delivery and prevention of medication-induced ototoxicity.	2025	Journal Article
41183177	10.1021/acsabm.5c01746	Mesoporous Silica Nanoparticles for Quercetin-Controlled Delivery to Protect Cisplatin-Induced Ototoxicity.	2025	Journal Article
41239162	10.1007/s11764-025-01929-8	Where are audiologists in the room of wizards? Oncology patient experiences with audiology in an Australian public hospital.	2025	Journal Article
41246460	10.5588/ijtldopen.25.0120	High-dose amikacin in the first week of all-oral rifampicin-resistant TB treatment is safe: a single-arm trial.	2025	Journal Article
41219953	10.1186/s12879-025-11901-7	The quantity and severity of adverse drug reactions experienced by patients with multi-drug resistant tuberculosis in the Ugu District.	2025	Journal Article
41212257	10.1007/s00520-025-10103-w	Otoprotective measures for cisplatin-based chemoradiotherapy-induced toxicity in patients with head and neck cancer: a systematic review and meta-analysis.	2025	Journal Article
41198710	10.1038/s41598-025-22644-5	Protective effect of adenosine triphosphate against hydroxychloroquine ototoxicity in rats.	2025	Journal Article
41189051	10.1097/MAO.0000000000004697	M.827A>G Variant in MT-RNR1 and Its Association With Hearing Loss: A Study in the Taiwanese Adult Population.	2025	Journal Article
41125176	10.1016/j.ijbiomac.2025.148445	Intratympanic delivery of dexamethasone palmitate-loaded lipid nanoparticles in dual viscosity hyaluronic acids hydrogel for prolonged retention and hearing loss treatment.	2025	Journal Article
41110266	10.1016/j.ijporl.2025.112581	Therapeutic potential of intraperitoneal emodin on cisplatin ototoxicity in rats.	2025	Journal Article
40945651	10.1016/j.lfs.2025.123961	Cisplatin transported by COX17 induces cochlear damage by binding Myosin IIA to regulate cell pyroptosis induced by mitochondrial dysfunction.	2025	Journal Article
40835755	10.1007/s00204-025-04154-5	2,2',4,4'-tetrabromodiphenyl ether (BDE-47) induces early hearing loss in guinea pigs via activating AhR to trigger mitochondrial and endoplasmic reticulum stress-regulated autophagy.	2025	Journal Article
40801201	10.1002/ohn.70002	Transtympanic Injection of Antioxidant-Eluting Microparticles for Otoprotection From Cisplatin Toxicity in a Mouse Model.	2025	Journal Article
40618947	10.1016/j.tox.2025.154229	Formyl peptide receptor 2 (FPR2) mediates cisplatin-induced cochlear inflammation and hair cell apoptosis.	2025	Journal Article
40319645	10.1016/j.talanta.2025.128246	An intelligent hydrogel detection platform based on colorimetric and SERS techniques for real-time and sensitive detection of kanamycin.	2025	Journal Article
41173903	10.1038/s41598-025-21962-y	Sex differences in response to kanamycin-induced ototoxicity in C57BL/6 J mice.	2025	Journal Article
41227325	10.3390/cells14211680	Spatial Distribution and Temporal Dynamics of Neomycin-Induced Neuromast Cell Damage and Regeneration in the Mexican tetra (<i>Astyanax mexicanus</i>).	2025	Journal Article
41122972	10.1172/jci.insight.196230	Lower, more frequent cisplatin dosing minimizes hearing loss in head and neck cancer.	2025	Journal Article
41148830	10.3390/cells14201615	Release of Mast Cell Mediators from Cochlear Tissue Following Short Exposure to Compound 48/80 or Cisplatin, and Their Damage to Cochlear Structure.	2025	Journal Article
41169615	10.3389/fmolb.2025.1694131	Mechanistic insights into cisplatin-induced ototoxicity: the central role of transient receptor potential channels.	2025	Journal Article
41155658	10.3390/ph18101543	From Ototoxicity to Otoprotection: Mechanism and Protective Strategies in Cisplatin Therapy.	2025	Journal Article
41132529	10.3389/fphar.2025.1694060	Protective effects of avenanthramide-C against cisplatin-induced cardiotoxicity in rats by attenuating oxidative stress, inflammatory cytokines, and modulating p62-Keap1-Nrf2 pathway.	2025	Journal Article
41090873	10.3390/nano15191529	Magnetic Cationic Liposomes-Based Delivery System Reduces Drug-Induced Cytotoxicity in an In Vitro Model of Hearing Loss.	2025	Journal Article
41052253	10.1080/14992027.2025.2566743	Targeting NLRP3 inflammasome activation in styrene-induced ototoxicity: comparative efficacy of rosmarinic acid and anakinra in mitigating oxidative and inflammatory damage.	2025	Journal Article
40987193	10.1016/j.ecoenv.2025.119094	BPA exposure activated estrogen receptor α (ER-α) and ROS to induce pyroptosis in cochlear hair cells.	2025	Journal Article
40865250	10.1016/j.heares.2025.109405	Ethacrynic acid regulates gentamicin ototoxicity via the blood-labyrinth barrier.	2025	Journal Article
40855724	10.1111/1440-1681.70067	Chlorogenic Acid Improves Salicylic Acid-Induced Cochlear Injury by Reducing Oxidative Stress and Inflammatory Response Through TLR4/NF-κB Signalling Pathway.	2025	Journal Article
40712497	10.1016/j.heares.2025.109372	Prevention of aminoglycoside-induced outer hair cell loss by silencing CaMKKβ in an acute mouse model.	2025	Journal Article
40685565	10.1002/pbc.31926	Ototoxicity in Pediatric Hematopoietic Stem Cell Transplantation With High-Dose Carboplatin: Identifying Modifiable Risk Factors Through the Inclusion of Younger Patients.	2025	Journal Article
40682276	10.1002/pbc.31934	Carboplatin-Induced Ototoxicity in Children Treated for Retinoblastoma.	2025	Journal Article
38630333	10.1007/s11764-024-01586-3	Trends in ototoxicity monitoring among cisplatin-treated patients with cancer.	2025	Journal Article
41040399	10.1101/2025.09.23.678043	Effects of Cholesterol Modulation on Cisplatin-Induced Hearing Loss.	2025	Journal Article
40983773	10.1007/s00066-025-02469-x	Outcomes of craniospinal radiotherapy in adult medulloblastoma: survival, long-term toxicities, and quality of life assessment with SF-12 and t-Cog.	2025	Journal Article
41011663	10.3390/molecules30183772	Comparative Antioxidant Protection of Cochlear Hair Cells from Ototoxins.	2025	Journal Article
40962343	10.1136/bmjopen-2025-103735	Genetic polymorphisms contributing to hearing loss in children treated with platinum agents: a systematic review and meta-analysis protocol.	2025	Journal Article
41002579	10.3390/curroncol32090509	Critical Review of Hearing Rehabilitation in Pediatric Oncology: Specific Considerations and Barriers.	2025	Journal Article
41009448	10.3390/ijms26188880	Determination of a New Biomarker at the Level of Gene Alteration in Cisplatin Ototoxicity.	2025	Journal Article
40969893	10.1021/acsptsci.5c00221	Quinolylnitrone 23 Protects from Auditory Cell Oxidative Injury and Noise-Induced Hearing Loss.	2025	Journal Article
40937151	10.1055/s-0045-1809645	Melatonin Prevents Cisplatin-Induced Cyto-Histopathological Damage in the Bone Marrow and Inner Ear.	2025	Journal Article
40633769	10.1016/j.jconrel.2025.114006	Nanomodulation of blood-labyrinth barrier enhances neuroprotection and antioxidant intervention for noise-induced hearing loss.	2025	Journal Article
40951767	10.1039/d5md00426h	Polyphenolic compounds as protective agents against cisplatin-induced ototoxicity with molecular mechanisms and clinical potential.	2025	Journal Article
40908485	10.1186/s12929-025-01180-4	Early downregulation of hair cell (HC)-specific genes in the vestibular sensory epithelium during chronic ototoxicity.	2025	Journal Article
40876780	10.1016/j.neuro.2025.08.006	In vivo and in vitro evaluation of the protective effects of osthole against ototoxicity using the zebrafish model and HEI-OC1 cell line.	2025	Journal Article
40851451	10.1111/bcpt.70090	Maternal Exposure to Medications and the Risk of Congenital and Early-Onset Hearing Loss in Children: A Systematic Review and a Meta-Analysis.	2025	Journal Article
40669610	10.1016/j.radonc.2025.111033	Non-cisplatin concurrent agents plus definitive radiotherapy for locally advanced head and neck cancer: A network meta-analysis of randomized studies.	2025	Journal Article
40582230	10.1016/j.heares.2025.109339	Transcriptomic change in human utricles after aminoglycoside-induced hair cell ablation: Dynamic alterations to hair cell and supporting cell genes.	2025	Journal Article
40495013	10.1007/s11060-025-05098-7	Impact of partial substitution of cisplatin with cyclophosphamide on acute toxicities in standard-risk medulloblastoma.	2025	Journal Article
39314173	10.4103/NRR.NRR-D-24-00579	Acquired sensorineural hearing loss, oxidative stress, and microRNAs.	2025	Journal Article
40932864	10.3389/fphar.2025.1577072	Comparison of associations suggests mainly distinct pools of genetic risk factors contribute to cisplatin-induced hearing loss and hearing difficulty in the general population.	2025	Journal Article
40645324	10.1016/j.neuroscience.2025.07.017	An immortalized cochlear spiral ganglion neuronal cell line: a promising tool for hearing loss study.	2025	Journal Article
40894222	10.3389/fphar.2025.1641174	Sarsasapogenin protects hair cells from cisplatin-induced ototoxicity by attenuating apoptosis and ferroptosis via alleviating oxidative stress.	2025	Journal Article
40821684	10.5588/ijtldopen.25.0151	Using linezolid as a substitute for the injectable in case of ototoxicity is safer and as effective as all-oral treatment for rifampicin-resistant TB.	2025	Journal Article
40790374	10.1007/s12264-025-01477-2	Therapeutic Potential of MgH<sub>2</sub> in Mitigating Cisplatin-Induced Hearing Loss.	2025	Journal Article
40842562	10.3389/fncel.2025.1636500	Aminoglycoside induces RIPOR2 translocation and phosphatidylserine externalization via distinct mechanisms.	2025	Journal Article
40513684	10.1016/j.bbagen.2025.130832	Antibiotic-induced mitochondrial dysfunction: Exploring tissue-specific effects on HEI-OC1 cells and peripheral blood mononuclear cells.	2025	Journal Article
40411396	10.1002/advs.202502627	Small Extracellular Vesicles Orchestrate Cisplatin-Induced Ototoxicity: Potential Biomarker and Targets Discovery.	2025	Journal Article
40398509	10.1016/j.taap.2025.117401	Evaluating N-acetylcysteine for mitigating cisplatin-induced oxidative stress and ionocyte damage in a zebrafish model.	2025	Journal Article
40374000	10.1016/j.fct.2025.115550	Paeoniflorin attenuates cisplatin induced ototoxicity by inhibiting ferroptosis mediated by HMGB1/NRF2/GPX4 pathway.	2025	Journal Article
40323204	10.1002/ohn.1272	N-acetylcysteine for the Prevention of Cisplatin-Induced Hearing Loss: A Systematic Review and Meta-analysis.	2025	Journal Article
40165641	10.1002/lary.32158	Preventing Hearing Loss in Children Receiving Cisplatin: A Systematic Review and Meta-Analysis.	2025	Journal Article
40135846	10.1002/advs.202405850	Lycium barbarum Glycopeptide Alleviates Neomycin-Induced Ototoxicity by Inhibiting Tryptophan Hydroxylase-Mediated Serotonin Biosynthesis.	2025	Journal Article
40051392	10.1002/advs.202408777	Pinoresinol Diglucoside Attenuates Nuclear Receptor Coactivator 4-Mediated Ferritinophagy Associated with Cisplatin-Induced Hearing Loss.	2025	Journal Article
39823520	10.1002/advs.202407637	Polydopamine Nanohydrogel Decorated Adhesive and Responsive Hierarchical Microcarriers for Deafness Protection.	2025	Journal Article
40739377	10.1038/s42003-025-08525-7	Inhibition of inner ear macrophage phagocytosis alleviates cisplatin-induced ototoxicity.	2025	Journal Article
40724969	10.3390/ijms26146720	Molecular Mechanisms of Aminoglycoside-Induced Ototoxicity in Murine Auditory Cells: Implications for Otoprotective Drug Development.	2025	Journal Article
40222417	10.1016/j.jconrel.2025.113728	Bioadhesive drug-loaded microparticles prolong drug retention in the middle ear and ameliorate cisplatin-induced hearing loss.	2025	Journal Article
40722752	10.3390/biomedicines13071680	The Role and Mechanism of GSDME-Dependent Pyroptosis in Cochlear Marginal Cells Injury by Cisplatin.	2025	Journal Article
40601160	10.1007/s11764-025-01860-y	Survivors' perspectives on cisplatin-induced ototoxicity and barriers to ototoxicity monitoring.	2025	Journal Article
40646185	10.1038/s41556-025-01692-z	P4-ATPases control phosphoinositide membrane asymmetry and neomycin resistance.	2025	Journal Article
40412772	10.1016/j.toxlet.2025.05.011	Leonurine protects against cisplatin-induced ototoxicity through its anti-oxidation and anti-apoptosis properties.	2025	Journal Article
40404973	10.1038/s41433-025-03845-8	Comparative efficacy and safety of rituximab, tocilizumab, and teprotumumab in Graves' orbitopathy: a systematic review and meta-analysis.	2025	Journal Article
40403227	10.1200/JCO.24.00905	Randomized Phase Ib Clinical Trial of DB-020 Intratympanic Injections to Reduce High-Dose Cisplatin Ototoxicity.	2025	Journal Article
40383085	10.1016/j.heares.2025.109304	Echolocation frequency alteration, and hearing loss induced by an ototoxic drug in the echolocating bat Hipposideros pratti.	2025	Journal Article
40334501	10.1016/j.heares.2025.109287	Insulin-like growth factor 1 protects cochlear outer hair cells against cisplatin.	2025	Journal Article
40324146	10.1200/JCO-24-01861	Development and Validation of a Novel Prediction Model for Hearing Loss From Cisplatin Chemotherapy.	2025	Journal Article
40159305	10.1007/s00204-025-04038-8	Vernonia amygdalina displays otoprotective effects via antioxidant pathway on cisplatin-induced hair cell loss in zebrafish.	2025	Journal Article
40147638	10.1016/j.neuropharm.2025.110433	Activated mTORC1 signaling pathway aggravates cisplatin induced oxidative damage by inhibiting autophagy in mouse cochlear hair cells.	2025	Journal Article
40045731	10.1111/coa.14299	Comparative Analysis of Hearing Loss Induced by Cisplatin Versus Carboplatin in Locally Advanced Nasopharyngeal Carcinoma: Early to Mid-Term Findings.	2025	Journal Article
39989079	10.1002/bcp.70015	Effect of hydration schedules on dose-limiting toxicity in patients with head and neck squamous cell carcinoma treated with cisplatin.	2025	Journal Article
40642015	10.3389/fphar.2025.1532461	Drug-associated hearing impairment in children: a disproportionality analysis of the FDA adverse event reporting system.	2025	Journal Article
40636110	10.3389/fimmu.2025.1617146	Organ of Corti macrophages: a distinct group of cochlear macrophages with potential roles in supporting cell degeneration and survival.	2025	Journal Article
40577815	10.17305/bb.2025.12533	PJ34 prevents cisplatin-induced hair cell loss via inhibition of PARP-1-AIF parthanatos.	2025	Journal Article
40558212	10.3390/antibiotics14060622	The Effect of Antibiotics on the Nervous System: Importance for Anesthesiology and Intensive Care.	2025	Journal Article
40525941	10.1097/SCS.0000000000011545	Investigation of the Preventive Effect of Quercetin on 5-Fluorouracil Toxicity.	2025	Journal Article
40564195	10.3390/biomedicines13061476	Effects of Methionine and Glutathione on Acute Ototoxicity Induced by Amikacin and Furosemide in an Animal Model of Hearing Threshold Decrease.	2025	Journal Article
40512245	10.1007/s11064-025-04446-3	Protective Effect of Selegiline (R-deprenyl) in Aminoglycoside-Induced Hearing Loss.	2025	Journal Article
40488759	10.1007/s00221-025-07119-3	Impact of repeated intranasal gentamicin irrigation on structure and function of the vestibular brainstem.	2025	Journal Article
40572730	10.3390/medicina61061042	Protective Effect of Mesenchymal Stem Cell-Derived Extracellular Vesicles on Inner Ear Sensorineural Cells Affected by Cisplatin.	2025	Journal Article
40486073	10.2147/CLEP.S528454	Exploring Ototoxicity Associated with Capmatinib: Insights from a Real-World Data Analysis of the FDA Adverse Event Reporting System (FAERS) Database.	2025	Journal Article
40521160	10.1016/j.ijpx.2025.100340	Glycyrrhizic acid and its carrier-free micellar formulation: Unraveling the potential for enhanced oral prevention of hearing loss.	2025	Journal Article
40464565	10.1158/2767-9764.CRC-24-0506	Cisplatin-Induced APE2 Overexpression Disrupts MYH9 Function and Causes Hearing Loss.	2025	Journal Article
40346416	10.1007/s00405-025-09412-x	Improving the usability of grading scales for drug-induced ototoxicity with a focus on real world data collection.	2025	Journal Article
40188564	10.1016/j.heares.2025.109262	Drug-induced hearing loss: a real-world pharmacovigilance study using the FDA adverse event reporting system database.	2025	Journal Article
40128126	10.1002/pbc.31680	Feasibility and Safety of Intratympanic Administration of Sustained-Exposure Dexamethasone Thermosensitive Gel (OTO-104) for Prevention of Cisplatin-Induced Hearing Loss in Children: A Multisite Phase 2 Randomized Clinical Trial.	2025	Journal Article
40046635	10.1016/j.toxrep.2025.101967	MnTBAP, a peroxynitrite scavenger, attenuates cisplatin-induced apoptosis and cytotoxicity in organ of Corti cells.	2025	Journal Article
39954163	10.1007/s12035-025-04751-6	Autophagy Induction by Mangiferin Protects Auditory Hair Cells from Ototoxicity.	2025	Journal Article
40563254	10.3390/antiox14060619	Ferulic Acid Combines with Ascorbic Acid to Target MMP9 to Attenuate Cisplatin-Induced Ototoxicity Through the p38MAPK Signaling Pathway.	2025	Journal Article
40496981	10.1016/j.crtox.2025.100241	Differential effect of targeting cisplatin-induced nitrative stress using MnTBAP in auditory and cancer cells.	2025	Journal Article
40430553	10.3390/ph18050735	Risk of Hearing Loss in Patients Treated with Exendin-4 Derivatives: A Network Meta-Analysis of Glucagon-like Peptide-1 Receptor Agonists and Sodium-Glucose Cotransporter 2 Inhibitors.	2025	Journal Article
40429930	10.3390/ijms26104787	The Role of Genetic and Non-Genetic Factors in the Occurrence of Cisplatin-Associated Ototoxicity.	2025	Journal Article
40360848	10.1038/s42003-025-07943-x	Identification of druggable binding sites and small molecules as modulators of TMC1.	2025	Journal Article
40338449	10.1007/s10787-025-01766-2	A comprehensive review of the impact of natural products in preventing drug-induced ototoxicity.	2025	Journal Article
40233546	10.1016/j.oraloncology.2025.107246	Comparison of cisplatin-induced hearing loss in different durations of infusion and volume of hydration schedules in head and neck squamous cell carcinoma patients treated with cisplatin-based chemoradiation.	2025	Journal Article
40127515	10.1016/j.ijporl.2025.112292	Platinum-induced ototoxicity in pediatric patients with solid tumors: Younger and male children are more susceptible.	2025	Journal Article
40032793	10.1002/pbc.31631	Real-World Experience Using Sodium Thiosulfate Pentahydrate Off-Label for Cisplatin Otoprotection in Children, Adolescents, and Young Adults.	2025	Journal Article
39983847	10.1016/j.bcp.2025.116820	STM2457 decreases m6A methylation to reduce cisplatin-induced ototoxicity via MAPK signaling.	2025	Journal Article
39945816	10.1007/s00204-025-03975-8	SIRT3 regulates PFKFB3-mediated glycolysis to attenuate cisplatin-induced ototoxicity both in vivo and in vitro.	2025	Journal Article
39924670	10.3802/jgo.2025.36.e49	Comparison of carboplatin-based chemotherapy versus cisplatin-based chemotherapy in the treatment of malignant gonadal germ cell tumor: a systematic review and meta-analysis.	2025	Journal Article
40365018	10.3389/fcell.2025.1555153	Mitochondria-derived reactive oxygen species induce over-differentiation of neural stem/progenitor cells after non-cytotoxic cisplatin exposure.	2025	Journal Article
40362438	10.3390/ijms26094201	Protective Effects of (-)-Butaclamol Against Gentamicin-Induced Ototoxicity: In Vivo and In Vitro Approaches.	2025	Journal Article
40351440	10.3389/fphar.2025.1586243	Studies on the mechanism of ototoxic action of cisplatin and the antagonistic effect of polyphenolic compounds.	2025	Journal Article
40291857	10.1002/oto2.70121	Review of Ototoxic Drugs Using Health Insurance Data: A Data-Driven Management System.	2025	Journal Article
40342992	10.3389/fphar.2025.1575840	Combinatorial biosynthesis of novel gentamicin derivatives with nonsense mutation readthrough activity and low cytotoxicity.	2025	Journal Article
40073814	10.1016/j.intimp.2025.114428	CSF1R inhibition agents protect against cisplatin ototoxicity and synergize with immunotherapy for Head and Neck Squamous Cell Carcinoma.	2025	Journal Article
40233985	10.1136/bmjoq-2024-002847	Improving ototoxicity monitoring in patients receiving aminoglycosides using a novel digital approach: a quality improvement project.	2025	Journal Article
39923853	10.1016/j.jconrel.2025.02.006	Drug delivery for platinum therapeutics.	2025	Journal Article
40391321	10.1101/2025.04.09.648020	Enhanced Activity of Apramycin and Apramycin-Based Combinations Against <i>Mycobacteroides abscessus</i>.	2025	Journal Article
40248074	10.3389/fmed.2025.1579285	GPR83 protects cochlear hair cells against ibrutinib-induced hearing loss through AKT signaling pathways.	2025	Journal Article
40343139	10.18773/austprescr.2025.013	Safe and effective use of vancomycin.	2025	Journal Article
40296470	10.7874/jao.2025.00073	Assessment and Management of Chemotherapy-Induced Ototoxicity in Children.	2025	Journal Article
40226271	10.1007/s12070-025-05338-2	Impact of Cochlear Radiotherapy Dose on Hearing Loss in Carcinoma Oropharynx Treated by Concurrent Chemoradiotherapy Using Simultaneous Integrated Boost Volumetric Modulated Arc Therapy (SIB -VMAT).	2025	Journal Article
40160057		Hearing Impairment among the High-Risk Neonates: Findings from a Hospital-Based Targeted Screening.	2025	Journal Article
40041973	10.1002/advs.202415041	Metabolomic and Cellular Mechanisms of Drug-Induced Ototoxicity and Nephrotoxicity: Therapeutic Implications of Uric Acid Modulation.	2025	Journal Article
39965236	10.1097/MAO.0000000000004446	Preventing Cisplatin-Induced Hearing Loss in Adults: A Systematic Review and Meta-Analysis.	2025	Journal Article
39947413	10.1016/j.tiv.2025.106025	Using cimetidine to mitigate cisplatin-induced ototoxicity.	2025	Journal Article
39756116	10.1016/j.tice.2024.102703	The potential of bone marrow derived mesenchymal stem cells in treating cisplatin induced sensorineural hearing loss in a guinea pig animal model.	2025	Journal Article
39530276	10.1002/lary.31902	Antioxidant Therapies in the Treatment of Aminoglycoside-Induced Ototoxicity: A Meta-Analysis.	2025	Journal Article
40067887	10.1073/pnas.2415805122	GSDMD-mediated mitochondrial dysfunction in marginal cells: A potential driver of inflammation and stria vascularis damage in CIHL.	2025	Journal Article
40098168	10.1186/s40360-025-00890-7	A disproportionality analysis of adverse events associated with loop diuretics in the FDA Adverse Event Reporting System (FAERS).	2025	Journal Article
40070397	10.1039/d5ra00501a	Facile preparation of fluorescent carbon dots from water caltrop shells and their application in amikacin sensing.	2025	Journal Article
40109278	10.3389/fncel.2025.1552051	Paving the way for better ototoxicity assessments in cisplatin therapy using more reliable animal models.	2025	Journal Article
40046909	10.1002/oto2.70097	Impact of Cisplatin on Hearing: Analysis Using PTA, High-Frequency Audiometry, DPOAE, and Speech-in-Noise Test.	2025	Journal Article
40093091	10.1101/2025.03.03.641220	P4-ATPase control over phosphoinositide membrane asymmetry and neomycin resistance.	2025	Journal Article
40093470	10.1007/s12070-025-05372-0	A follow-up Study of Effect of PDE5i Drugs on Extended High-frequency Hearing.	2025	Journal Article
40093441	10.1007/s12070-024-05299-y	Investigating Hearing Function in Paediatric Patients with Cancer in South Africa.	2025	Journal Article
40093437	10.1007/s12070-025-05362-2	Effects of Kanamycin on Hearing and Vestibular Function in Multidrug-Resistant Tuberculosis Patients.	2025	Journal Article
39676140	10.1007/s12264-024-01334-8	Inhibition of the cGAS‑STING Pathway Reduces Cisplatin-Induced Inner Ear Hair Cell Damage.	2025	Journal Article
39654065	10.1002/pbc.31479	Otoprotective Effects of Sodium Thiosulfate by Demographic and Clinical Characteristics: A Report From Children's Oncology Group Study ACCL0431.	2025	Journal Article
39653098	10.1016/j.cbpc.2024.110103	Impacts of an environmental ototoxic pollutant on fish fighting behaviors.	2025	Journal Article
39614759	10.1177/12034754241302818	Evaluating Difluoromethylornithine Safety and Efficacy for Non-Melanoma Skin Cancer Chemoprevention: A Systematic Review.	2025	Journal Article
39261989	10.1097/AUD.0000000000001592	Roadmap to a Global Template for Implementation of Ototoxicity Management for Cancer Treatment.	NA	Journal Article
40126270	10.3390/audiolres15020022	Strategies to Mitigate Cisplatin-Induced Ototoxicity: A Literature Review of Protective Agents, Mechanisms, and Clinical Gaps.	2025	Journal Article
40061942	10.3389/fimmu.2025.1470625	Role of RGS17 in cisplatin-induced cochlear inflammation and ototoxicity via caspase-3 activation.	2025	Journal Article
40027193	10.7150/ijms.104121	Exosomes derived from TNF-α preconditioned bone marrow mesenchymal stem cells alleviate cisplatin-induced ototoxicity in mice.	2025	Journal Article
39995440	10.3389/fnins.2025.1497773	Pan-caspase inhibitor protects against noise-induced hearing loss in a rodent model.	2025	Journal Article
39905500	10.1186/s40360-024-00829-4	Intratympanic N-acetylcysteine in the prevention of cisplatin-induced ototoxicity: a systematic review and meta-analysis of randomized controlled trials.	2025	Journal Article
40023593	10.1016/j.jpet.2024.100057	TLR4 downregulation protects against cisplatin-induced ototoxicity in adult and pediatric patients with cancer.	2025	Journal Article
39827939	10.1016/j.neuint.2025.105935	In vitro effects of recombinant human Neuritin on hair cell recovery post-gentamicin injury in SC lineage-tracing models: Involvement of notch and FGFR signaling.	2025	Journal Article
39390645	10.1111/bph.17359	Early transtympanic administration of rhBDNF exerts a multifaceted neuroprotective effect against cisplatin-induced hearing loss.	2025	Journal Article
39323315	10.1002/lary.31796	Sensorineural Hearing Loss in Patients With the m.1555A>G Mutation in the MTRNR1 Gene.	2025	Journal Article
39949397	10.3389/fphar.2024.1462421	FAM134B-mediated endoplasmic reticulum autophagy protects against cisplatin-induced spiral ganglion neuron damage.	2024	Journal Article
39911951	10.2147/JIR.S492292	The Upregulation of IL-1β Induced by Cisplatin Triggers PI3K/AKT/MMP9 Pathway in Pericytes Mediating the Leakage of the Blood Labyrinth Barrier.	2025	Journal Article
39844419	10.2174/0113862073354456241219065512	Resveratrol Reduces Cisplatin-induced Cochlear Hair Cell Pyroptosis by Inhibiting the mtROS/TXNIP/NLRP3 Pathway.	2025	Journal Article
39881873	10.3389/fphar.2024.1518810	The chiisanoside derivatives present in the leaves of <i>Acanthopanax sessiliflorus</i> activate autophagy through the LRP6/GSK3β axis and thereafter inhibit oxidative stress, thereby counteracting cisplatin-induced ototoxicity.	2024	Journal Article
39255894	10.1016/j.cca.2024.119963	Comparative assessment of trough and peak levels and AUC24 for amikacin in nontuberculous mycobacterial infection.	2025	Journal Article
39898250	10.7150/ijms.103270	Protective effects of MET channels on aminoglycosides- and cisplatin-induced ototoxicity.	2025	Journal Article
39800976	10.4274/tao.2024.2023-10-10	Long-term Prospective Comparative Analysis of Ototoxic and Survival Outcomes of Sequential Boost and Simultaneous Integrated Boost of Volumetric Modulated Arc Therapy for Head-Neck Carcinomas.	2025	Journal Article
39850559	10.3389/fphar.2024.1496917	Berberrubine protects against cisplatin-induced ototoxicity by promoting folate biosynthesis.	2024	Journal Article
39860094	10.3390/molecules30020224	Characterization and Otoprotective Effects of Polysaccharides from <i>Arthrospira platensis</i>.	2025	Journal Article
39485898	10.1093/jpp/rgae132	Natural product mitigation of ferroptosis in platinum-based chemotherapy toxicity: targeting the underpinning oxidative signaling pathways.	2025	Journal Article
39536494	10.1016/j.ejmech.2024.117009	Design and synthesis of glycofullerene derivatives as novel photosensitizer for potential application in PDT to treat cancer.	2025	Journal Article
40382156	10.1016/bs.mie.2025.01.065	Evaluation of platinum drug toxicity resulting from polyamine catabolism.	2025	Journal Article
40254427	10.1248/bpb.b24-00811	Cry2 Alleviates Cisplatin-Induced Cytotoxicity in Mouse Renal Cortex Tubular Cell Lines.	2025	Journal Article
39708587	10.1016/j.biopha.2024.117767	Inhibition of the mitochondrial permeability transition pore as a promising target for protecting auditory function in cisplatin-induced hearing loss.	2025	Journal Article
39667535	10.1016/j.toxlet.2024.12.005	ARC protects cochlear hair cells from neomycin-induced ototoxicity via the Ras/JNK signaling pathway.	2025	Journal Article
39663200	10.1080/00016489.2024.2436076	Ototoxic effects of unilateral postauricular neomycin administration on the inner ears of Guinea pigs.	2025	Journal Article
39608515	10.1016/j.toxlet.2024.11.009	Activation of Wnt/β-catenin signaling to increase B lymphoma Moloney murine leukemia virus insertion region 1 by lithium chloride attenuates the toxicity of cisplatin in the HEI-OC1 auditory cells.	2025	Journal Article
39522503	10.1159/000542496	The Effects of Memantine on Cisplatin-Induced Ototoxicity.	2025	Journal Article
39503057	10.1002/pbc.31404	Long-term renal outcomes of children with cancers treated with platinum-based chemotherapy: A retrospective chart analysis.	2025	Journal Article
39460639	10.1002/ohn.1032	The Effects of Metformin on Cisplatin-Induced Ototoxicity in Diabetic Patients.	2025	Journal Article
39254185	10.3928/01913913-20240807-02	Hearing Evaluations in Children With Retinoblastoma Treated With Intra-arterial Carboplatin Chemotherapy: A Single Institution Review.	2025	Journal Article
39096016	10.1002/hed.27907	The association between skeletal muscle mass and sensorineural hearing loss upon cisplatin-based chemoradiotherapy in patients with head and neck squamous cell carcinoma.	2025	Journal Article
38770822	10.1089/ars.2024.0648	The Antioxidant Ergothioneine Alleviates Cisplatin-Induced Hearing Loss Through the Nrf2 Pathway.	2025	Journal Article
39831503	10.12968/hmed.2024.0380	Analysis of Drug-Related Tinnitus Based on the FDA Adverse Event Reporting System Database.	2024	Journal Article
39770582	10.3390/ph17121741	Sodium Thiosulfate: An Innovative Multi-Target Repurposed Treatment Strategy for Late-Onset Alzheimer's Disease.	2024	Journal Article
39765905	10.3390/antiox13121578	Cisplatin-Induced Hearing Loss, Oxidative Stress, and Antioxidants as a Therapeutic Strategy-A State-of-the-Art Review.	2024	Journal Article
38826329	10.1101/2024.03.05.583611	Identification of Druggable Binding Sites and Small Molecules as Modulators of TMC1.	2024	Journal Article
39702402	10.1186/s13018-024-05357-9	Intra-articular injection of vancomycin after arthrotomy closure following gentamicin-impregnated bone cementation in primary total knee arthroplasty provides a high intra-articular concentration while avoiding systemic toxicity: a prospective study.	2024	Journal Article
39769128	10.3390/ijms252413363	Protective Effects of Fasudil Against Cisplatin-Induced Ototoxicity in Zebrafish: An In Vivo Study.	2024	Journal Article
39656249	10.1007/s00221-024-06967-9	Impact of repeated intranasal gentamicin irrigation on auditory brainstem evoked potentials in rats.	2024	Journal Article
39018670	10.1016/j.saa.2024.124765	Four three-dimensional rare earth metal - organic framework fluorescent sensor for efficient detection of gentamicin sulfate and Fe<sup>3</sup>.	2024	Journal Article
39312737	10.1044/2024_AJA-24-00065	Ototoxic Drug Exposure and Hearing Loss in Neonates: A Scoping Review.	2024	Journal Article
39677049	10.1002/wjo2.150	Assessing the auditory effects of oral chelation therapy drug Deferasirox in individuals with β-thalassemia major.	2024	Journal Article
39588212	10.1016/j.eclinm.2024.102922	Child outcomes after prenatal exposure to platinum and taxane-based chemotherapy: an unplanned interim analysis of the international network on cancer, infertility, and pregnancy study.	2024	Journal Article
39521239	10.1016/j.fct.2024.115099	Apigenin attenuates cisplatin-induced hair cell damage in the zebrafish lateral line.	2024	Journal Article
39488053	10.1016/j.compbiomed.2024.109324	Machine learning model identifies genetic predictors of cisplatin-induced ototoxicity in CERS6 and TLR4.	2024	Journal Article
39423903	10.1016/j.ejps.2024.106939	Advances in understanding cisplatin-induced toxicity: Molecular mechanisms and protective strategies.	2024	Journal Article
39242413	10.1007/s00405-024-08880-x	Treatment-related hearing loss in weekly versus triweekly cisplatin chemoradiation for head and neck cancer.	2024	Journal Article
39227091	10.1016/j.carbpol.2024.122546	Dexamethasone nanocrystals-embedded hydroxypropyl methylcellulose hydrogel increases cochlear delivery and attenuates hearing loss following intratympanic injection.	2024	Journal Article
38875882	10.1016/j.biomaterials.2024.122665	Application of self-assembly palladium single-atom nanozyme over polyoxometalates in protection against neomycin-induced hearing loss by inhibiting ferroptosis.	2024	Journal Article
38629504	10.1080/13510002.2024.2341470	Hesperidin activates Nrf2 to protect cochlear hair cells from cisplatin-induced damage.	2024	Journal Article
38563333	10.1080/13510002.2024.2332038	Ivacaftor attenuates gentamicin-induced ototoxicity through the CFTR-Nrf2-HO1/NQO1 pathway.	2024	Journal Article
39505327	10.1021/acs.jafc.4c07994	Chiisanoside from the Leaves of <i>Acanthopanax sessiliflorus</i> Can Resist Cisplatin-Induced Ototoxicity by Maintaining Cytoskeletal Homeostasis and Inhibiting Ferroptosis.	2024	Journal Article
39550593	10.1186/s13256-024-04862-z	Carboplatin-induced hematuria in a patient with stage I seminoma: a case report.	2024	Case Reports
39594548	10.3390/antiox13111407	An In Vitro Oxidative Stress Model of the Human Inner Ear Using Human-Induced Pluripotent Stem Cell-Derived Otic Progenitor Cells.	2024	Journal Article
38950479	10.1016/j.saa.2024.124686	Colorimetric detection of neomycin sulfate in serum based on ultra-small gold nanoparticles with peroxidase-like activity.	2024	Journal Article
39610699	10.3389/fneur.2024.1480435	Multiple mechanisms of aminoglycoside ototoxicity are distinguished by subcellular localization of action.	2024	Journal Article
39589176	10.1002/cnr2.70046	A Retrospective Evaluation of Ototoxicity Monitoring in a Cohort of Pediatric Patients With Solid Tumors, Treated in the Dutch National Cancer Center.	2024	Journal Article
39555479	10.3389/fneur.2024.1461823	Predictive model for aminoglycoside induced ototoxicity.	2024	Journal Article
39522055	10.1080/00016489.2024.2412719	Improved intracochlear biopolymeric drug delivery system: an <i>in vivo</i> study.	2024	Journal Article
39126361	10.1002/pbc.31255	Successful treatment of young childhood standard-risk hepatoblastoma with cisplatin monotherapy using a central review system.	2024	Journal Article
39016116	10.1002/smll.202401369	Magnetic/Acoustic Dual-Controlled Microrobot Overcoming Oto-Biological Barrier for On-Demand Multidrug Delivery against Hearing Loss.	2024	Journal Article
38653908	10.1007/s12035-024-04179-4	Rutin Attenuates Gentamycin-induced Hair Cell Injury in the Zebrafish Lateral Line via Suppressing STAT1.	2024	Journal Article
39640804	10.1016/j.heliyon.2024.e39166	New application of ombuoside in protecting auditory cells from cisplatin-induced ototoxicity via the apoptosis pathway.	2024	Journal Article
39518996	10.3390/ijms252111444	Notoginsenoside R1 Attenuates Cisplatin-Induced Ototoxicity by Inducing Heme Oxygenase-1 Expression and Suppressing Oxidative Stress.	2024	Journal Article
39575153	10.15698/cst2024.10.299	Stress granules formation in HEI-OC1 auditory cells and in H4 human neuroglioma cells secondary to cisplatin exposure.	2024	Journal Article
39435078	10.1016/j.heliyon.2024.e38938	A convolutional neural network model detecting lasting behavioral changes in mice with kanamycin-induced unilateral inner ear dysfunction.	2024	Journal Article
39402331	10.1007/s11764-024-01689-x	A retrospective audit of audiology encounters in patients undergoing Cisplatin treatment at a large Australian tertiary cancer care centre.	2024	Journal Article
39386930	10.7759/cureus.71142	Hydrogel Matrix Containing Microcarriers for Dexamethasone Delivery to Protect Against Cisplatin-Induced Hearing Loss.	2024	Journal Article
39380081	10.1186/s40246-024-00679-5	Leveraging large-scale datasets and single cell omics data to develop a polygenic score for cisplatin-induced ototoxicity.	2024	Journal Article
39421409	10.3389/fsurg.2024.1437468	Cisplatin vestibulotoxicity: a current review.	2024	Journal Article
38916058	10.1093/neuonc/noae114	The cochlear dose and the age at radiotherapy predict severe hearing loss after passive scattering proton therapy and cisplatin in children with medulloblastoma.	2024	Journal Article
39484318	10.1016/j.jaccas.2024.102611	Managing an Advanced Heart Failure Patient at Home With a Long-Term Continuous Intravenous Furosemide Infusion.	2024	Case Reports
39525588	10.1016/j.apsb.2024.05.024	PGC-1<i>α</i>-mediated imbalance of mitochondria-lipid droplet homeostasis in neomycin-induced ototoxicity and nephrotoxicity.	2024	Journal Article
39487741	10.3310/TGAC4201	Genedrive kit for detecting single nucleotide polymorphism m.1555A>G in neonates and their mothers: a systematic review and cost-effectiveness analysis.	2024	Journal Article
39376413	10.1007/s12070-024-04830-5	Audiological Profile of a Rare Case with 1 kHz Notch Audiogram.	2024	Journal Article
39264922	10.1097/MAO.0000000000004250	Protective Effects of Gastrodin Against Gentamicin-Induced Vestibular Damage by the Notch Signaling Pathway.	2024	Journal Article
39205353	10.1016/j.ecoenv.2024.116936	The ototoxicity of chlorinated paraffins via inducing apoptosis, oxidative stress and endoplasmic reticulum stress in cochlea hair cells.	2024	Journal Article
39186064	10.1097/MAO.0000000000004317	Protective Effect of Memantine on Cisplatin-Induced Ototoxicity: An In Vitro Study.	2024	Journal Article
39141082	10.1007/s00280-024-04706-z	Dexamethasone reduces cisplatin-induced hair cell damage by inducing cisplatin resistance through metallothionein-2.	2024	Journal Article
39138615	10.1080/08923973.2024.2390463	Ezetimibe protects against Gentamycin-induced ototoxicity in rats by antioxidants, anti-inflammatory mechanisms, and BDNF upregulation.	2024	Journal Article
38030129	10.1016/j.jare.2023.11.020	CORM‑2 reduces cisplatin accumulation in the mouse inner ear and protects against cisplatin-induced ototoxicity.	2024	Journal Article
39333235	10.1038/s41598-024-70561-w	Modulating the unfolded protein response with ISRIB mitigates cisplatin ototoxicity.	2024	Journal Article
39417180	10.62347/OKGQ4382	Hearing loss during chemotherapy: prevalence, mechanisms, and protection.	2024	Journal Article
39380912	10.3389/fphar.2024.1430469	Apoptosis, autophagy, ferroptosis, and pyroptosis in cisplatin-induced ototoxicity and protective agents.	2024	Journal Article
39335208	10.3390/cancers16183237	Optimizing Hearing Outcomes in Nasopharyngeal Cancer Survivors in the Era of Modern Radiotherapy and Systemic Therapy.	2024	Journal Article
39355176	10.3389/fncel.2024.1458720	Combinatorial protection of cochlear hair cells: not too little but not too much.	2024	Journal Article
39259947	10.1021/acsnano.4c10610	Ototoxicity-Alleviating and Cytoprotective Allomelanin Nanomedicine for Efficient Sensorineural Hearing Loss Treatment.	2024	Journal Article
38972209	10.1016/j.intimp.2024.112639	Histamine deficiency exacerbates cisplatin-induced ferroptosis in cochlea hair cells of HDC knockout mice.	2024	Journal Article
38917526	10.1016/j.intimp.2024.112464	Resveratrol shields against cisplatin-induced ototoxicity through epigenetic lncRNA GAS5 modulation of miR-455-5p/PTEN pathway.	2024	Journal Article
39309510	10.1016/j.apsb.2024.04.030	Glycodiversification of gentamicins through <i>in vivo</i> glycosyltransferase swapping enabled the creation of novel hybrid aminoglycoside antibiotics with potent activity and low ototoxicity.	2024	Journal Article
39110182	10.1007/s00109-024-02472-2	The caspase-inhibitor Emricasan efficiently counteracts cisplatin- and neomycin-induced cytotoxicity in cochlear cells.	2024	Journal Article
39098177	10.1016/j.biopha.2024.117174	Mangiferin alleviates cisplatin-induced ototoxicity in sensorineural hearing loss.	2024	Journal Article
39072683	10.1097/MAO.0000000000004271	Regulation of the p53/SLC7A11/GPX4 Pathway by Gentamicin Induces Ferroptosis in HEI-OC1 Cells.	2024	Journal Article
39193335	10.3389/fphar.2024.1430162	Investigation of METTL3 as an inhibitor of kanamycin-induced ototoxicity via stress granule formation.	2024	Journal Article
39135039	10.1186/s12951-024-02686-z	Crosslinked-hybrid nanoparticle embedded in thermogel for sustained co-delivery to inner ear.	2024	Journal Article
39140499	10.1590/1519-6984.279117	Cisplatin and ototoxicity in childhood: the perspective of supporting otoprotective agentes.	2024	Journal Article
39110778	10.1126/scitranslmed.adn2140	Piplartine attenuates aminoglycoside-induced TRPV1 activity and protects from hearing loss in mice.	2024	Journal Article
39130317	10.1007/s12070-024-04701-z	Comparison of Intratympanic Oxytocin and Dexamethasone in Cisplatin Ototoxicity: An Experimental Study.	2024	Journal Article
39067264	10.1016/j.aquatox.2024.107030	Unveiling the ototoxic effects of paraquat on zebrafish larva.	2024	Journal Article
38941893	10.1016/j.biopha.2024.117025	Activating transcription factor 6 contributes to cisplatin‑induced ototoxicity via regulating the unfolded proteins response.	2024	Journal Article
38906419	10.1016/j.jconrel.2024.06.043	Reversible opening of the blood-labyrinth barrier by low-pressure pulsed ultrasound and microbubbles for the treatment of inner ear diseases.	2024	Journal Article
38849049	10.1016/j.fct.2024.114792	Protective effects of Y-27632 against cisplatin-induced ototoxicity: A zebrafish model Y-27632 and cisplatin-induced ototoxicity.	2024	Journal Article
38789064	10.1016/j.tiv.2024.105852	Schisandrin B protect inner hair cells from cisplatin by inhibiting celluar oxidative stress and apoptosis.	2024	Journal Article
38597272	10.1177/10815589241247796	Fluoxetine, fluvoxamine, and hearing loss or tinnitus after cisplatin treatment: A retrospective cohort study.	2024	Journal Article
39204103	10.3390/ph17080998	Roles of Sirtuins in Hearing Protection.	2024	Journal Article
39201833	10.3390/children11080898	Confirming the Suitability of a Gentamicin Dosing Strategy in Neonates Using the Population Pharmacokinetic Approach with Truncated Sampling Duration.	2024	Journal Article
39047106	10.1126/sciadv.adk9878	Macrophage depletion protects against cisplatin-induced ototoxicity and nephrotoxicity.	2024	Journal Article
39053960	10.1136/bmjopen-2023-078379	Safety of high-dose amikacin in the first week of all-oral rifampicin-resistant tuberculosis treatment for the prevention of acquired resistance (STAKE): protocol for a single-arm clinical trial.	2024	Journal Article
38366625	10.1093/bjd/ljae063	Intravenous gentamicin therapy induces functional type VII collagen in patients with recessive dystrophic epidermolysis bullosa: an open-label clinical trial.	2024	Journal Article
39005374	10.1101/2024.05.30.596537	Multiple mechanisms of aminoglycoside ototoxicity are distinguished by subcellular localization of action.	2024	Journal Article
38987330	10.1038/s41598-024-66635-4	Hyperosmotic sisomicin infusion: a mouse model for hearing loss.	2024	Journal Article
39735238	10.1016/j.joto.2024.07.001	Loss of Fascin2 increases susceptibility to cisplatin-induced hearing impairment and cochlear cell apoptosis in mice.	2024	Journal Article
38842797	10.1001/jamaoncol.2024.1233	Comprehensive Audiologic Analyses After Cisplatin-Based Chemotherapy.	2024	Journal Article
38838775	10.1016/j.jbc.2024.107436	LRRC8/VRAC volume-regulated anion channels are crucial for hearing.	2024	Journal Article
38661261	10.1002/tox.24285	Ototoxicity among cisplatin, carboplatin, and oxaliplatin in zebrafish model.	2024	Journal Article
37974405	10.1080/14740338.2023.2284989	Newly identified adverse events for gemcitabine using the Food and Drug Administration Adverse Event Reporting System.	2024	Journal Article
39006231	10.3389/fneur.2024.1412645	Re-telling the story of aminoglycoside ototoxicity: tales from sub-Saharan Africa.	2024	Journal Article
39000202	10.3390/ijms25137096	Ultrasound-Mediated Lysozyme Microbubbles Targeting NOX4 Knockdown Alleviate Cisplatin-Exposed Cochlear Hair Cell Ototoxicity.	2024	Journal Article
38993640	10.3389/fonc.2024.1372812	The "appearing" and "disappearing" ascites in the treatment of colorectal cancer: a case report.	2024	Case Reports
39061830	10.3390/antiox13070761	Efficacy and Mechanisms of Antioxidant Compounds and Combinations Thereof against Cisplatin-Induced Hearing Loss in a Rat Model.	2024	Journal Article
38928480	10.3390/ijms25126774	The miR-182-5p/GPX4 Pathway Contributes to Sevoflurane-Induced Ototoxicity via Ferroptosis.	2024	Journal Article
38927933	10.3390/cancers16122228	Audiological Outcomes of Weekly vs. Triweekly Cisplatin in Head and Neck Cancer with Cochlear-Sparing Intensity-Modulated Radiation Therapy.	2024	Journal Article
38929153	10.3390/antiox13060714	Nuciferine Protects Cochlear Hair Cells from Ferroptosis through Inhibiting NCOA4-Mediated Ferritinophagy.	2024	Journal Article
37905009	10.1101/2023.10.17.562797	Modulating the Unfolded Protein Response with ISRIB Mitigates Cisplatin Ototoxicity.	2024	Journal Article
38840194	10.1186/s13578-024-01258-w	Chemical screen in zebrafish lateral line identified compounds that ameliorate neomycin-induced ototoxicity by inhibiting ferroptosis pathway.	2024	Journal Article
38747600	10.1128/aac.01495-23	Gentamicin concentration and acute kidney injury in term neonates treated for neonatal sepsis with gentamicin and ampicillin-cloxacillin combination.	2024	Journal Article
38765675	10.1002/lio2.1256	N-acetylcysteine microparticles reduce cisplatin-induced RSC96 Schwann cell toxicity.	2024	Journal Article
38740103	10.1016/j.tiv.2024.105844	Streptomycin generates oxidative stress in melanin-producing cells: In vitro study with EPR spectroscopy evidence.	2024	Journal Article
38718672	10.1016/j.heares.2024.109013	Susceptibility of mouse cochlear hair cells to cisplatin ototoxicity largely depends on sensory mechanoelectrical transduction channels both Ex Vivo and In Vivo.	2024	Journal Article
38705005	10.1016/j.heares.2024.109022	Quantitative profiling of cochlear synaptosomal proteins in cisplatin-induced synaptic dysfunction.	2024	Journal Article
38622383	10.1007/s10162-024-00945-2	FDA-Approved Tedizolid Phosphate Prevents Cisplatin-Induced Hearing Loss Without Decreasing Its Anti-tumor Effect.	2024	Journal Article
38563869	10.1007/s00204-024-03720-7	Calcium channel inhibitor and extracellular calcium improve aminoglycoside-induced hair cell loss in zebrafish.	2024	Journal Article
38492032	10.1007/s00431-024-05467-w	Ototoxic and nephrotoxic drugs in neonatal intensive care units: results of a Spanish and Italian survey.	2024	Journal Article
39158163	10.5152/iao.2024.231288	The Impact of Oleuropein on Cisplatin-Induced Toxicity in Cochlear Cells in Relation to the Expression of Deoxyribonucleic Acid Damage-Associated Genes.	2024	Journal Article
38840777	10.3389/fnmol.2024.1389816	Spiral ganglion neuron degeneration in aminoglycoside-deafened rats involves innate and adaptive immune responses not requiring complement.	2024	Journal Article
38882992	10.7759/cureus.60429	Awareness and Attitude About Ototoxic Drugs Among Medical Doctors in Arar City, Saudi Arabia.	2024	Journal Article
38743715	10.1371/journal.pone.0302902	Machine learning for predicting cognitive deficits using auditory and demographic factors.	2024	Journal Article
38740884	10.1038/s41598-024-61630-1	Suppression of the TGF-β signaling exacerbates degeneration of auditory neurons in kanamycin-induced ototoxicity in mice.	2024	Journal Article
38688426	10.1016/j.taap.2024.116947	SERCA2 protects against cisplatin-induced damage of auditory cells: Possible relation with alleviation of ER stress.	2024	Journal Article
38492782	10.1016/j.bcp.2024.116132	Inhibition of CISD1 attenuates cisplatin-induced hearing loss in mice via the PI3K and MAPK pathways.	2024	Journal Article
38414247	10.1016/j.ymthe.2024.02.029	Inhibition of Gpx4-mediated ferroptosis alleviates cisplatin-induced hearing loss in C57BL/6 mice.	2024	Journal Article
38490643	10.1016/j.cbi.2024.110939	Quercetin attenuates cisplatin-induced mitochondrial apoptosis via PI3K/Akt mediated inhibition of oxidative stress in pericytes and improves the blood labyrinth barrier permeability.	2024	Journal Article
38570541	10.1038/s41598-024-55614-4	Nobiletin alleviates cisplatin-induced ototoxicity via activating autophagy and inhibiting NRF2/GPX4-mediated ferroptosis.	2024	Journal Article
38518393	10.1016/j.heares.2024.108995	Combined genetic polymorphisms of the GSTT1 and NRF2 genes increase susceptibility to cisplatin-induced ototoxicity: A preliminary study.	2024	Journal Article
38506087	10.1111/jcmm.18207	4-octyl itaconate alleviates cisplatin-induced ferroptosis possibly via activating the NRF2/HO-1 signalling pathway.	2024	Journal Article
38450178	10.1093/toxres/tfae027	Protective effects of Azilsartan against cyclophosphamide-induced ovarian toxicity in rats model.	2024	Journal Article
38331002	10.1016/j.jconrel.2024.02.005	Dual stimuli-responsive and sustained drug delivery NanoSensoGel formulation for prevention of cisplatin-induced ototoxicity.	2024	Journal Article
37903661	10.1016/j.anl.2023.10.005	Effects on hearing after long-term use of iron chelators in beta-thalassemia: Over twenty years of longitudinal follow-up.	2024	Journal Article
38562178	10.3389/fonc.2024.1336714	Prevention of cisplatin-induced hearing loss in children: achievements and challenges for evidence-based implementation of sodium Thiosulfate.	2024	Journal Article
38483863	10.1371/journal.pone.0298529	Therapeutic potential of salidroside in preserving rat cochlea organ of corti from gentamicin-induced injury through modulation of NRF2 signaling and GSK3β/NF-κB pathway.	2024	Journal Article
38540254	10.3390/biomedicines12030640	Polyamine Catabolism and Its Role in Renal Injury and Fibrosis in Mice Subjected to Repeated Low-Dose Cisplatin Treatment.	2024	Journal Article
38450280	10.1016/j.omtn.2024.102157	Protection from cisplatin-induced hearing loss with lentiviral vector-mediated ectopic expression of the anti-apoptotic protein BCL-XL.	2024	Journal Article
38515847	10.3389/fphar.2024.1363545	<i>In vivo</i> screening for toxicity-modulating drug interactions identifies antagonism that protects against ototoxicity in zebrafish.	2024	Journal Article
38511136	10.3389/fonc.2024.1362315	Assessing quality of life in childhood cancer survivors at risk for hearing loss: a comparison of HEAR-QL and PROMIS measures.	2024	Journal Article
38474165	10.3390/ijms25052922	Modulating the Activity of the Human Organic Cation Transporter 2 Emerges as a Potential Strategy to Mitigate Unwanted Toxicities Associated with Cisplatin Chemotherapy.	2024	Journal Article
38432189	10.1016/j.gep.2024.119356	Gene expression analysis of oxidative stress-related genes in the apical, middle, and basal turns of the cochlea.	2024	Journal Article
38296002	10.1016/j.ypmed.2024.107882	Establishing multifactorial risk factors for adult-onset hearing loss: A systematic review with topic modelling and synthesis of epidemiological evidence.	2024	Journal Article
38286366	10.1016/j.ijbiomac.2024.129758	Receptor mediated targeting of EGF-conjugated alginate-PAMAM nanoparticles to lung adenocarcinoma: 2D/3D in vitro and in vivo evaluation.	2024	Journal Article
38242180	10.1016/j.bbadis.2024.167024	Deferoxamine protects cochlear hair cells and hair cell-like HEI-OC1 cells against tert-butyl hydroperoxide-induced ototoxicity.	2024	Journal Article
37859596	10.1177/10915818231206665	Copper Chaperone Atox1 Protected the Cochlea From Cisplatin by Regulating the Copper Transport Family and Cell Cycle.	2024	Journal Article
38534236	10.3390/bios14030129	One-Step Detection of Vancomycin in Whole Blood Using the Lateral Flow Immunoassay.	2024	Journal Article
37820296	10.1200/JCO.23.01099	Adolescent and Young Adult Germ Cell Tumors: Epidemiology, Genomics, Treatment, and Survivorship.	2024	Journal Article
38440220	10.3389/fnmol.2024.1345536	Ototoxicity of polystyrene nanoplastics in mice, HEI-OC1 cells and zebrafish.	2024	Journal Article
38354178	10.1371/journal.pone.0296728	Self-reporting of hearing loss and tinnitus in the diagnosis of ototoxicity by meglumine antimoniate in patients treated for American tegumentary Leishmaniasis.	2024	Journal Article
38141010	10.1097/WNR.0000000000001990	20(S)-Ginsenoside Rh1 alleviates sevoflurane-induced ototoxicity by reducing oxidative stress levels.	2024	Journal Article
38455770	10.7759/cureus.53695	A Case of Unilateral Facial Spasm With Vulnerable Hearing Function Due to a History of Cisplatin Treatment, Resulting in Intraoperative Hearing Loss.	2024	Case Reports
38043717	10.1016/j.bcp.2023.115962	Puerarin inhibits cisplatin-induced ototoxicity in mice through regulation of TRPV1-dependent calcium overload.	2024	Journal Article
37650462	10.1002/jat.4535	Protective role of pyrroloquinoline quinone against gentamicin induced cochlear hair cell ototoxicity.	2024	Journal Article
37577804	10.1111/cns.14403	Cinchonine and cinchonidine alleviate cisplatin-induced ototoxicity by regulating PI3K-AKT signaling.	2024	Journal Article
38397748	10.3390/antiox13020149	Oxidative Stress Plays an Important Role in Glutamatergic Excitotoxicity-Induced Cochlear Synaptopathy: Implication for Therapeutic Molecules Screening.	2024	Journal Article
37562496	10.1146/annurev-pharmtox-033123-114106	Hear and Now: Ongoing Clinical Trials to Prevent Drug-Induced Hearing Loss.	2024	Journal Article
38192850	10.1016/j.heliyon.2023.e23750	Formononetin ameliorates cisplatin-induced hair cell death via activation of the PI3K/AKT-Nrf2 signaling pathway.	2024	Journal Article
38217055	10.1186/s40659-023-00475-w	MSC-derived exosomes protect auditory hair cells from neomycin-induced damage via autophagy regulation.	2024	Journal Article
38072030	10.1016/j.neulet.2023.137577	AdipoRon reduces cisplatin-induced ototoxicity in hair cells:possible relation to the regulation of mitochondrial biogenesis.	2024	Journal Article
39056507	10.1177/19160216241248671	Clinical Predictors of Cisplatin Chemoradiation-Induced Ototoxicity in HPV-Positive Oropharyngeal Squamous Cell Carcinoma: A Case-Control Study.	2024	Journal Article
39056302	10.1080/14796694.2024.2375959	Prevalence and predictors for cisplatin-induced toxicities in Zimbabwean women with cervical cancer.	2024	Journal Article
38588647	10.1159/000538756	Vestibular Hypofunction Secondary to Topical Use of Aminoglycosides in Ears with Perforated Tympanic Membrane.	2024	Journal Article
38419883	10.22038/IJBMS.2024.73824.16048	Protective effects of naringin against oxaliplatin-induced testicular damage in rats: Involvement of oxidative stress, inflammation, endoplasmic reticulum stress, apoptosis, and histopathology.	2024	Journal Article
38189717	10.3233/NPM-230170	Assessment of gentamicin dosing and monitoring in neonates: A single center experience.	2024	Journal Article
38169643	10.7150/ijbs.82003	Inhibition of the HMGB1/RAGE axis protects against cisplatin-induced ototoxicity via suppression of inflammation and oxidative stress.	2024	Journal Article
38101494	10.1016/j.toxlet.2023.12.007	Gentamicin administration leads to synaptic dysfunction in inner hair cells.	2024	Journal Article
38101458	10.1016/j.neuro.2023.12.009	Cobalt-induced apoptosis of cochlear organotypic cultures and HEI-OC1 cells is mediated by Dicer.	2024	Journal Article
38085767	10.1097/MAO.0000000000004074	Cortisol Sensitizes Cochlear Hair Cells to Gentamicin Ototoxicity Via Endogenous Apoptotic Pathway.	2024	Journal Article
38065412	10.1016/j.jconrel.2023.12.004	Injectable dexamethasone-loaded peptide hydrogel for therapy of radiation-induced ototoxicity by regulating the mTOR signaling pathway.	2024	Journal Article
38056576	10.1016/j.freeradbiomed.2023.11.025	Drug screening identifies aldose reductase as a novel target for treating cisplatin-induced hearing loss.	2024	Journal Article
37962623	10.1681/ASN.0000000000000261	Repurposing AZD5438 and Dabrafenib for Cisplatin-Induced AKI.	2024	Journal Article
37711004	10.2174/1389557523666230914103339	Ebselen: A Review on its Synthesis, Derivatives, Anticancer Efficacy and Utility in Combating SARS-COV-2.	2024	Journal Article
37607499	10.1159/000531788	Mefloquine-Induced Inner Ear Damage and Preventive Effects of Electrical Stimulation: An Electrophysiological Study.	2024	Journal Article
38143588	10.1155/2023/4191999	Role of Kir4.1 Channels in Aminoglycoside-Induced Ototoxicity of Hair Cells.	2023	Journal Article
37715631	10.1002/cncr.34991	Ototoxicity associated with high-dose carboplatin for patients with previously treated germ cell tumors.	2023	Journal Article
38139245	10.3390/ijms242417416	Effects of Nutraceuticals on Cisplatin-Induced Cytotoxicity in HEI-OC1 Cells.	2023	Journal Article
38137652	10.3390/jcm12247583	Hearing Loss and Risk Factors in Very Low Birth Weight Infants.	2023	Journal Article
37962276	10.1080/07357907.2023.2283452	Assessment of Swallowing Function in Patients with Head and Neck Squamous Cell Carcinoma in High vs. Low Dose Cisplatin.	2023	Journal Article
37956582	10.1016/j.heares.2023.108910	Susceptibility of immature spiral ganglion neurons to aminoglycoside-induced ototoxicity is mediated by the TRPV1 channel in mice.	2023	Journal Article
37243327	10.1177/00034894231176333	Debilitating Gentamicin Ototoxicity: Case Report and Recommendations Against Routine Use in Surgical Prophylaxis.	2023	Case Reports
36661237	10.1080/13510002.2022.2161224	Estradiol protects hair cells from cisplatin-induced ototoxicity via Nrf2 activation.	2023	Journal Article
38068993	10.3390/ijms242316664	The Relevance of Autophagy within Inner Ear in Baseline Conditions and Tinnitus-Related Syndromes.	2023	Journal Article
38003734	10.3390/ijms242216545	Molecular Characteristics of Cisplatin-Induced Ototoxicity and Therapeutic Interventions.	2023	Journal Article
37985554	10.1186/s13568-023-01639-3	Novel grape seed extract nanoparticles attenuate amikacin-induced nephrotoxicity in rats.	2023	Journal Article
37844727	10.1016/j.neulet.2023.137518	Berberine protects against neomycin-induced ototoxicity by reducing ROS generation and activating the PI3K/AKT pathway.	2023	Journal Article
37968255	10.1038/s41420-023-01706-5	Lysophosphatidic acid exerts protective effects on HEI-OC1 cells against cytotoxicity of cisplatin by decreasing apoptosis, excessive autophagy, and accumulation of ROS.	2023	Journal Article
38090406	10.7759/cureus.48647	Emergence of Rapid-Onset Ototoxicity Following Three Doses of Vancomycin: A Unique Case Report in the Context of Normal Renal Function and Therapeutic Dosing.	2023	Case Reports
37932681	10.1186/s12885-023-11503-z	Novel approach of prophylactic radiation to reduce toxicities comparing 2-step40 with 56-Gy simultaneous integrated boost intensity-modulated radiation therapy for locally advanced squamous cell carcinoma of the head and neck, an intergroup phase III trial (JCOG1912, NEW BRIDGE).	2023	Randomized Controlled Trial
37714258	10.1016/j.neuroscience.2023.09.004	Otoprotective Effects of Quercetin Against Oxidative Damage in the Rat's Cochlea Induced by Noise and Silver Nanoparticles.	2023	Journal Article
37608195	10.1007/s00204-023-03588-z	3-hydroxy-3-methylglutaryl-coenzyme A (HMG-CoA) reductase (HMGCR) protects hair cells from cisplatin-induced ototoxicity in vitro: possible relation to the activities of p38 MAPK signaling pathway.	2023	Journal Article
36995150	10.1002/lary.30682	Audiologic Follow-up in Patients With Head and Neck Cancer Treated With Cisplatin and Radiation.	2023	Journal Article
37858087	10.1186/s12879-023-08709-8	Ototoxicity associated with extended dalbavancin treatment for a shoulder prosthetic joint infection.	2023	Case Reports
37887850	10.3390/audiolres13050069	Practice of Monitoring Cisplatin-Induced Ototoxicity by Audiology, ENT, and Oncology Specialists: A Survey-Based Study in a Single Italian Medical Center.	2023	Journal Article
37813237	10.1016/j.abb.2023.109766	FAM134B-induced endoplasmic reticulum (ER)-phagy exacerbates cisplatin-insulted hair cell apoptosis ：Possible relation to excessive ER stress.	2023	Journal Article
37900280	10.3389/fcell.2023.1247324	Charge and lipophilicity are required for effective block of the hair-cell mechano-electrical transducer channel by FM1-43 and its derivatives.	2023	Journal Article
37876732	10.3389/fphar.2023.1252757	Model-informed precision dosing in vancomycin treatment.	2023	Journal Article
37798459	10.1038/s41598-023-43927-9	Macrophage depletion attenuates degeneration of spiral ganglion neurons in kanamycin-induced unilateral hearing loss model.	2023	Journal Article
37889440	10.1007/s11060-023-04462-9	COX inhibitor use during definitive radiotherapy is associated with worse hearing preservation in patients with vestibular schwannoma.	2023	Journal Article
37711407	10.1177/00185787231158775	Vancomycin-Induced Leukopenia and Neutropenia: Time Will Tell.	2023	Case Reports
37696227	10.1016/j.ijporl.2023.111702	Otologic safety of intratympanic N-acetylcysteine in an animal model.	2023	Journal Article
37834021	10.3390/ijms241914574	Oxidative Damage as a Fundament of Systemic Toxicities Induced by Cisplatin-The Crucial Limitation or Potential Therapeutic Target?	2023	Journal Article
37733709	10.1371/journal.pone.0291780	Dexamethasone treatment of murine auditory hair cells and cochlear explants attenuates tumor necrosis factor-α-initiated apoptotic damage.	2023	Journal Article
37463651	10.1016/j.taap.2023.116612	3,5,6-Trichloro-2-pyridinol confirms ototoxicity in mouse cochlear organotypic cultures and induces cytotoxicity in HEI-OC1 cells.	2023	Journal Article
37701833	10.7717/peerj.15562	Protective effect of astaxanthin nanoemulsion on mammalian inner ear hair cells.	2023	Journal Article
37532243	10.1044/2023_AJA-22-00157	Is Methotrexate Ototoxic? Investigating the Ototoxic Late Effects of Pediatric Cancer Treatment.	2023	Journal Article
38020411	10.4274/tao.2023.2023-5-14	Effects of Cross-linked Hyaluronic Acid in a Rat Model of Vestibular and Cochlear Toxicity.	2023	Journal Article
37728555	10.1080/17425255.2023.2260737	Effects of natural products on cisplatin ototoxicity and chemotherapeutic efficacy.	2023	Journal Article
37682737	10.1097/NHH.0000000000001198	Hearing Loss: Insights for Home Care Clinicians.	NA	Journal Article
37523980	10.1016/j.biopha.2023.115248	Activation of Nrf2 inhibits ferroptosis and protects against oxaliplatin-induced ototoxicity.	2023	Journal Article
37395757	10.1007/s00204-023-03544-x	Apelin-13 protects against cisplatin-induced ototoxicity by inhibiting apoptosis and regulating STAT1 and STAT3.	2023	Journal Article
37088635	10.1016/j.jcf.2023.04.002	Exploration of the relationship between cumulative exposure to tobramycin and ototoxicity in patients with cystic fibrosis.	2023	Journal Article
36564163	10.1136/archdischild-2022-324331	Cumulative risk factors contributing to hearing loss in preterm infants.	2023	Journal Article
37779780	10.7759/cureus.44299	Intratympanic Dexamethasone Role in Hearing Protection in Cancer Patients.	2023	Journal Article
37692553	10.3389/fncel.2023.1236894	Long-term survival of LGR5 expressing supporting cells after severe ototoxic trauma in the adult mouse cochlea.	2023	Journal Article
37636471	10.1016/j.heliyon.2023.e19052	The human neuroprotective placental protein composition suppressing tinnitus and restoring auditory brainstem response in a rodent model of sodium salicylate-induced ototoxicity.	2023	Journal Article
37503854	10.1021/acs.molpharmaceut.3c00177	Space Station-like Composite Nanoparticles for Co-Delivery of Multiple Natural Compounds from Chinese Medicine and Hydrogen in Combating Sensorineural Hearing Loss.	2023	Journal Article
37568739	10.3390/cancers15153923	Predicting Hearing Loss in Testicular Cancer Patients after Cisplatin-Based Chemotherapy.	2023	Journal Article
37568737	10.3390/cancers15153921	Retreatment with Cisplatin May Provide a Survival Advantage for Children with Relapsed/Refractory Hepatoblastoma: An Institutional Experience.	2023	Journal Article
37317507	10.1097/MAO.0000000000003923	Protective Effects of Infliximab Against Kanamycin-Induced Ototoxicity in Rats.	2023	Journal Article
37295658	10.1016/j.ejps.2023.106490	A prestin-targeting peptide-guided drug delivery system rearranging concentration gradient in the inner ear: An improved strategy against hearing loss.	2023	Journal Article
37119862	10.1016/j.freeradbiomed.2023.04.017	Berberine chloride protects cochlear hair cells from aminoglycoside-induced ototoxicity by reducing the accumulation of mitochondrial reactive oxygen species.	2023	Journal Article
36878117	10.1016/j.foodchem.2023.135792	Synthesis of fluorescent probe based on molecularly imprinted polymers on nitrogen-doped carbon dots for determination of tobramycin in milk.	2023	Journal Article
37496616	10.1039/d3na00290j	Chelate-functionalized magnetic micelles for sequestration of cisplatin.	2023	Journal Article
37334742	10.1242/jcs.260590	The ototoxic drug cisplatin localises to stress granules altering their dynamics and composition.	2023	Journal Article
37416942	10.1002/pbc.30550	Reevaluation of sodium thiosulfate otoprotection using the consensus International Society of Paediatric Oncology Ototoxicity Scale: A report from the Children's Oncology Group study ACCL0431.	2023	Journal Article
37497164	10.22038/IJORL.2023.71786.3452	Curcumin Prevents Ototoxicity Induced by Cisplatin as Evaluated with OAE.	2023	Journal Article
37263384	10.1016/j.nbd.2023.106176	P2X7 receptor is required for the ototoxicity caused by aminoglycoside in developing cochlear hair cells.	2023	Journal Article
37210931	10.1016/j.aquatox.2023.106573	Protective effects of esomeprazole against cisplatin-induced ototoxicity: an in vitro and in vivo study.	2023	Journal Article
37195449	10.1007/s00204-023-03518-z	The vestibular calyceal junction is dismantled following subchronic streptomycin in rats and sensory epithelium stress in humans.	2023	Journal Article
37192594	10.1016/j.heares.2023.108786	Hepatocyte growth factor mimetic confers protection from aminoglycoside-induced hair cell death in vitro.	2023	Journal Article
37167889	10.1016/j.heares.2023.108783	Role of mitochondrial dysfunction and oxidative stress in sensorineural hearing loss.	2023	Journal Article
37068004	10.1097/FPC.0000000000000497	Cisplatin-induced ototoxicity: a novel approach to an ancient problem.	2023	Journal Article
36943624	10.1007/s12035-023-03309-8	TIGAR Protects Cochlear Hair Cells against Teicoplanin-Induced Damage.	2023	Journal Article
35468305	10.1080/14992027.2022.2067081	Mild hearing loss in C57BL6/J mice after exposure to antiretroviral compounds during gestation and nursing.	2023	Journal Article
37727820	10.4274/tao.2023.2022-7-9	Protective and Therapeutic Effect of Platelet-Rich Plasma on Experimental Cisplatin Ototoxicity.	2023	Journal Article
37440906	10.1016/j.jpha.2023.04.014	Inhibition of histone methyltransferase PRMT5 attenuates cisplatin-induced hearing loss through the PI3K/Akt-mediated mitochondrial apoptotic pathway.	2023	Journal Article
37323582	10.3389/fncel.2023.1197051	Cisplatin ototoxicity mechanism and antagonistic intervention strategy: a scope review.	2023	Journal Article
36931607	10.1016/j.bbamcr.2023.119461	20(S)-Ginsenoside Rh1 inhibits cisplatin-induced hearing loss by inhibiting the MAPK signaling pathway and suppressing apoptosis in vitro.	2023	Journal Article
36917731	10.1097/FTD.0000000000001085	Role of Cisplatin Dose Intensity and TPMT Variation in the Development of Hearing Loss in Children.	2023	Journal Article
37292223	10.51866/cr.266	Topical gentamicin-induced acute vestibulopathy: A case report.	2023	Case Reports
37104543	10.1080/00016489.2023.2202688	Ferroptosis inhibition shields house ear institute-organ of corti 1 cells from free fatty acids-induced inflammatory injuries.	2023	Journal Article
37018758	10.1152/jn.00445.2022	Binocular 3-D otolith-ocular reflexes: responses of chinchillas to natural and prosthetic stimulation after ototoxic injury and vestibular implantation.	2023	Journal Article
36939390	10.1002/ohn.182	Hearing Outcomes in a Deintensification Trial of Adjuvant Therapy for HPV-Related Oropharyngeal Squamous Cell Carcinoma.	2023	Journal Article
35773430	10.1007/s00432-022-04144-5	The protective effect of aspirin-induced temporary threshold shift in an animal model of cisplatin-related ototoxicity.	2023	Journal Article
37181652	10.3389/fnmol.2023.1064579	Role and mechanism of FOXG1-related epigenetic modifications in cisplatin-induced hair cell damage.	2023	Journal Article
37088824	10.1186/s41065-023-00283-y	Deciphering the potential ability of RG108 in cisplatin-induced HEI-OC1 ototoxicity: a research based on RNA-seq and molecular biology experiment.	2023	Journal Article
37108758	10.3390/ijms24087596	N-Acetyl-L-cysteine Affects Ototoxicity Evoked by Amikacin and Furosemide Either Alone or in Combination in a Mouse Model of Hearing Threshold Decrease.	2023	Journal Article
36626694	10.1200/JCO.22.01456	Patient-Reported Functional Impairment Due to Hearing Loss and Tinnitus After Cisplatin-Based Chemotherapy.	2023	Journal Article
37152642	10.3389/fbioe.2023.1183197	Curcumin-loaded graphene oxide quantum dots enhance otoprotective effects via blocking cuproptosis.	2023	Journal Article
36965608	10.1016/j.toxlet.2023.03.010	DJ-1 Protects auditory cells from cisplatin-induced ototoxicity via regulating apoptosis and autophagy.	2023	Journal Article
37124562	10.3389/fvets.2023.1112857	Establishment of an optimized guinea pig model of cisplatin-induced ototoxicity.	2023	Journal Article
37049613	10.3390/nu15071773	Amelioration of Sensorineural Hearing Loss through Regulation of <i>Trpv1</i>, <i>Cacna1h</i>, and <i>Ngf</i> Gene Expression by a Combination of Cuscutae Semen and Rehmanniae Radix Preparata.	2023	Journal Article
37014872	10.1371/journal.pone.0283639	Cisplatin-associated ototoxicity amongst cervical cancer patients: A prospective cohort study in south Africa.	2023	Journal Article
37206823	10.1007/s12070-022-03394-6	Ototoxicity of Topical Castellani Solution and Boric Acid in Alcohol: an Experimental Study on Rats.	2023	Journal Article
37147955	10.4103/jcrt.jcrt_774_21	Cabazitaxel's ototoxicity: An animal study and histopathologic research.	2023	Journal Article
36800006	10.1007/s00204-023-03457-9	SIRT3/GLUT4 signaling activation by metformin protect against cisplatin-induced ototoxicity in vitro.	2023	Journal Article
36791364	10.1097/MAO.0000000000003839	Designing a Prolonged Method of Therapeutic Delivery to Support Rehabilitation From Ototoxic Damage in a Schwann Cell Model.	2023	Journal Article
36754151	10.1016/j.bbamcr.2023.119437	5,7-Dihydroxy-4-methylcoumarin modulates the JNK/FoxO1 signaling pathway to attenuate cisplatin-induced ototoxicity by suppressing oxidative stress and apoptosis in vitro.	2023	Journal Article
36567514	10.1002/cam4.5565	Risk factors associated with cisplatin-induced ototoxicity in Japanese patients with solid tumors.	2023	Journal Article
37063917	10.3389/fimmu.2023.1125948	Targeting CXCL1 chemokine signaling for treating cisplatin ototoxicity.	2023	Journal Article
37108985	10.3390/jpm13040599	Assessment of Amikacin- and Capreomycin-Related Adverse Drug Reactions in Patients with Multidrug-Resistant Tuberculosis and Exploring the Role of Genetic Factors.	2023	Journal Article
36980643	10.3390/cancers15061759	Association of Clinical Aspects and Genetic Variants with the Severity of Cisplatin-Induced Ototoxicity in Head and Neck Squamous Cell Carcinoma: A Prospective Cohort Study.	2023	Journal Article
36882858	10.1186/s40360-023-00654-1	miR-34a/DRP-1-mediated mitophagy participated in cisplatin-induced ototoxicity via increasing oxidative stress.	2023	Journal Article
36682481	10.1016/j.ejphar.2023.175519	Time dependent cisplatin dosing differences on hypoalgesia focusing on oxidative stress.	2023	Journal Article
36720354	10.1016/j.bcp.2023.115440	Aucubin protects mouse cochlear hair cells from cisplatin-induced ototoxicity via activation of the PI3K/AKT/STAT3 pathway.	2023	Journal Article
36593557	10.1097/MAO.0000000000003795	Epigenetic Regulation as a New Therapeutic Target for Middle Ear Cholesteatoma.	2023	Journal Article
36517667	10.1007/s40272-022-00550-x	Sodium Thiosulfate: Pediatric First Approval.	2023	Journal Article
36437230	10.1002/ppul.26259	Aminoglycoside induced ototoxicity risk in the cystic fibrosis population: The utility of large-scale screening.	2023	Journal Article
36367326	10.1002/tox.23707	Protective mechanism of ferulic acid against neomycin-induced ototoxicity in zebrafish.	2023	Journal Article
35172660	10.1080/01480545.2022.2039181	The PERK/ATF4/CHOP signaling branch of the unfolded protein response mediates cisplatin-induced ototoxicity in hair cells.	2023	Journal Article
36902051	10.3390/ijms24054620	Degranulation of Murine Resident Cochlear Mast Cells: A Possible Factor Contributing to Cisplatin-Induced Ototoxicity and Neurotoxicity.	2023	Journal Article
36840012	10.3390/pharmaceutics15020689	Biological Effects in Cancer Cells of Mono- and Bidentate Conjugation of Cisplatin on PAMAM Dendrimers: A Comparative Study.	2023	Journal Article
36834972	10.3390/ijms24043561	Otoprotective Effects of Fucoidan Reduce Cisplatin-Induced Ototoxicity in Mouse Cochlear UB/OC-2 Cells.	2023	Journal Article
36769271	10.3390/ijms24032947	Protective Effect of Avenanthramide-C on Auditory Hair Cells against Oxidative Stress, Inflammatory Cytokines, and DNA Damage in Cisplatin-Induced Ototoxicity.	2023	Journal Article
36729345	10.1007/s11764-022-01316-7	Audiologists' perceived value of ototoxicity management and barriers to implementation for at-risk cancer patients in VA: the OtoMIC survey.	2023	Journal Article
36637632	10.1007/s11764-022-01313-w	Prevalence and risk factors for ototoxicity after cisplatin-based chemotherapy.	2023	Journal Article
36637631	10.1007/s11764-022-01317-6	Emerging and established therapies for chemotherapy-induced ototoxicity.	2023	Journal Article
36637630	10.1007/s11764-022-01312-x	Special considerations in the design and implementation of pediatric otoprotection trials.	2023	Journal Article
36097363	10.1002/cam4.5218	Comprehensive association analysis of speech recognition thresholds after cisplatin-based chemotherapy in survivors of adult-onset cancer.	2023	Journal Article
36681757	10.1038/s42003-023-04449-2	Lateral line ablation by ototoxic compounds results in distinct rheotaxis profiles in larval zebrafish.	2023	Journal Article
36829792	10.3390/antiox12020233	IGF-1 Controls Metabolic Homeostasis and Survival in HEI-OC1 Auditory Cells through AKT and mTOR Signaling.	2023	Journal Article
36655955	10.4045/tidsskr.22.0238	Gentamicin serum concentration measurement in children.	2023	Journal Article
36699085	10.3389/fphar.2022.980309	Genome-wide analyses of platinum-induced ototoxicity in childhood cancer patients: Results of GO-CAT and United Kingdom MAGIC consortia.	2022	Journal Article
36259357	10.1002/cmdc.202200497	Chemo-enzymatic Synthesis of Pseudo-trisaccharide Aminoglycoside Antibiotics with Enhanced Nonsense Read-through Inducer Activity.	2023	Journal Article
37795280	10.5863/1551-6776-28.4.316	Neonatal Serum Gentamicin Concentrations and Outcomes Following Maternal Once-Daily Gentamicin Dosing.	2023	Journal Article
37379818	10.1159/000530685	Tetramethylpyrazine Attenuates Radiation-Induced Ototoxicity in a Rat Model.	2023	Journal Article
36731442	10.1159/000528435	Vestibulotoxicity in Patients Undergoing Cisplatin-Based Cancer Treatment: A Phase IIIB Randomized Controlled Clinical Trial.	2023	Randomized Controlled Trial
36546383	10.1097/01.NAJ.0000911520.74290.b0	Drug Approved to Prevent Cisplatin-Associated Ototoxicity in Children.	2023	Journal Article
36481814	10.1016/j.ijporl.2022.111405	Protective effects of nigella sativa oil against gentamicin-induced ototoxicity in rats: A dose-ranging study.	2023	Journal Article
36477009	10.1016/j.tranon.2022.101595	Acetophenone protection against cisplatin-induced end-organ damage.	2023	Journal Article
36455457	10.1016/j.biopha.2022.114045	Cisplatin-induced ototoxicity: From signaling network to therapeutic targets.	2023	Journal Article
36450892	10.1007/s00228-022-03434-8	Silymarin as a preventive or therapeutic measure for chemotherapy and radiotherapy-induced adverse reactions: a comprehensive review of preclinical and clinical data.	2023	Journal Article
36191558	10.1159/000526403	Applications of the Grading Scales for the Detection of Ototoxicity in Children after Treatment of Neuroblastoma and Extracranial Germinal Tumor.	2023	Journal Article
35611593	10.1017/S0022215122001281	Surveillance for ototoxicity in platinum-based chemotherapy using mobile health audiometry with extended high frequencies.	2023	Journal Article
35471096	10.1080/15548627.2022.2062872	Increased mitophagy protects cochlear hair cells from aminoglycoside-induced damage.	2023	Journal Article
36661507	10.3390/cimb45010021	Transcriptomic Analysis of the Effect of Metformin against Cisplatin-Induced Ototoxicity: A Potential Mechanism of Metformin-Mediated Inhibition of Thioredoxin-Interacting Protein (Txnip) Gene Expression.	2022	Journal Article
36582469	10.3389/fcell.2022.1085225	Hair cell toxicology: With the help of a little fish.	2022	Journal Article
36555432	10.3390/ijms232415790	Pericytes of Stria Vascularis Are Targets of Cisplatin-Induced Ototoxicity: New Insights into the Molecular Mechanisms Involved in Blood-Labyrinth Barrier Breakdown.	2022	Journal Article
36536939	10.2147/IJN.S380810	Protection of Hearing Loss in Ototoxic Mouse Model Through SPIONs and Dexamethasone-Loaded PLGA Nanoparticle Delivery by Magnetic Attraction.	2022	Journal Article
36531206	10.1155/2022/3373828	Treatment with the Ferroptosis Inhibitor Ferrostatin-1 Attenuates Noise-Induced Hearing Loss by Suppressing Ferroptosis and Apoptosis.	2022	Journal Article
36505955	10.7759/cureus.32189	Ototoxicity of Triclosan: A Rat Model Study.	2022	Journal Article
36742687	10.1007/s12070-021-02669-8	Ototoxicity of Artemisinin-Based Combination Therapy: A Case Presentation.	2022	Journal Article
36742606	10.1007/s12070-021-02754-y	Ototoxicity in Patients of Advanced Head and Neck Malignancies Receiving Chemoradiation Versus Radiation Alone: Comparative Study.	2022	Journal Article
36742578	10.1007/s12070-021-03058-x	Eustachian Tube Functions in Concurrent Chemoradiotherapy for Head and Neck Cancer Patients.	2022	Journal Article
36687225	10.1007/s13193-022-01579-7	The Incidence and Risk Factors of Cisplatin and Carboplatin Ototoxicity in Pediatric Oncology Patients at Tertiary Oncology Center.	2022	Journal Article
36466201	10.2471/BLT.21.286823	Prevention and management of hearing loss in patients receiving ototoxic medications.	2022	Journal Article
36403317	10.1016/j.heares.2022.108646	Manipulating the blood labyrinth barrier with mannitol to prevent cisplatin-induced hearing loss.	2022	Journal Article
36330896	10.1016/j.neuro.2022.10.013	Salicylate attenuates gentamicin-induced ototoxicity and facilitates the recovery in the basilar papilla of the lizard Podarcis siculus.	2022	Journal Article
36280114	10.1016/j.jchemneu.2022.102172	Tramadol-induced apoptosis in auditory hair cells of adult male rats.	2022	Journal Article
36097301	10.1007/s12035-022-03021-z	YTHDF1 Protects Auditory Hair Cells from Cisplatin-Induced Damage by Activating Autophagy via the Promotion of ATG14 Translation.	2022	Journal Article
35859240	10.1007/s11356-022-21932-1	Curcumin attenuates gentamicin and sodium salicylate ototoxic effects by modulating the nuclear factor-kappaB and apoptotic pathways in rats.	2022	Journal Article
35534350	10.1016/j.heares.2022.108513	Cisplatin exposure acutely disrupts mitochondrial bioenergetics in the zebrafish lateral-line organ.	2022	Journal Article
34967280	10.1080/10717544.2021.2021320	Efficiency of a dexamethasone nanosuspension as an intratympanic injection for acute hearing loss.	2022	Journal Article
36273620	10.1016/j.abb.2022.109432	Kinesin spindle protein inhibitor exacerbates cisplatin-induced hair cell damage.	2022	Journal Article
36499206	10.3390/ijms232314881	Liquid Crystalline Nanoparticles Conjugated with Dexamethasone Prevent Cisplatin Ototoxicity In Vitro.	2022	Journal Article
36452916	10.7759/cureus.31950	Severe Vancomycin Intoxication in an Infant Not Needing Dialysis: A Case Report and Literature Review.	2022	Case Reports
36432700	10.3390/pharmaceutics14112509	Machine-Learning Exploration of Exposure-Effect Relationships of Cisplatin in Head and Neck Cancer Patients.	2022	Journal Article
36430778	10.3390/ijms232214302	Evaluation of Cisplatin-Induced Pathology in the Larval Zebrafish Lateral Line.	2022	Journal Article
36396833	10.1007/s00018-022-04565-y	Inhibition of KDM5A attenuates cisplatin-induced hearing loss via regulation of the MAPK/AKT pathway.	2022	Journal Article
36428503	10.3390/biomedicines10112935	mTOR Signaling in BDNF-Treated Guinea Pigs after Ototoxic Deafening.	2022	Journal Article
36397425	10.1097/MD.0000000000031627	Platinum-induced ototoxicity in pediatric cancer survivors: GSTP1 c.313A>G variant association.	2022	Journal Article
36316882	10.1097/MD.0000000000031425	Evaluation of nephrotoxicity and ototoxicity following amikacin administration once daily or every 48 hours in neonates.	2022	Journal Article
36302835	10.1038/s41598-022-23034-x	Subclinical diagnosis of cisplatin-induced ototoxicity with biomarkers.	2022	Journal Article
36341090	10.3389/fneur.2022.1015014	Multiplex immunohistochemistry reveals cochlear macrophage heterogeneity and local auditory nerve inflammation in cisplatin-induced hearing loss.	2022	Journal Article
36398251		Biochemical evaluation and medicinal ability of <i>Jatropha mollissima</i> in hepatic disorders.	2022	Journal Article
36311033	10.3389/fnmol.2022.1013383	CDK2 regulates aminoglycoside-induced hair cell death through modulating c-Jun activity: Inhibiting CDK2 to preserve hearing.	2022	Journal Article
36452529	10.1007/s12070-020-02350-6	A Prospective Randomised Comparative Study Between Weekly Cisplatin Versus Three Weekly Cisplatin with Radiotherapy in Unresectable Locally Advanced Head and Neck Cancer.	2022	Journal Article
36282122	10.1080/03639045.2022.2140352	In vivo antioxidants, chemical characterization and biochemical and medicinal potential of <i>Murraya koenigii</i> in cisplatin-induced nephrotoxicity.	2022	Journal Article
36026605	10.1097/MAO.0000000000003663	A Prospective Study on the Vestibular Toxicity of Gentamicin in a Clinical Setting.	2022	Journal Article
35973010	10.1097/MAO.0000000000003649	Slight High-Frequency Hearing Loss, Effect of COVID-19 or Hydroxychloroquine Usage?	2022	Journal Article
35024956	10.1007/s00405-021-07225-2	Long-term auditory follow-up in the management of pediatric platinum-induced ototoxicity.	2022	Journal Article
34896029	10.1016/j.jmii.2021.11.007	Temporal trends of pharmacologic treatments for tuberculosis and multidrug resistant tuberculosis following dissemination of treatment guidelines in South Korea.	2022	Journal Article
36286446	10.3390/md20100622	Intratympanic Administration of Dieckol Prevents Ototoxic Hearing Loss.	2022	Journal Article
36175910	10.1186/s13036-022-00304-w	Exosomes derived from heat shock preconditioned bone marrow mesenchymal stem cells alleviate cisplatin-induced ototoxicity in mice.	2022	Journal Article
36113482	10.1016/j.devcel.2022.08.011	RIPOR2-mediated autophagy dysfunction is critical for aminoglycoside-induced hearing loss.	2022	Journal Article
36142894	10.3390/ijms231810981	Alpha-Lipoic Acid Attenuates Apoptosis and Ferroptosis in Cisplatin-Induced Ototoxicity via the Reduction of Intracellular Lipid Droplets.	2022	Journal Article
36139833	10.3390/antiox11091759	Kanamycin and Cisplatin Ototoxicity: Differences in Patterns of Oxidative Stress, Antioxidant Enzyme Expression and Hair Cell Loss in the Cochlea.	2022	Journal Article
36159904	10.1016/j.wjorl.2021.01.005	Effect of N-acetyl-cysteine treatment on sensorineural hearing loss: a meta-analysis.	2022	Journal Article
36092781	10.1155/2022/7160816	Melatonin Attenuates Cisplatin-Induced Ototoxicity via Regulating the Cell Apoptosis of the Inner Ear.	2022	Journal Article
36089725	10.29271/jcpsp.2022.09.1216	Hearing Loss After the First Low Dose Administration of Cisplatin.	2022	Case Reports
36063095	10.5152/iao.2022.21268	Comparison of Cytotoxic and Ototoxic Effects of Lipoplatin and Cisplatin in Neuroblastoma In Vivo Tumor Model.	2022	Journal Article
36047587	10.7554/eLife.77775	Chronic neurotransmission increases the susceptibility of lateral-line hair cells to ototoxic insults.	2022	Journal Article
35863163	10.1016/j.heares.2022.108570	Is postauricular injection a systemic or a topical route for inner ear drug delivery?	2022	Journal Article
35723448	10.1002/pbc.29755	Severity of hearing loss after platinum chemotherapy in childhood cancer survivors.	2022	Journal Article
33121925	10.1016/j.bjorl.2020.09.002	Protective effect of creatine on amikacin-induced ototoxicity.	2022	Journal Article
36136854	10.3390/audiolres12050047	The Effect of Pluronic-Coated Gold Nanoparticles in Hearing Preservation Following Cochlear Implantation-Pilot Study.	2022	Journal Article
36090793	10.3389/fncel.2022.941031	Putative COVID-19 therapies imatinib, lopinavir, ritonavir, and ivermectin cause hair cell damage: A targeted screen in the zebrafish lateral line.	2022	Journal Article
36003319	10.1177/15593258221119871	Chloroquine Attenuates Oxidative Stress in Gentamicin-Induced Nephrotoxicity in Rats.	2022	Journal Article
35862741	10.1128/aac.00138-22	Relationship between Vancomycin Trough Serum Concentrations and Clinical Outcomes in Children: a Systematic Review and Meta-Analysis.	2022	Journal Article
36012982	10.3390/jcm11164743	Exosomes Derived from Bone Marrow-Mesenchymal Stem Cells Attenuates Cisplatin-Induced Ototoxicity in a Mouse Model.	2022	Journal Article
35991886	10.3389/fphar.2022.887833	Polydatin activates the Nrf2/HO-1 signaling pathway to protect cisplatin-induced hearing loss in guinea pigs.	2022	Journal Article
35992197	10.3389/fnmol.2022.963083	Pitavastatin protects against neomycin-induced ototoxicity through inhibition of endoplasmic reticulum stress.	2022	Journal Article
36032922	10.1007/s12070-020-01933-7	Role of Otoacoustic Emission in Early Detection of Cisplatin Induced Ototoxicity.	2022	Journal Article
35724557	10.1016/j.canep.2022.102203	Global burden of ototoxic hearing loss associated with platinum-based cancer treatment: A systematic review and meta-analysis.	2022	Journal Article
35599187	10.1016/j.eururo.2022.04.031	The GETUG SEMITEP Trial: De-escalating Chemotherapy in Good-prognosis Seminoma Based on Fluorodeoxyglucose Positron Emission Tomography/Computed Tomography.	2022	Clinical Trial, Phase II
35469039	10.1007/s00405-022-07374-y	Consensus on intratympanic drug delivery for Menière's disease.	2022	Journal Article
34921675	10.1007/s11684-021-0864-3	Apigenin alleviates neomycin-induced oxidative damage via the Nrf2 signaling pathway in cochlear hair cells.	2022	Journal Article
34711521	10.1016/j.sapharm.2021.10.004	A scoping review of global aminoglycoside antibiotic overuse: A potential opportunity for primary ototoxicity prevention.	2022	Journal Article
34622731	10.1080/14992027.2021.1983215	Oral D-methionine protects against cisplatin-induced hearing loss in humans: phase 2 randomized clinical trial in India.	2022	Clinical Trial, Phase II
34561196	10.1016/j.anorl.2021.07.010	Central nystagmus and alterations in vestibular tests due to an inadvertent gentamicin administration into spinal space: A CARE case report.	2022	Case Reports
33961727	10.1111/imj.15341	Treatment and outcomes of multidrug-resistant tuberculosis in Auckland, 1995-2018.	2022	Journal Article
35923755	10.3389/fnmol.2022.944846	An <i>in vivo</i> Biomarker to Characterize Ototoxic Compounds and Novel Protective Therapeutics.	2022	Journal Article
35849599	10.1371/journal.pone.0271591	Ellagic acid and cilostazol ameliorate amikacin-induced nephrotoxicity in rats by downregulating oxidative stress, inflammation, and apoptosis.	2022	Journal Article
35910376	10.3389/fphar.2022.896760	Repositioning of Lansoprazole as a Protective Agent Against Cisplatin-Induced Ototoxicity.	2022	Journal Article
35887836	10.3390/jcm11144072	Identification of Target Proteins Involved in Cochlear Hair Cell Progenitor Cytotoxicity following Gentamicin Exposure.	2022	Journal Article
35855991	10.1016/j.heliyon.2022.e09869	A GC-MS-based untargeted metabolomics approach for comprehensive metabolic profiling of vancomycin-induced toxicity in mice.	2022	Journal Article
35892664	10.3390/audiolres12040038	The Otoprotective Effect of Ear Cryotherapy: Systematic Review and Future Perspectives.	2022	Journal Article
35575590	10.1021/acs.molpharmaceut.2c00067	Curcumin-Encapsulated Chitosan-Coated Nanoformulation as an Improved Otoprotective Strategy for Ototoxic Hearing Loss.	2022	Journal Article
35894537	10.5152/iao.2022.21485	Downbeat Nystagmus and Bilateral Sudden Hearing Loss by Suicidal Aspirin Intoxication.	2022	Case Reports
35814275	10.1155/2022/2210733	Nrf2 Knockout Affected the Ferroptosis Signaling Pathway against Cisplatin-Induced Hair Cell-Like HEI-OC1 Cell Death.	2022	Journal Article
35806348	10.3390/ijms23137343	Effects of Combined Gentamicin and Furosemide Treatment on Cochlear Macrophages.	2022	Journal Article
35781072	10.1016/j.mcn.2022.103752	Combined treatment of retinoic acid with olfactory ensheathing cells protect gentamicin-induced SGNs damage in the rat cochlea in vitro.	2022	Journal Article
35584572	10.1016/j.heares.2022.108515	Conditional overexpression of neuritin in supporting cells (SCs) mitigates hair cell (HC) damage and induces HC regeneration in the adult mouse cochlea after drug-induced ototoxicity.	2022	Journal Article
35322580	10.1002/cam4.4644	Pharmacogenomics of cisplatin-induced neurotoxicities: Hearing loss, tinnitus, and peripheral sensory neuropathy.	2022	Journal Article
35968304	10.3389/fneur.2022.912647	The Use of Nanoparticles in Otoprotection.	2022	Journal Article
35806229	10.3390/ijms23137227	Pro-Inflammatory Signalling PRRopels Cisplatin-Induced Toxicity.	2022	Journal Article
35739134	10.1038/s41598-022-13023-5	Predicting neural deficits in sensorineural hearing loss from word recognition scores.	2022	Journal Article
35717191	10.1186/s12913-022-08099-8	Cisplatin-associated ototoxicity: perspectives from a single institution cervical cancer cohort and implications for developing a locally responsive monitoring programme in a public healthcare setting.	2022	Journal Article
35743144	10.3390/ijms23126701	Cichoric Acid May Play a Role in Protecting Hair Cells from Ototoxic Drugs.	2022	Journal Article
35561849	10.1016/j.toxlet.2022.05.001	Pharmacological treatment with annexin A1-derived peptide protects against cisplatin-induced hearing loss.	2022	Journal Article
35689218	10.1186/s12951-022-01485-8	An enhanced antioxidant strategy of astaxanthin encapsulated in ROS-responsive nanoparticles for combating cisplatin-induced ototoxicity.	2022	Journal Article
35688810	10.1038/s41419-022-04987-3	The protective effects of systemic dexamethasone on sensory epithelial damage and hearing loss in targeted Cx26-null mice.	2022	Journal Article
35721868	10.3389/fbioe.2022.892969	Improving Control of Gene Therapy-Based Neurotrophin Delivery for Inner Ear Applications.	2022	Journal Article
35666213	10.1089/zeb.2021.0087	Simple and High-Throughput Rheotaxis Behavioral Assay for Zebrafish Larva.	2022	Journal Article
35658237	10.1016/j.biopha.2022.113071	A reduced form of nicotinamide riboside protects the cochlea against aminoglycoside-induced ototoxicity by SIRT1 activation.	2022	Journal Article
35621716	10.1096/fj.202200324R	Gstm1/Gstt1 is essential for reducing cisplatin ototoxicity in CBA/CaJ mice.	2022	Journal Article
35346799	10.1016/j.tiv.2022.105354	N-acetylcysteine protect inner hair cells from cisplatin by alleviated celluar oxidative stress and apoptosis.	2022	Journal Article
34731023	10.1089/ars.2021.0183	Cisplatin Chemotherapy and Cochlear Damage: Otoprotective and Chemosensitization Properties of Polyphenols.	2022	Journal Article
34465184	10.1089/ars.2021.0191	Transient Receptor Potential Channels and Auditory Functions.	2022	Journal Article
34213608	10.1007/s00405-021-06967-3	Effect of cisplatin chemotherapy on the inner ear function and serum prestin concentration.	2022	Journal Article
35706425	10.3389/fnmol.2022.916458	Salubrinal Protects Against Cisplatin-Induced Cochlear Hair Cell Endoplasmic Reticulum Stress by Regulating Eukaryotic Translation Initiation Factor 2α Signalling.	2022	Journal Article
35628594	10.3390/ijms23105780	Nimodipine Treatment Protects Auditory Hair Cells from Cisplatin-Induced Cell Death Accompanied by Upregulation of LMO4.	2022	Journal Article
35602237	10.1177/2473974X221100545	Does N-acetylcysteine Improve Established Hearing Loss in Guinea Pigs?	2022	Journal Article
35601667	10.1155/2022/1298692	Protective Effects of Vitamin C against Neomycin-Induced Apoptosis in HEI-OC1 Auditory Cell.	2022	Journal Article
35416186	10.1039/d1fo04391a	Protective effect of food derived nutrients on cisplatin nephrotoxicity and its mechanism.	2022	Journal Article
35478148	10.21873/invivo.12807	Bisdemethoxycurcumin-mediated Attenuation of Apoptosis Prevents Gentamicin-induced Ototoxicity in Mouse Cochlear UB/OC-2 Cells.	2022	Journal Article
35471608	10.1007/s00109-022-02188-1	ASK1 is a novel molecular target for preventing aminoglycoside-induced hair cell death.	2022	Journal Article
35348190	10.3892/ijmm.2022.5127	2,3,4',5‑Tetrahydroxystilbene‑2‑O‑β‑D‑glucoside ameliorates gentamicin‑induced ototoxicity by modulating autophagy via Sesn2/AMPK/mTOR signaling.	2022	Journal Article
35304134	10.1016/j.neuro.2022.03.005	The protective effect of rutin against the cisplatin-induced cochlear damage in vitro.	2022	Journal Article
35286283	10.1097/JCMA.0000000000000708	Ameliorative effect of taxifolin on gentamicin-induced ototoxicity via down-regulation of apoptotic pathways in mouse cochlear UB/OC-2 cells.	2022	Journal Article
35134541	10.1016/j.cbpc.2022.109295	Developmental disorders caused by cefixime in the otic vesicles of zebrafish embryos or larvae.	2022	Journal Article
35067571	10.1097/AUD.0000000000001172	Ototoxicity After Cisplatin-Based Chemotherapy: Factors Associated With Discrepancies Between Patient-Reported Outcomes and Audiometric Assessments.	2022	Journal Article
35645195	10.3390/audiolres12030025	Adverse Audio-Vestibular Effects of Drugs and Vaccines Used in the Treatment and Prevention of COVID-19: A Review.	2022	Journal Article
35573297	10.3389/fnins.2022.867034	Supporting Cells and Their Potential Roles in Cisplatin-Induced Ototoxicity.	2022	Journal Article
38505572		Audiologic Evaluation of Patients with Head and Neck Cancers Treated with Cisplatin Based Chemotherapy: A Longitudinal Study.	2021	Journal Article
35562915	10.3390/ijms23094524	Pravastatin Administration Alleviates Kanamycin-Induced Cochlear Injury and Hearing Loss.	2022	Journal Article
35529876	10.3389/fimmu.2022.823439	Cochlear Marginal Cell Pyroptosis Is Induced by Cisplatin <i>via</i> NLRP3 Inflammasome Activation.	2022	Journal Article
35519614	10.3389/fbioe.2022.876237	Tetrandrine Prevents Neomycin-Induced Ototoxicity by Promoting Steroid Biosynthesis.	2022	Journal Article
35480138	10.1155/2022/2317181	Efficacy of Bevacizumab and Gemcitabine in Combination with Cisplatin in the Treatment of Esophageal Cancer and the Effect on the Incidence of Adverse Reactions.	2022	Journal Article
35182603	10.1016/j.jneumeth.2022.109527	The ototoxic effect of locally applied kanamycin and furosemide in guinea pigs.	2022	Journal Article
35496911	10.3389/fncel.2022.783346	Heme Oxygenase-1 Protects Hair Cells From Gentamicin-Induced Death.	2022	Journal Article
35480970	10.3389/fbioe.2022.844177	β-Cyclodextrin and Oligoarginine Peptide-Based Dendrimer-Entrapped Gold Nanoparticles for Improving Drug Delivery to the Inner Ear.	2022	Journal Article
35442461	10.26355/eurrev_202204_28480	Protective effect of ethyl pyruvate on amikacin-induced ototoxicity in rats.	2022	Journal Article
35234826	10.1001/jamadermatol.2021.5992	Molecular and Clinical Outcomes After Intravenous Gentamicin Treatment for Patients With Junctional Epidermolysis Bullosa Caused by Nonsense Variants.	2022	Clinical Trial
35032475	10.1016/j.bbamcr.2021.119208	Puerarin attenuates cisplatin-induced apoptosis of hair cells through the mitochondrial apoptotic pathway.	2022	Journal Article
35026350	10.1016/j.bbamcr.2021.119204	Overexpression of XIAP inhibits cisplatin-induced hair cell loss.	2022	Journal Article
34772581	10.1016/j.clon.2021.10.013	Sensorineural Hearing Loss in Nasopharyngeal Carcinoma Survivors in the Modern Treatment Era - The Early and Late Effects of Radiation and Cisplatin.	2022	Journal Article
35384675	10.4102/sajcd.v69i1.886	A longitudinal community-based ototoxicity monitoring programme and treatment effects for drug-resistant tuberculosis treatment, Western Cape.	2022	Journal Article
35356976	10.1093/stcltm/szab023	Otic Organoids Containing Spiral Ganglion Neuron-like Cells Derived from Human-induced Pluripotent Stem Cells as a Model of Drug-induced Neuropathy.	2022	Journal Article
35353852	10.1371/journal.pone.0266108	Efficiency of antioxidant Avenanthramide-C on high-dose methotrexate-induced ototoxicity in mice.	2022	Journal Article
35455391	10.3390/ph15040394	Encapsulation of Alpha-Lipoic Acid in Functional Hybrid Liposomes: Promising Tool for the Reduction of Cisplatin-Induced Ototoxicity.	2022	Journal Article
35256453	10.1523/ENEURO.0434-21.2022	Agmatine Alleviates Cisplatin-Induced Ototoxicity by Activating PI3K/AKT Signaling Pathway.	2022	Journal Article
35355868	10.1155/2022/3080263	Regulation of ACSL4-Catalyzed Lipid Peroxidation Process Resists Cisplatin Ototoxicity.	2022	Journal Article
35370892	10.3389/fneur.2022.808570	Low-Dose Intratympanic Gentamicin for Unilateral Ménière's Disease: Accuracy of Early Vestibulo-Ocular Reflex Gain Reduction in Predicting Long-Term Clinical Outcome.	2022	Journal Article
35359571	10.3389/fnmol.2022.824762	The Ameliorative Effect of JNK Inhibitor D-JNKI-1 on Neomycin-Induced Apoptosis in HEI-OC1 Cells.	2022	Journal Article
35238644	10.1073/pnas.2107357119	Activation of Rictor/mTORC2 signaling acts as a pivotal strategy to protect against sensorineural hearing loss.	2022	Journal Article
35530135	10.1016/j.apsb.2021.11.002	Inhibiting DNA methylation alleviates cisplatin-induced hearing loss by decreasing oxidative stress-induced mitochondria-dependent apoptosis <i>via</i> the LRP1-PI3K/AKT pathway.	2022	Journal Article
35418366	10.5152/iao.2022.21416	Ototoxicity of Immunosuppressant Drugs: A Systematic Review.	2022	Journal Article
35264029	10.1177/08968608221080586	ISPD peritonitis guideline recommendations: 2022 update on prevention and treatment.	2022	Journal Article
35197290	10.1073/pnas.2117946119	In vivo real-time imaging reveals megalin as the aminoglycoside gentamicin transporter into cochlea whose inhibition is otoprotective.	2022	Journal Article
35190853	10.1007/s00011-022-01541-x	Inhibition of PRMT6 reduces neomycin-induced inner ear hair cell injury through the restraint of FoxG1 arginine methylation.	2022	Journal Article
35051751	10.1016/j.heares.2022.108430	A combinatorial approach to protect sensory tissue against cisplatin-induced ototoxicity.	2022	Journal Article
34971589	10.1016/j.bcp.2021.114904	Trehalose protects against cisplatin-induced cochlear hair cell damage by activating TFEB-mediated autophagy.	2022	Journal Article
34902678	10.1016/j.jtemb.2021.126909	2-Aminoethoxydiphenyl borate ameliorates functional and structural abnormalities in cisplatin-induced peripheral neuropathy.	2022	Journal Article
34483247	10.1097/AUD.0000000000001119	Evaluating the Efficacy of Intratympanic Dexamethasone in Protecting Against Irreversible Hearing Loss in Patients on Cisplatin-Based Cancer Treatment: A Randomized Controlled Phase IIIB Clinical Trial.	2022	Clinical Trial, Phase III
35215367	10.3390/ph15020255	Gender and Sex-Related Differences in Normal Tissue Effects Induced by Platinum Compounds.	2022	Journal Article
35221917	10.3389/fnmol.2022.835448	The Mechanotransduction Channel and Organic Cation Transporter Are Critical for Cisplatin Ototoxicity in Murine Hair Cells.	2022	Journal Article
35287541	10.1080/00016489.2022.2038796	Optimal N-acetylcysteine concentration for intratympanic injection to prevent cisplatin-induced ototoxicity in guinea pigs.	2022	Journal Article
34997776	10.1002/jcla.24176	Explore the effect of LLY-283 on the ototoxicity of auditory cells caused by cisplatin: A bioinformatic analysis based on RNA-seq.	2022	Journal Article
34953289	10.1016/j.heares.2021.108409	Combined antioxidants and anti-inflammatory therapies fail to attenuate the early and late phases of cyclodextrin-induced cochlear damage and hearing loss.	2022	Journal Article
34847071		Acupuncture Attenuates Ototoxicity Induced by Gentamicin in Mice.	2022	Journal Article
34506008	10.1007/s12072-021-10251-1	Long-term morbidity and mortality in 2-year hepatoblastoma survivors treated with SIOPEL risk-adapted strategies.	2022	Journal Article
35211341	10.5001/omj.2021.64	Effectiveness and Safety of Short-term Regimen for Multidrug-resistant Tuberculosis Treatment: A Systematic Review of Cohort Studies.	2022	Journal Article
35164206	10.3390/molecules27030941	Nephroprotective Effects of <i>Alhagi camelorum</i> against Cisplatin-Induced Nephrotoxicity in Albino Wistar Rats.	2022	Journal Article
35096175	10.1055/s-0041-1740986	The Ototoxicity of Chloroquine and Hydroxychloroquine: A Systematic Review.	2022	Journal Article
35087693	10.1155/2022/2563939	Continuous Local Antibiotics Perfusion Therapy for Acute Deep Infections after Open Fractures.	2022	Case Reports
35082962	10.1155/2022/1090034	Novel Application of Eupatilin for Effectively Attenuating Cisplatin-Induced Auditory Hair Cell Death via Mitochondrial Apoptosis Pathway.	2022	Journal Article
35899566	10.24953/turkjped.2021.5012	Ototoxicity and long-term hearing outcome in pediatric patients receiving cisplatin.	2022	Journal Article
35656452	10.22038/IJBMS.2022.60794.13467	Analysis of potential protective effects of caffeic acid phenethyl ester against gentamicin ototoxicity: An experimental study.	2022	Journal Article
35366769	10.2174/1389200223666220401092112	A Comprehensive Review of the Pharmacologic Perspective on Loop Diuretic Drug Interactions with Therapeutically Used Drugs.	2022	Journal Article
35127378	10.1016/j.apsb.2021.07.002	Astaxanthine attenuates cisplatin ototoxicity <i>in vitro</i> and protects against cisplatin-induced hearing loss <i>in vivo</i>.	2022	Journal Article
35096168	10.1055/s-0040-1722161	Antioxidant Effect of Curcumin on the Prevention of Oxidative Damage to the Cochlea in an Ototoxic Rat Model Based on Malondialdehyde Expression.	2022	Journal Article
35041532	10.1089/omi.2021.0181	Hearing Impairment in South Africa and the Lessons Learned for Planetary Health Genomics: A Systematic Review.	2022	Journal Article
34800260	10.1007/s13258-021-01157-1	Protective effect of berberine chloride against cisplatin-induced ototoxicity.	2022	Journal Article
34757176	10.1016/j.toxlet.2021.10.015	The disruption and hyperpermeability of blood-labyrinth barrier mediates cisplatin-induced ototoxicity.	2022	Journal Article
34697839	10.1002/ptr.7305	Curcumin and its derivatives in cancer therapy: Potentiating antitumor activity of cisplatin and reducing side effects.	2022	Journal Article
34602350	10.1016/j.bjorl.2021.07.001	The effect of genistein on cisplatin induced ototoxicity and oxidative stress.	2022	Journal Article
34490624	10.1002/cncr.33848	The cumulative incidence of cisplatin-induced hearing loss in young children is higher and develops at an early stage during therapy compared with older children based on 2052 audiological assessments.	2022	Journal Article
34407567	10.1002/hep.32102	Synergistic combination of cytotoxic chemotherapy and cyclin-dependent kinase 4/6 inhibitors in biliary tract cancers.	2022	Journal Article
34353272	10.2174/1871520621666210805150705	Advancements in the Use of Platinum Complexes as Anticancer Agents.	2022	Journal Article
34020824	10.1016/j.heares.2021.108254	The intravenous administration of skin-derived mesenchymal stem cells ameliorates hearing loss and preserves cochlear hair cells in cisplatin-injected mice: SMSCs ameliorate hearing loss and preserve outer hair cells in mice.	2022	Journal Article
33757754	10.1016/j.bjorl.2021.02.008	Ototoxic effects of antineoplastic drugs: a systematic review.	2022	Journal Article
33678494	10.1016/j.heares.2021.108209	Development of ebselen for the treatment of sensorineural hearing loss and tinnitus.	2022	Journal Article
33632031	10.1080/10520295.2021.1890215	Protective effect of dexpanthenol on cisplatin induced nephrotoxicity in rats.	2022	Journal Article
32532628	10.1016/j.bjorl.2020.04.005	Effects of subchronic inhalation exposure to an organophosphorus insecticide compound containing dichlorvos on wistar rats' otoacoustic emissions.	2022	Journal Article
31533491	10.1080/01480545.2019.1665680	A new active peptide from <i>Neptunea arthritica cumingii</i> exerts protective effects against gentamicin-induced sensory-hair cell injury in zebrafish.	2022	Journal Article
34949620	10.1136/bmjopen-2021-052697	Exploring two distinct gentamicin prescribing protocols in UK hospitals: a mixed-methods realist evaluation.	2021	Journal Article
34560429	10.1016/j.ejmech.2021.113849	AZD5438-PROTAC: A selective CDK2 degrader that protects against cisplatin- and noise-induced hearing loss.	2021	Journal Article
34917943	10.1093/jacamr/dlab184	Aminoglycoside- and glycopeptide-induced ototoxicity in children: a systematic review.	2021	Journal Article
34949157	10.1080/21655979.2021.2009977	The nephroprotective effects of <i>Daucus carota</i> and <i>Eclipta prostrata</i> against cisplatin-induced nephrotoxicity in rats.	2021	Journal Article
34774227	10.1016/j.otc.2021.08.007	Mechanisms of Ototoxicity and Otoprotection.	2021	Journal Article
34651662	10.3892/mmr.2021.12491	Puerarin alleviates the ototoxicity of gentamicin by inhibiting the mitochondria‑dependent apoptosis pathway.	2021	Journal Article
34635013	10.1080/08990220.2021.1984875	The effects of ethyl pyruvate against experimentally induced cisplatin ototoxicity in rats.	2021	Journal Article
34570616	10.1200/JCO.21.00899	Hearing Loss After Radiation and Chemotherapy for CNS and Head-and-Neck Tumors in Children.	2021	Journal Article
33749526	10.1080/15548627.2021.1905466	PRDX1 activates autophagy via the PTEN-AKT signaling pathway to protect against cisplatin-induced spiral ganglion neuron damage.	2021	Journal Article
34943021	10.3390/antiox10121919	Oxidative Stress and Inflammation Caused by Cisplatin Ototoxicity.	2021	Journal Article
34858067	10.2147/IMCRJ.S336259	Case Report: Kanamycin Ototoxicity and MDR-TB Treatment Regimen.	2021	Case Reports
34884516	10.3390/ijms222312716	Telmisartan Attenuates Kanamycin-Induced Ototoxicity in Rats.	2021	Journal Article
34834125	10.3390/molecules26227034	Three New Phthalide Glycosides from the Rhizomes of <i>Cnidium officinale</i> and Their Recovery Effect on Damaged Otic Hair Cells in Zebrafish.	2021	Journal Article
34833056	10.3390/life11111180	Evaluating the Death and Recovery of Lateral Line Hair Cells Following Repeated Neomycin Treatments.	2021	Journal Article
34702687	10.1016/j.anpede.2020.08.014	Ototoxicity in cancer survivors: Experience and proposal of a surveillance protocol.	2021	Journal Article
34678647	10.1016/j.heares.2021.108368	Systemic toll-like receptor 9 agonist CpG oligodeoxynucleotides exacerbates aminoglycoside ototoxicity.	2021	Journal Article
34500358	10.1016/j.ijporl.2021.110920	(-)-Epigallocatechin-3-gallate (EGCG) prevents aminoglycosides-induced ototoxicity via anti-oxidative and anti-apoptotic pathways.	2021	Journal Article
34314868	10.1016/j.nano.2021.102447	Protective effect of MSC-derived exosomes against cisplatin-induced apoptosis via heat shock protein 70 in auditory explant model.	2021	Journal Article
34223978	10.1007/s00441-021-03493-w	The crosstalk between the Notch, Wnt, and SHH signaling pathways in regulating the proliferation and regeneration of sensory progenitor cells in the mouse cochlea.	2021	Journal Article
34146403	10.1002/ijc.33710	Childhood ovarian nonseminomatous germ cell tumors: A highly curable disease with few long-term treatment-related toxicities-Results of the French TGM95 study.	2021	Journal Article
34776942	10.3389/fphar.2021.701002	Dual Viscosity Mixture Vehicle for Intratympanic Dexamethasone Delivery Can Block Ototoxic Hearing Loss.	2021	Journal Article
34765606	10.3389/fcell.2021.762751	A Screen of Autophagy Compounds Implicates the Proteasome in Mammalian Aminoglycoside-Induced Hair Cell Damage.	2021	Journal Article
34606329	10.1044/2021_AJA-21-00153	Ototoxicity and Noise Damage: From Preclinical Findings to Audiological Management.	2021	Journal Article
34582263	10.1044/2021_AJA-21-00032	A Randomized Controlled Trial Using Automated Technology for Improving Ototoxicity Monitoring in VA Oncology Patients.	2021	Journal Article
34415784	10.1044/2021_AJA-21-00006	Mechanisms of Aminoglycoside- and Cisplatin-Induced Ototoxicity.	2021	Journal Article
34379758	10.1093/jac/dkab288	Pharmacokinetic modelling to predict risk of ototoxicity with intravenous tobramycin treatment in cystic fibrosis.	2021	Journal Article
33465315	10.1044/2020_AJA-20-00023	Review: Neural Mechanisms of Tinnitus and Hyperacusis in Acute Drug-Induced Ototoxicity.	2021	Journal Article
34302894	10.1016/j.toxlet.2021.07.010	Autophagy-dependent ferroptosis contributes to cisplatin-induced hearing loss.	2021	Journal Article
34680523	10.3390/biomedicines9101406	Cisplatin Mouse Models: Treatment, Toxicity and Translatability.	2021	Journal Article
34462927	10.1002/pd.6035	Incidence of childhood hearing loss after in utero exposure to platinum agents.	2021	Journal Article
34383016	10.1001/jamaoncol.2021.2697	Recommendations for Age-Appropriate Testing, Timing, and Frequency of Audiologic Monitoring During Childhood Cancer Treatment: An International Society of Paediatric Oncology Supportive Care Consensus Report.	2021	Journal Article
34330821	10.1124/molpharm.121.000274	Current Understanding of Membrane Transporters as Regulators or Targets for Cisplatin-Induced Hearing Loss.	2021	Journal Article
34089817	10.1016/j.toxlet.2021.05.013	Modulation of NAD<sup>+</sup> biosynthesis activates SIRT1 and resists cisplatin-induced ototoxicity.	2021	Journal Article
33885038	10.1097/MPH.0000000000002158	Evaluation of Risk Factors Causing Ototoxicity in Childhood Cancers Located in the Head and Neck Region Treated With Platinum-based Chemotherapy.	2021	Journal Article
34646124	10.3389/fncel.2021.751867	The Ganglioside Monosialotetrahexosylganglioside Protects Auditory Hair Cells Against Neomycin-Induced Cytotoxicity Through Mitochondrial Antioxidation: An <i>in vitro</i> Study.	2021	Journal Article
34679662	10.3390/antiox10101526	Fursultiamine Prevents Drug-Induced Ototoxicity by Reducing Accumulation of Reactive Oxygen Species in Mouse Cochlea.	2021	Journal Article
34621753	10.3389/fcell.2021.744838	Opa1 Prevents Apoptosis and Cisplatin-Induced Ototoxicity in Murine Cochleae.	2021	Journal Article
34576273	10.3390/ijms221810111	Metabolic and Lipidomic Assessment of Kidney Cells Exposed to Nephrotoxic Vancomycin Dosages.	2021	Journal Article
34252307	10.1128/AAC.00506-21	Lesion Penetration and Activity Limit the Utility of Second-Line Injectable Agents in Pulmonary Tuberculosis.	2021	Journal Article
34566577	10.3389/fnmol.2021.718241	Single-Cell RNA-Seq of Cisplatin-Treated Adult Stria Vascularis Identifies Cell Type-Specific Regulatory Networks and Novel Therapeutic Gene Targets.	2021	Journal Article
34604960	10.26355/eurrev_202109_26787	Pharmacogenetic screening of A1555G and C1494T mitochondrial mutations and the use of ototoxic drugs among Jordanians.	2021	Journal Article
34539342	10.3389/fnmol.2021.715952	Development of Tinnitus and Hyperacusis in a Mouse Model of Tobramycin Cochleotoxicity.	2021	Journal Article
34322916	10.1111/jvim.16221	Gentamicin-induced sensorineural auditory loss in healthy adult horses.	2021	Journal Article
34129960	10.1016/j.tmaid.2021.102117	Ototoxic hearing loss from antimalarials: A systematic narrative review.	2021	Journal Article
34049329	10.1097/MAO.0000000000003193	Effects of Moringa Extract on Aminoglycoside-Induced Hair Cell Death and Organ of Corti Damage.	2021	Journal Article
33956344	10.1002/lary.29610	Intratympanic Lipopolysaccharide Elevates Systemic Fluorescent Gentamicin Uptake in the Cochlea.	2021	Journal Article
33887477	10.1016/j.cbpc.2021.109053	Anisomycin induces hair cell death and blocks supporting cell proliferation in zebrafish lateral line neuromast.	2021	Journal Article
33780902	10.1016/j.amjoto.2020.102640	Chloroquine and hydroxychloroquine ototoxicity; potential implications for SARS-CoV-2 treatment. A brief review of the literature.	2021	Journal Article
34471383	10.2147/CMAR.S322411	Ibero-American Expert Consensus on Squamous Cell Carcinoma of the Head and Neck Treatment in Patients Unable to Receive Cisplatin: Recommendations for Clinical Practice.	2021	Journal Article
34489859	10.3389/fneur.2021.725566	Detecting Novel Ototoxins and Potentiation of Ototoxicity by Disease Settings.	2021	Journal Article
34338793	10.1001/jamanetworkopen.2021.18895	Association of Sodium Thiosulfate With Risk of Ototoxic Effects From Platinum-Based Chemotherapy: A Systematic Review and Meta-analysis.	2021	Journal Article
34401512	10.1002/lio2.608	Cisplatin ototoxicity histopathology.	2021	Journal Article
34219630	10.1017/S0022215121001535	A 'chemical help' in middle-ear surgery? A systematic review on sodium 2-mercaptoethanesulfonate.	2021	Journal Article
34143497	10.1113/JP281522	Functional development and regeneration of hair cells in the zebrafish lateral line.	2021	Journal Article
33900547	10.1007/s12640-021-00366-6	Roles of Bak and Sirt3 in Paraquat-Induced Cochlear Hair Cell Damage.	2021	Journal Article
33677052	10.1016/j.ijrobp.2021.02.050	Hearing Loss Risk in Pediatric Patients Treated with Cranial Irradiation and Cisplatin-Based Chemotherapy.	2021	Journal Article
32978721	10.1007/s11764-020-00944-1	Long-term neurotoxicity and quality of life in testicular cancer survivors-a nationwide cohort study.	2021	Journal Article
34381329	10.3389/fnins.2021.695268	Preferential Cochleotoxicity of Cisplatin.	2021	Journal Article
34271863	10.1186/s12885-021-08567-0	Feasibility and first results of a prospective cohort study to investigate cisplatin-associated ototoxicity amongst cancer patients in South Africa.	2021	Journal Article
34335192	10.3389/fncel.2021.701783	Local Cisplatin Delivery in Mouse Reliably Models Sensorineural Ototoxicity Without Systemic Adverse Effects.	2021	Journal Article
34262104	10.1038/s41698-021-00178-z	TCERG1L allelic variation is associated with cisplatin-induced hearing loss in childhood cancer, a PanCareLIFE study.	2021	Journal Article
34335732	10.1155/2021/4909237	Hair Cell Protection from Ototoxic Drugs.	2021	Journal Article
34259762	10.1590/1806-9282.67.Suppl1.20200677	Ototoxic effects of hydroxychloroquine.	2021	Journal Article
34234249	10.1038/s41598-021-93522-z	Detection of unknown ototoxic adverse drug reactions: an electronic healthcare record-based longitudinal nationwide cohort analysis.	2021	Journal Article
34345476	10.25259/SNI_566_2021	Review: Perspective on ocular toxicity of presurgical skin preparations utilizing Chlorhexidine Gluconate/Hibiclens/Chloraprep.	2021	Journal Article
34015383	10.1016/j.jinf.2021.05.010	Prevalence of aminoglycoside-induced hearing loss in drug-resistant tuberculosis patients: A systematic review.	2021	Journal Article
33491234	10.1002/lary.29424	A Narrative Review of Pharmacologic Treatments for COVID-19: Safety Considerations and Ototoxicity.	2021	Journal Article
33094525	10.1002/jat.4093	A new aminoglycoside etimicin shows low nephrotoxicity and ototoxicity in zebrafish embryos.	2021	Journal Article
31569969	10.1177/0145561319874311	Efficacy of 2 Different Intratympanic Steroid Regimen on Prevention of Cisplatin Ototoxicity: An Experimental Study.	2021	Journal Article
34262862	10.3389/fonc.2021.673080	Cisplatin Ototoxicity: Examination of the Impact of Dosing, Infusion Times, and Schedules In Pediatric Cancer Patients.	2021	Journal Article
34206364	10.3390/ijms22136664	Umbilical Cord Mesenchymal Stromal Cell-Derived Exosomes Rescue the Loss of Outer Hair Cells and Repair Cochlear Damage in Cisplatin-Injected Mice.	2021	Journal Article
34205776	10.3390/healthcare9060779	Review of Pharmacotherapy for Tinnitus.	2021	Journal Article
34199197	10.3390/ijms22126327	Gap Junction-Mediated Intercellular Communication of cAMP Prevents CDDP-Induced Ototoxicity via cAMP/PKA/CREB Pathway.	2021	Journal Article
34099061	10.1186/s41021-021-00192-4	MicroRNAs as the critical regulators of cisplatin resistance in gastric tumor cells.	2021	Journal Article
34199855	10.3390/ph14060538	A Wirelessly Controlled Scalable 3D-Printed Microsystem for Drug Delivery.	2021	Journal Article
34077275	10.1139/bcb-2020-0459	Resveratrol upregulates miR-455-5p to antagonize cisplatin ototoxicity via modulating the PTEN-PI3K-AKT axis.	2021	Journal Article
33819469	10.1016/j.bcp.2021.114542	The multitargeted kinase inhibitor KW-2449 ameliorates cisplatin-induced nephrotoxicity by targeting RIPK1-mediated necroptosis.	2021	Journal Article
33775853	10.1016/j.ejpb.2021.03.008	Cisplatin-induced ototoxicity: Updates on molecular mechanisms and otoprotective strategies.	2021	Journal Article
33710154	10.1097/MAO.0000000000003069	Transtympanic Sodium Thiosulfate for Prevention of Cisplatin-Induced Ototoxicity: A Randomized Clinical Trial.	2021	Journal Article
34095303	10.1155/2021/5590973	Mitophagy Impairment Aggravates Cisplatin-Induced Ototoxicity.	2021	Journal Article
33998666	10.1002/14651858.CD013837.pub2	Antibiotic regimens for early-onset neonatal sepsis.	2021	Journal Article
33969093	10.12998/wjcc.v9.i13.3070	Vancomycin-related convulsion in a pediatric patient with neuroblastoma: A case report and review of the literature.	2021	Case Reports
33733573	10.15252/embr.202051280	Toll-like receptor 4 is activated by platinum and contributes to cisplatin-induced ototoxicity.	2021	Journal Article
33898763	10.1016/j.jctube.2021.100229	Audiological monitoring of patients undergoing multidrug resistant tuberculosis treatment at Jigme Dorji Wangchuk National Referral Hospital and Gidakom Hospital, Bhutan.	2021	Journal Article
33771701	10.1016/j.phrs.2021.105575	Nrf2 signaling pathway in cisplatin chemotherapy: Potential involvement in organ protection and chemoresistance.	2021	Journal Article
33667563	10.1016/j.neuro.2021.02.007	Effects of combined gentamicin and furosemide treatment on cochlear ribbon synapses.	2021	Journal Article
33647739	10.1016/j.bioorg.2021.104741	Dual-target platinum(IV) complexes exhibit antiproliferative activity through DNA damage and induce ER-stress-mediated apoptosis in A549 cells.	2021	Journal Article
33621791	10.1016/j.heares.2021.108202	A clinically derived guinea pig dosing model of cisplatin ototoxicity.	2021	Journal Article
33618164	10.1016/j.heares.2021.108204	Changing the time intervals between cisplatin cycles alter its ototoxic side effect.	2021	Journal Article
33578233	10.1016/j.biopha.2021.111281	Protective effect of lutein against acrolein-induced ototoxicity in rats.	2021	Journal Article
33411315	10.1007/s12035-020-02226-4	Lmo4 Deficiency Enhances Susceptibility to Cisplatin-Induced Cochlear Apoptosis and Hearing Loss.	2021	Journal Article
31558064	10.1177/0145561319866826	Investigation of Astaxanthin Effect on Cisplatin Ototoxicity in Rats by Using Otoacoustic Emission, Total Antioxidant Capacity, and Histopathological Methods.	2021	Journal Article
33909851	10.1590/S1678-9946202163037	Treatment of mycobacteriosis in a patient with compatible symptoms after a cesarean delivery.	2021	Case Reports
33879158	10.1186/s12905-021-01313-5	Baseline audiological profiling of South African females with cervical cancer: an important attribute for assessing cisplatin-associated ototoxicity.	2021	Journal Article
33675811	10.1016/j.abb.2021.108752	Knockdown of sorcin increases HEI-OC1 cell damage induced by cisplatin in vitro.	2021	Journal Article
33631298	10.1016/j.tox.2021.152736	Tauroursodeoxycholic acid attenuates cisplatin-induced ototoxicity by inhibiting the accumulation and aggregation of unfolded or misfolded proteins in the endoplasmic reticulum.	2021	Journal Article
33854102	10.1038/s41598-021-87387-5	Regulator of G protein signaling 17 represents a novel target for treating cisplatin induced hearing loss.	2021	Journal Article
33735112	10.1172/jci.insight.145704	Identification of a series of hair-cell MET channel blockers that protect against aminoglycoside-induced ototoxicity.	2021	Journal Article
33713642	10.1016/j.bcp.2021.114513	XIAP inhibits gentamicin-induced hair cell damage and ototoxicity through the caspase-3/9 pathway.	2021	Journal Article
33652374	10.1016/j.acthis.2021.151696	Theophylline alleviates gentamicin-induced cytotoxicity to sensory hair cells by maintaining HDAC2 expression.	2021	Journal Article
33625942	10.1152/jn.00417.2020	Metformin alleviates cisplatin-induced ototoxicity by autophagy induction possibly via the AMPK/FOXO3a pathway.	2021	Journal Article
33617403	10.1080/0284186X.2021.1887514	Speech perception 30 years after cisplatin-based chemotherapy in adults: limited clinical relevance of long-term ototoxicity?	2021	Journal Article
33581749	10.1016/S2352-4642(21)00020-1	Prevalence and risk factors for cisplatin-induced hearing loss in children, adolescents, and young adults: a multi-institutional North American cohort study.	2021	Journal Article
33415542	10.1007/s10162-020-00782-z	Early Physiological and Cellular Indicators of Cisplatin-Induced Ototoxicity.	2021	Journal Article
32273476	10.3324/haematol.2019.243238	Combining brentuximab vedotin with dexamethasone, high-dose cytarabine and cisplatin as salvage treatment in relapsed or refractory Hodgkin lymphoma: the phase II HOVON/LLPC Transplant BRaVE study.	2021	Clinical Trial, Phase II
33766142	10.1186/s40463-021-00506-0	Insight into the current practice of ototoxicity monitoring during cisplatin therapy.	2021	Journal Article
33666428	10.1021/acs.jmedchem.0c01916	Design, Synthesis, and Biological Evaluation of Dexamethasone-Salvianolic Acid B Conjugates and Nanodrug Delivery against Cisplatin-Induced Hearing Loss.	2021	Journal Article
33841317	10.3389/fneur.2021.650752	Protective Effects of Deferoxamine on Vestibulotoxicity in Gentamicin-Induced Bilateral Vestibulopathy Rat Model.	2021	Journal Article
33752742	10.1186/s13059-021-02311-4	Prevention of acquired sensorineural hearing loss in mice by in vivo Htra2 gene editing.	2021	Journal Article
33577918	10.1016/j.taap.2021.115447	U0126 pretreatment inhibits cisplatin-induced apoptosis and autophagy in HEI-OC1 cells and cochlear hair cells.	2021	Journal Article
33767665	10.3389/fneur.2021.652674	Ototoxicity of Non-aminoglycoside Antibiotics.	2021	Journal Article
33476306	10.1172/jci.insight.141561	Characterization of quinoxaline derivatives for protection against iatrogenically induced hearing loss.	2021	Journal Article
34100400	10.4103/0253-7613.316948	Liposomal amphotericin B-induced reversible ototoxicity in a patient with disseminated histoplasmosis.	2021	Case Reports
33789004	10.17219/acem/133081	The protective effect of astaxanthin on cisplatin-induced ototoxicity.	2021	Journal Article
33359225	10.1016/j.jneumeth.2020.109049	Consistent removal of hair cells in vestibular end organs by time-dependent transtympanic administration of gentamicin in guinea pigs.	2021	Journal Article
33341407	10.1016/j.jcf.2020.11.020	Ototoxicity in cystic fibrosis patients receiving intravenous tobramycin for acute pulmonary exacerbation: Ototoxicity following tobramycin treatment.	2021	Journal Article
32713806	10.1016/j.jcf.2020.07.001	Prospective cohort study of ototoxicity in persons with cystic fibrosis following a single course of intravenous tobramycin.	2021	Journal Article
32147183	10.1016/j.jcf.2020.02.014	Ebselen attenuates tobramycin-induced ototoxicity in mice.	2021	Journal Article
35295154	10.3389/ftox.2021.641569	Effect of Oral Allylnitrile Administration on Cochlear Functioning in Mice Following Comparison of Different Anesthetics for Hearing Assessment.	2021	Journal Article
33679402	10.3389/fphar.2021.620741	Icariin Treatment Protects Against Gentamicin-Induced Ototoxicity via Activation of the AMPK-SIRT3 Pathway.	2021	Journal Article
33747602	10.1007/s13534-020-00181-6	Biodistribution of poly clustered superparamagnetic iron oxide nanoparticle labeled mesenchymal stem cells in aminoglycoside induced ototoxic mouse model.	2021	Journal Article
33745337	10.1177/14690667211003196	High-throughput identification and determination of aminoglycoside antibiotics in human plasma using UPLC-Q-ToF-MS.	2021	Journal Article
33478757	10.1016/j.jevs.2020.103339	Adverse Effect of Antibiotics Administration on Horse Health: An Overview.	2021	Journal Article
33307165	10.1016/j.freeradbiomed.2020.12.001	Styrene targets sensory and neural cochlear function through the crossroad between oxidative stress and inflammation.	2021	Journal Article
33181275	10.1016/j.nano.2020.102329	Intratympanic administration of alpha-lipoic acid-loaded pluronic F-127 nanoparticles ameliorates acute hearing loss.	2021	Journal Article
32221851	10.1007/s12640-020-00188-y	Effects of L-Serine Against Cisplatin-Mediated Reactive Oxygen Species Generation in Zebrafish Vestibular Tissue Culture and HEI-OC1 Auditory Hybridoma Cells.	2021	Journal Article
33567829	10.4102/sajcd.v68i1.784	Impact of drug-resistant tuberculosis treatment on hearing function in South African adults: Bedaquiline versus kanamycin.	2021	Journal Article
32703777	10.1183/13993003.02250-2020	High rifampicin-resistant TB cure rates and prevention of severe ototoxicity after replacing the injectable by linezolid in early stage of hearing loss.	2021	Journal Article
33488362	10.3389/fncel.2020.613246	Macrophages Respond Rapidly to Ototoxic Injury of Lateral Line Hair Cells but Are Not Required for Hair Cell Regeneration.	2020	Journal Article
33419229	10.3390/children8010027	All-Trans Retinoic Acid-Induced Ototoxicity during Chemotherapy in Pediatric Acute Promyelocytic Leukemia.	2021	Case Reports
33414397	10.1038/s41419-020-03328-6	Autophagy impairment as a key feature for acetaminophen-induced ototoxicity.	2021	Journal Article
33393488	10.1172/JCI142616	Atorvastatin is associated with reduced cisplatin-induced hearing loss.	2021	Clinical Trial
34344210	10.1177/20587384211034086	Sulforaphane attenuates cisplatin-induced hearing loss by inhibiting histone deacetylase expression.	2021	Journal Article
33384041	10.5588/ijtld.20.0217	Ototoxicity among multidrug-resistant TB patients: a systematic review and meta-analysis.	2021	Journal Article
33301286	10.1097/MAO.0000000000002809	Quinine in Otology and Neurotology: Ototoxicity and Historic Role in Therapy.	2021	Journal Article
33274582	10.1111/jcmm.16158	Naringin attenuates cisplatin- and aminoglycoside-induced hair cell injury in the zebrafish lateral line via multiple pathways.	2021	Journal Article
33245977	10.1016/j.taap.2020.115342	Cisplatin-induced hair cell loss in zebrafish neuromasts is accompanied by protein nitration and Lmo4 degradation.	2021	Journal Article
32761280	10.1007/s00234-020-02504-x	Labyrinthine enhancement on 3D black blood MR images of the brain as an imaging biomarker for cisplatin ototoxicity in (lung) cancer patients.	2021	Journal Article
32148178	10.1177/0896860820909702	Clofazimine in <i>Mycobacterium abscessus</i> peritonitis: A pediatric case report.	2021	Case Reports
33374326	10.3390/ijms22010113	Dose-Dependent Effects of Resveratrol on Cisplatin-Induced Hearing Loss.	2020	Journal Article
33288712	10.1073/pnas.2013065117	Dissociating antibacterial from ototoxic effects of gentamicin C-subtypes.	2020	Journal Article
33109343	10.1016/j.bbrc.2020.10.019	Ferrostatin-1 protects auditory hair cells from cisplatin-induced ototoxicity in vitro and in vivo.	2020	Journal Article
33326475	10.1371/journal.pone.0243998	Older age is a protective factor for academic achievements irrespective of treatment modalities for posterior fossa brain tumours in children.	2020	Journal Article
33268358	10.1126/sciadv.abd0561	BRAF inhibition protects against hearing loss in mice.	2020	Journal Article
33554199	10.5152/tao.2020.5714	Protective Effect of Carvacrol against Paclitaxel-Induced Ototoxicity in Rat Model.	2020	Journal Article
33415008		Systemic application of honokiol prevents cisplatin ototoxicity without compromising its antitumor effect.	2020	Journal Article
33343803	10.1155/2020/1782659	Liproxstatin-1 Protects Hair Cell-Like HEI-OC1 Cells and Cochlear Hair Cells against Neomycin Ototoxicity.	2020	Journal Article
33174043	10.3892/mmr.2020.11631	Identifying the mechanisms underlying the protective effect of tetramethylpyrazine against cisplatin‑induced in vitro ototoxicity in HEI‑OC1 auditory cells using gene expression profiling.	2020	Journal Article
33136014	10.5152/iao.2020.7761	The Protective Effect of Nigella sativa Oil against Experimentally Induced Cisplatin Ototoxicity: An Animal Study.	2020	Journal Article
33075521	10.1016/j.jgar.2020.09.030	Ototoxicity prevention during the SARS-CoV-2 (COVID-19) emergency.	2020	Journal Article
33047357	10.1002/ajim.23192	Occupational exposures to hazardous chemicals and agents among healthcare workers in Bhutan.	2020	Journal Article
32976341	10.1097/MAO.0000000000002820	Does Calcium Dobesilate Have Therapeutic Effect on Gentamicin-induced Cochlear Nerve Ototoxicity? An Experimental Study.	2020	Journal Article
32947556	10.1097/FTD.0000000000000800	Impact of Therapeutic Drug Monitoring on Once-Daily Regimen of Amikacin in Patients With Urinary Tract Infection: A Prospective Observational Study.	2020	Journal Article
32298597	10.1089/jayao.2019.0180	<i>CYP</i> Genotypes Are Associated with Toxicity and Survival in Osteosarcoma Patients.	2020	Journal Article
33234775	10.4166/kjg.2020.121	Oxaliplatin-induced Sudden Hearing Loss in a Patient with Pancreatic Cancer.	2020	Case Reports
32827639	10.1016/j.freeradbiomed.2020.07.035	Potential use of n-3 PUFAs to prevent oxidative stress-derived ototoxicity caused by platinum-based chemotherapy.	2020	Journal Article
32781170	10.1016/j.ejphar.2020.173338	Hydroxytyrosol enhances cisplatin-induced ototoxicity: Possible relation to the alteration in the activity of JNK and AIF pathways.	2020	Journal Article
33152988	10.1016/j.ijporl.2020.110401	Ototoxicity-induced hearing loss and quality of life in survivors of paediatric cancer.	2020	Journal Article
33121320	10.1080/15384047.2020.1831370	Ototoxicity in patients with invasive ductal breast cancer who were treated with docetaxel: report of two cases.	2020	Case Reports
32886425	10.1002/pbc.28647	Assessment of provider perspectives on otoprotection research for children and adolescents: A Children's Oncology Group Cancer Control and Supportive Care Committee survey.	2020	Journal Article
32858134	10.1016/j.fct.2020.111699	Curcumin as a preventive or therapeutic measure for chemotherapy and radiotherapy induced adverse reaction: A comprehensive review.	2020	Journal Article
33192313	10.3389/fncel.2020.566148	Pioglitazone Ameliorates Gentamicin Ototoxicity by Affecting the TLR and STAT Pathways in the Early Postnatal Organ of Corti.	2020	Journal Article
33342806	10.4103/jcrt.JCRT_675_19	Sildenafil enhances cisplatin-induced apoptosis in human breast adenocarcinoma cells.	2020	Journal Article
33209674	10.21037/tau-20-772	Gemcitabine maintenance versus observation after first-line chemotherapy in patients with metastatic urothelial carcinoma: a retrospective study.	2020	Journal Article
33019672	10.3390/brainsci10100697	Mast Cells in the Auditory Periphery of Rodents.	2020	Journal Article
32945421	10.3892/mmr.2020.11390	Panax notoginseng Saponins protect auditory cells against cisplatin‑induced ototoxicity by inducing the AKT/Nrf2 signaling‑mediated redox pathway.	2020	Journal Article
32939381	10.1016/j.dib.2020.106227	Association of candidate pharmacogenetic markers with platinum-induced ototoxicity: PanCareLIFE dataset.	2020	Journal Article
32929878	10.1111/jcmm.15839	Inhibition of ferroptosis protects House Ear Institute-Organ of Corti 1 cells and cochlear hair cells from cisplatin-induced ototoxicity.	2020	Journal Article
32905960	10.1016/j.ejca.2020.07.019	Usefulness of current candidate genetic markers to identify childhood cancer patients at risk for platinum-induced ototoxicity: Results of the European PanCareLIFE cohort study.	2020	Journal Article
32877949	10.1055/a-1233-3582	Saliva versus Plasma Therapeutic Drug Monitoring of Gentamicin in Jordanian Preterm Infants. Development of a Physiologically-Based Pharmacokinetic (PBPK) Model and Validation of Class II Drugs of Salivary Excretion Classification System.	2020	Comparative Study
32840016	10.1096/fj.202001236R	Circadian vulnerability of cisplatin-induced ototoxicity in the cochlea.	2020	Journal Article
32802331	10.3892/mco.2020.2105	Feasibility and efficacy of chemoradiotherapy with concurrent split-dose cisplatin after induction chemotherapy with docetaxel/cisplatin/5-fluorouracil for locally advanced head and neck cancer.	2020	Journal Article
32757852	10.1080/17425255.2020.1806235	Strategies to reduce the risk of platinum containing antineoplastic drug-induced ototoxicity.	2020	Journal Article
32568427	10.1002/ppul.24917	Effects of CFTR modulators on pharmacokinetics of tobramycin during acute pulmonary exacerbations in the pediatric cystic fibrosis population.	2020	Journal Article
32484378	10.1177/0194599820930229	Implantable Drug Reservoir Devices for Inner Ear Delivery of Pharmacotherapeutics.	2020	Journal Article
32468345	10.1007/s13181-020-00785-5	Opioid-Associated Hearing Loss: A 20-Year Review from the New Jersey Poison Center.	2020	Journal Article
32428544	10.1016/j.toxlet.2020.04.005	Nrf2 activation protects auditory hair cells from cisplatin-induced ototoxicity independent on mitochondrial ROS production.	2020	Journal Article
32157599	10.1007/s10637-020-00918-1	Phase 1 study to evaluate safety, tolerability and pharmacokinetics of a novel intra-tympanic administered thiosulfate to prevent cisplatin-induced hearing loss in cancer patients.	2020	Clinical Trial, Phase I
32046580	10.1177/1078155219901305	Toxicity, risk factors and management of cisplatin-induced toxicity: A prospective study.	2020	Journal Article
33029120	10.1155/2020/8851525	Cisplatin-Induced Stria Vascularis Damage Is Associated with Inflammation and Fibrosis.	2020	Journal Article
32957416	10.1097/MD.0000000000022376	Adverse reactions of vancomycin in humans: A protocol for meta-analysis.	2020	Journal Article
33196041	10.1093/noajnl/vdaa122	Risk factors associated with tinnitus in 2948 Dutch survivors of childhood cancer: a Dutch LATER questionnaire study.	2020	Journal Article
32768772	10.1016/j.heares.2020.108019	Chloroquine kills hair cells in zebrafish lateral line and murine cochlear cultures: Implications for ototoxicity.	2020	Journal Article
32953108	10.1177/2049936120952604	Plazomicin: a new aminoglycoside in the fight against antimicrobial resistance.	2020	Journal Article
32877437	10.1371/journal.pone.0237948	Potentiating aminoglycoside antibiotics to reduce their toxic side effects.	2020	Journal Article
36090148	10.1007/s40136-020-00300-y	Advances in Inner Ear Therapeutics for Hearing Loss in Children.	2020	Journal Article
33034840	10.1007/s11060-020-03642-1	Long term toxicity of intracranial germ cell tumor treatment in adolescents and young adults.	2020	Journal Article
32729886	10.1001/jamaoncol.2020.2822	Association of Hearing Impairment With Neurocognition in Survivors of Childhood Cancer.	2020	Journal Article
32658832	10.1016/j.carres.2020.108058	Chemical modifications of G418 (geneticin): Synthesis of novel readthrough aminoglycosides results in an improved in vitro safety window but no improvements in vivo.	2020	Journal Article
32358651	10.1007/s00405-020-06003-w	Clinical trials evaluating transtympanic otoprotectants for cisplatin-induced ototoxicity: what do we know so far?	2020	Journal Article
32065408	10.1002/lary.28543	The Relationship Between Cisplatin-related and Age-related Hearing Loss During an Extended Follow-up.	2020	Journal Article
31755556	10.1111/jnc.14921	Combination of antioxidants and NFAT (nuclear factor of activated T cells) inhibitor protects auditory hair cells from ototoxic insult.	2020	Journal Article
31122882	10.1016/j.bjorl.2019.02.007	Ototoxicity of cypermethrin in Wistar rats.	2020	Journal Article
32866193	10.1371/journal.pone.0238016	Injectables' key role in rifampicin-resistant tuberculosis shorter treatment regimen outcomes.	2020	Journal Article
32885073	10.1016/j.heliyon.2020.e04708	The effect of some natural antioxidants against cisplatin-induced neurotoxicity in rats: behavioral testing.	2020	Journal Article
32748834	10.3390/antiox9080686	Protective Effects of Glucose-Related Protein 78 and 94 on Cisplatin-Mediated Ototoxicity.	2020	Journal Article
32894392	10.1007/s10517-020-04908-4	Otoprotective Effect of Cortexin, Cogitum, and Elkar Administered Simultaneously with Netromycin in the Experiment.	2020	Journal Article
32865065	10.1177/0300060520951393	Antioxidant effect of acetyl-l-carnitine against cisplatin-induced cardiotoxicity.	2020	Journal Article
32767320	10.26355/eurrev_202008_22477	Drugs inducing hearing loss, tinnitus, dizziness and vertigo: an updated guide.	2020	Journal Article
32626955	10.3892/ijmm.2020.4633	Ursolic acid protects against cisplatin‑induced ototoxicity by inhibiting oxidative stress and TRPV1‑mediated Ca2+‑signaling.	2020	Journal Article
32593214	10.1002/term.3089	Exosomes derived from mouse inner ear stem cells attenuate gentamicin-induced ototoxicity in vitro through the miR-182-5p/FOXO3 axis.	2020	Journal Article
32583132	10.1007/s10162-020-00759-y	Ototoxicity and Platinum Uptake Following Cyclic Administration of Platinum-Based Chemotherapeutic Agents.	2020	Comparative Study
32464660	10.1093/jac/dkaa156	Vancomycin-induced ototoxicity in very-low-birthweight infants.	2020	Journal Article
32421442	10.1200/JCO.19.01067	Outcome and Late Complications of Hepatoblastomas Treated Using the Japanese Study Group for Pediatric Liver Tumor 2 Protocol.	2020	Journal Article
32848624	10.3389/fncel.2020.00234	Berbamine Analogs Exhibit Differential Protective Effects From Aminoglycoside-Induced Hair Cell Death.	2020	Journal Article
32850822	10.3389/fcell.2020.00702	Dihydromyricetin Protects Against Gentamicin-Induced Ototoxicity via PGC-1α/SIRT3 Signaling <i>in vitro</i>.	2020	Journal Article
32722679	10.1371/journal.pone.0228429	Pterostilbene protects cochlea from ototoxicity in streptozotocin-induced diabetic rats by inhibiting apoptosis.	2020	Journal Article
32720645	10.7554/eLife.56235	The identification of dual protective agents against cisplatin-induced oto- and nephrotoxicity using the zebrafish model.	2020	Journal Article
32464263	10.1016/j.neulet.2020.135089	Caspase inhibitor z-VAD-FMK increases the survival of hair cells after Actinomycin-D-induced damage in vitro.	2020	Journal Article
32640539	10.3390/molecules25133070	Otoprotective Effect of 2,3,4',5-Tetrahydroxystilbene-2-<i>O</i>-β-d-Glucoside on Gentamicin-Induced Apoptosis in Mouse Cochlear UB/OC-2 Cells.	2020	Journal Article
32719605	10.3389/fphar.2020.00999	Current Strategies to Combat Cisplatin-Induced Ototoxicity.	2020	Journal Article
32774508	10.1055/s-0040-1714142	Chloroquine and COVID-19: Should We Care about Ototoxicity?	2020	Journal Article
32711445	10.31557/APJCP.2020.21.7.2155	Amelioration of Cisplatin-Induced Ototoxicity in Rats by L-arginine: The Role of Nitric Oxide, Transforming Growth Factor Beta 1 and Nrf2/HO-1 Pathway.	2020	Journal Article
32628088	10.1177/1010428320938494	<i>FAS</i> and <i>FASL</i> variations in outcomes of tobacco- and alcohol-related head and neck squamous cell carcinoma patients.	2020	Journal Article
32541270	10.1097/SCS.0000000000006645	The Protective Effect of Platelet Rich Plasma Against Cisplatin-Induced Ototoxicity.	2020	Journal Article
32435918	10.1007/s00109-020-01921-y	GSTM1 null and GSTT1 null: predictors of cisplatin-caused acute ototoxicity measured by DPOAEs.	2020	Journal Article
32413439	10.1016/j.neuro.2020.04.005	The monofunctional platinum(II) compounds, phenanthriplatin and pyriplatin, modulate apoptosis signaling pathways in HEI-OC1 auditory hybridoma cells.	2020	Journal Article
32290759	10.1177/0049475520917236	Acquired auditory neuropathy spectrum disorder after malaria treated with quinine.	2020	Journal Article
32236973	10.1002/ajim.23108	The estimated prevalence of exposure to carcinogens, asthmagens, and ototoxic agents among healthcare workers in Australia.	2020	Journal Article
32560052	10.3390/jcm9061873	Course of Adverse Events during Short Treatment Regimen in Patients with Rifampicin-Resistant Tuberculosis in Burundi.	2020	Journal Article
32503640	10.1186/s40463-020-00432-7	Brain-derived nerve growth factor in the cochlea - a reproducibility study.	2020	Journal Article
32443117	10.1097/01.NAJ.0000668712.38501.b6	Prevention of Platinum-Induced Hearing Loss in Children with Cancer.	2020	Journal Article
32351026	10.1111/jcmm.15345	Salvianolic acid B inhibits ototoxic drug-induced ototoxicity by suppression of the mitochondrial apoptosis pathway.	2020	Journal Article
32259317	10.1002/phar.2399	Exploring the Relationship between FEV<sub>1</sub> Loss and Recovery and Aminoglycoside Pharmacokinetics in Adult Patients with Cystic Fibrosis: Implications for Clinical Dosing Strategies.	2020	Journal Article
32203888	10.1016/j.biopha.2020.110068	KL1333, a derivative of β-lapachone, protects against cisplatin-induced ototoxicity in mouse cochlear cultures.	2020	Journal Article
31937930	10.1038/s41401-019-0342-5	Mechanisms and pharmacokinetic/pharmacodynamic profiles underlying the low nephrotoxicity and ototoxicity of etimicin.	2020	Journal Article
31912913	10.1111/fcp.12533	Drug-induced hearing loss: a case/non-case study in the French pharmacovigilance database.	2020	Journal Article
31794686	10.1089/jayao.2019.0118	Carboplatin Use in Pregnancy for Stage IB3 Cervical Cancer: Case Report and Review of the Literature.	2020	Case Reports
32574312	10.3389/fpubh.2020.00252	Clinical Implications of Chloroquine and Hydroxychloroquine Ototoxicity for COVID-19 Treatment: A Mini-Review.	2020	Journal Article
32278025	10.1016/j.neulet.2020.134948	Apelin protects auditory cells from cisplatin-induced toxicity in vitro by inhibiting ROS and apoptosis.	2020	Journal Article
32501032	10.4102/sajcd.v67i1.685	Perspectives and practices of ototoxicity monitoring.	2020	Journal Article
32429551	10.3390/cancers12051266	Assessment and Management of Platinum-Related Ototoxicity in Children Treated for Cancer.	2020	Journal Article
32429117	10.3390/ijms21103503	Otoprotective Effects of Zingerone on Cisplatin-Induced Ototoxicity.	2020	Journal Article
32343899	10.1021/acs.orglett.0c01107	Synthesis of Gentamicin Minor Components: Gentamicin B1 and Gentamicin X2.	2020	Journal Article
32393745	10.1038/s41419-020-2551-8	Cisplatin-induced ototoxicity in organotypic cochlear cultures occurs independent of gap junctional intercellular communication.	2020	Journal Article
32596174	10.22038/ijorl.2019.41914.2368	A Dose-Effect Study of Cisplatin Ototoxicity in Albino Guinea Pigs.	2020	Journal Article
32355945	10.1039/d0fo00469c	Red ginseng protects against cisplatin-induced intestinal toxicity by inhibiting apoptosis and autophagy via the PI3K/AKT and MAPK signaling pathways.	2020	Journal Article
32310224	10.1172/JCI135710	Exosome-mediated protection of auditory hair cells from ototoxic insults.	2020	Journal Article
32269613	10.3892/ol.2020.11447	Ototoxicity after platinum-based chemotherapy in the treatment of melanotic neuroectodermal tumour of infancy.	2020	Journal Article
32186941	10.1089/jmf.2019.4542	<i>Sesamum indicum</i> L. Oil and Sesamin Induce Auditory-Protective Effects Through Changes in Hearing Loss-Related Gene Expression.	2020	Journal Article
32173603	10.1016/j.ejpb.2020.03.005	Intratympanic application of poloxamer 407 hydrogels results in sustained N-acetylcysteine delivery to the inner ear.	2020	Comparative Study
32027617	10.1172/JCI128867	Exosomes mediate sensory hair cell protection in the inner ear.	2020	Journal Article
32326261	10.3390/pharmacy8020070	Glycopeptide Hypersensitivity and Adverse Reactions.	2020	Journal Article
32192565	10.4140/TCP.n.2020.162	Amikacin Liposome Inhalation Suspension for <i>Mycobacterium avium</i> Complex Lung Disease.	2020	Journal Article
32152768	10.1007/s10162-020-00746-3	Systemic Fluorescent Gentamicin Enters Neonatal Mouse Hair Cells Predominantly Through Sensory Mechanoelectrical Transduction Channels.	2020	Journal Article
32105765	10.1016/j.neulet.2020.134861	miR-182 prevented ototoxic deafness induced by co-administration of kanamycin and furosemide in rats.	2020	Journal Article
32062294	10.1016/j.heares.2020.107905	Lovastatin protects against cisplatin-induced hearing loss in mice.	2020	Journal Article
32062293	10.1016/j.heares.2020.107908	Functional magnetic resonance imaging of enhanced central auditory gain and electrophysiological correlates in a behavioral model of hyperacusis.	2020	Journal Article
32037720	10.1002/1878-0261.12648	Diphenhydramine increases the therapeutic window for platinum drugs by simultaneously sensitizing tumor cells and protecting normal cells.	2020	Journal Article
31666714	10.1038/s41397-019-0113-1	Genetic variation of cisplatin-induced ototoxicity in non-cranial-irradiated pediatric patients using a candidate gene approach: The International PanCareLIFE Study.	2020	Journal Article
32235401	10.3390/nu12040947	Protective Mechanisms of Avocado Oil Extract Against Ototoxicity.	2020	Journal Article
32192504	10.1186/s12951-020-00600-x	Astaxanthin-loaded polymer-lipid hybrid nanoparticles (ATX-LPN): assessment of potential otoprotective effects.	2020	Journal Article
32006874	10.1016/j.heares.2020.107893	The expression of copper transporters associated with the ototoxicity induced by platinum-based chemotherapeutic agents.	2020	Comparative Study
32626588	10.1093/nop/npz043	Carboplatin-based regimen in pediatric intracranial germ-cell tumors (IC-GCTs): effectiveness and ototoxicity.	2020	Journal Article
31997155	10.1007/s12640-020-00170-8	Some Ototoxic Drugs Destroy Cochlear Support Cells Before Damaging Sensory Hair Cells.	2020	Journal Article
31911334	10.1016/j.heares.2019.107878	Cisplatin-induced threshold shift in the CBA/CaJ, C57BL/6J, BALB/cJ mouse models of hearing loss.	2020	Comparative Study
31739701	10.1080/14992027.2019.1690170	Pharmacokinetics and other risk factors for kanamycin-induced hearing loss in patients with multi-drug resistant tuberculosis.	2020	Journal Article
30797727	10.1016/j.bjorl.2018.11.008	Use of scanning electron microscopy in the cochlea of guinea pigs.	2020	Journal Article
31830441	10.1016/j.abb.2019.108224	Pou4f3 gene mutation promotes autophagy and apoptosis of cochlear hair cells in cisplatin-induced deafness mice.	2020	Journal Article
31282945	10.1093/gerona/glz166	The Contribution of Ototoxic Medications to Hearing Loss Among Older Adults.	2020	Journal Article
31958945	10.1021/jacs.9b12420	Chemical Modifications Reduce Auditory Cell Damage Induced by Aminoglycoside Antibiotics.	2020	Journal Article
32116554	10.3389/fncel.2019.00590	Blebbistatin Inhibits Neomycin-Induced Apoptosis in Hair Cell-Like HEI-OC-1 Cells and in Cochlear Hair Cells.	2019	Journal Article
32206579	10.21037/tp.2019.09.10	Neurodevelopmental outcomes of preterm infants: a recent literature review.	2020	Journal Article
31978392	10.1016/j.cbi.2020.108961	Enolate-forming compounds provide protection from platinum neurotoxicity.	2020	Journal Article
31891754	10.1016/j.fct.2019.111079	Overview of cisplatin-induced neurotoxicity and ototoxicity, and the protective agents.	2020	Journal Article
31866182	10.1016/S2352-4642(19)30336-0	Prevention of cisplatin-induced ototoxicity in children and adolescents with cancer: a clinical practice guideline.	2020	Journal Article
31812471	10.1016/j.yexcr.2019.111755	The preparation of dexamethasone sodium phosphate multivesicular liposomes thermosensative hydrogel and its impact on noise-induced hearing loss in the Guinea pigs.	2020	Journal Article
31750863	10.1001/jamaoto.2019.3550	Predicting Hearing Loss After Radiotherapy and Cisplatin Chemotherapy in Patients With Head and Neck Cancer.	2020	Journal Article
29969081	10.6002/ect.2017.0114	Sensorineural Deafness Following Tacrolimus Use.	2020	Case Reports
32012778	10.3390/antiox9020112	Outcomes of Peptide Vaccine GV1001 Treatment in a Murine Model of Acute Noise-Induced Hearing Loss.	2020	Journal Article
31974389	10.1038/s41598-020-57965-0	The dual role of curcumin and ferulic acid in counteracting chemoresistance and cisplatin-induced ototoxicity.	2020	Journal Article
31961948	10.1002/14651858.CD010885.pub5	Different infusion durations for preventing platinum-induced hearing loss in children with cancer.	2020	Journal Article
31952197	10.3390/cancers12010211	Sphingosine 1-Phosphate Receptor 2 Induces Otoprotective Responses to Cisplatin Treatment.	2020	Journal Article
33084473	10.1177/2058738420959554	Use of zebrafish larvae lateral line to study protection against cisplatin-induced ototoxicity: A scoping review.	2020	Journal Article
32369826	10.1159/000506796	Telmisartan Protects Auditory Hair Cells from Gentamicin-Induced Toxicity in vitro.	2020	Journal Article
31929833	10.1055/s-0039-1698782	Otoprotection Mechanisms Against Oxidative Stress Caused by Cisplatin.	2020	Journal Article
31903111	10.7150/thno.37362	Inhibition of Protein arginine methyltransferase 6 reduces reactive oxygen species production and attenuates aminoglycoside- and cisplatin-induced hair cell death.	2020	Journal Article
31838466	10.1159/000503133	Synergistic Ototoxicity of Gentamicin and Low-Dose Irradiation: Molecular Basis and Clinical Significance.	2020	Journal Article
31765645	10.1016/j.mad.2019.111191	Increased oxidative stress, inflammation, and glutamate: Potential preventive and therapeutic targets for hearing disorders.	2020	Journal Article
31746818	10.1097/MAO.0000000000002417	Intratympanic Diltiazem-Chitosan Hydrogel as an Otoprotectant Against Cisplatin-Induced Ototoxicity in a Mouse Model.	2020	Journal Article
31688641	10.1097/MPH.0000000000001637	Platinum-drugs Ototoxicity in Pediatric Patients With Brain Tumors: A 10-Year Review.	2020	Clinical Trial
31589904	10.1016/j.neulet.2019.134536	Electrophysiological characterization of acutely isolated spiral ganglion neurons in neonatal and mature sonic hedgehog knock-in mice.	2020	Journal Article
31568132	10.1097/MAO.0000000000002447	Toll-like Receptor 4 Signaling and Downstream Neutrophilic Inflammation Mediate Endotoxemia-Enhanced Blood-Labyrinth Barrier Trafficking.	2020	Journal Article
31494228	10.1016/j.bbmt.2019.08.028	Prevalence of Ototoxicity Following Hematopoietic Stem Cell Transplantation in Pediatric Patients.	2020	Clinical Trial
30268784	10.1016/j.bjorl.2018.08.002	Protective effect of N-acetylcysteine against cisplatin ototoxicity in rats: a study with hearing tests and scanning electron microscopy.	2020	Journal Article
31848399	10.1038/s41598-019-55711-9	Enhanced mitochondrial membrane potential and ATP synthesis by photobiomodulation increases viability of the auditory cell line after gentamicin-induced intrinsic apoptosis.	2019	Journal Article
31670428	10.1111/vde.12795	Antibacterial effect of N-acetylcysteine in combination with antimicrobials on common canine otitis externa bacterial isolates.	2019	Journal Article
31586226	10.1007/s00280-019-03968-2	Cisplatin ototoxicity in children: risk factors and its relationship with polymorphisms of DNA repair genes ERCC1, ERCC2, and XRCC1.	2019	Journal Article
31531774	10.1007/s00405-019-05635-x	Comparison of the protective efficacy between intratympanic dexamethasone and resveratrol treatments against cisplatin-induced ototoxicity: an experimental study.	2019	Comparative Study
31482417	10.1007/s10096-019-03689-7	The evaluation of the appropriate gentamicin use for preterm infants.	2019	Journal Article
31473143	10.1016/j.molmed.2019.08.002	Cisplatin-Induced Ototoxicity: Updates on Molecular Targets.	2019	Journal Article
31814894		Cisplatin induces calcium ion accumulation and hearing loss by causing functional alterations in calcium channels and exocytosis.	2019	Journal Article
31718024	10.3390/cancers11111777	Health Status in Long-Term Survivors of Hepatoblastoma.	2019	Journal Article
31781632	10.1155/2019/6407210	P38 Signal Transduction Pathway Has More Cofactors on Apoptosis of SGC-7901 Gastric Cancer Cells Induced by Combination of Rutin and Oxaliplatin.	2019	Journal Article
31781229	10.1155/2019/4367240	Evidence Supporting the Hypothesis That Inflammation-Induced Vasospasm Is Involved in the Pathogenesis of Acquired Sensorineural Hearing Loss.	2019	Journal Article
31780893	10.3389/fnmol.2019.00264	Pre-treatment With Fasudil Prevents Neomycin-Induced Hair Cell Damage by Reducing the Accumulation of Reactive Oxygen Species.	2019	Journal Article
31694678	10.1186/s13011-019-0236-z	Methadone associated long term hearing loss and nephrotoxicity; a case report and literature review.	2019	Case Reports
31693679	10.1371/journal.pone.0224561	Long-term vancomycin use had low risk of ototoxicity.	2019	Journal Article
31750151	10.1007/s12070-018-1266-y	Evaluating Hearing Loss in Patients Undergoing Second Line Anti Tubercular Treatment.	2019	Journal Article
31545660	10.1080/14992027.2019.1660918	Cancer survivors treated with platinum-based chemotherapy affected by ototoxicity and the impact on quality of life: a narrative synthesis systematic review.	2019	Journal Article
31041655	10.1007/s12035-019-1598-y	Downregulated UCHL1 Accelerates Gentamicin-Induced Auditory Cell Death via Autophagy.	2019	Journal Article
30559254	10.1101/cshperspect.a033548	Aminoglycoside- and Cisplatin-Induced Ototoxicity: Mechanisms and Otoprotective Strategies.	2019	Journal Article
30126770	10.1016/j.bjorl.2018.07.007	The effectiveness of eugenol against cisplatin-induced ototoxicity.	2019	Journal Article
31671767	10.3390/molecules24213889	Anti-Cancer and Ototoxicity Characteristics of the Curcuminoids, CLEFMA and EF24, in Combination with Cisplatin.	2019	Journal Article
31622366	10.1371/journal.pone.0223308	Switching to bedaquiline for treatment of rifampicin-resistant tuberculosis in South Africa: A retrospective cohort analysis.	2019	Journal Article
31647151	10.1111/jns.12335	Platinum-induced peripheral neurotoxicity: From pathogenesis to treatment.	2019	Journal Article
31236744	10.1007/s10162-019-00717-3	Rapamycin Protects Spiral Ganglion Neurons from Gentamicin-Induced Degeneration In Vitro.	2019	Journal Article
31220555	10.1016/j.toxlet.2019.05.025	Enhancing autophagy by down-regulating GSK-3β alleviates cisplatin-induced ototoxicity in vivo and in vitro.	2019	Journal Article
31540035	10.3390/jcm8091464	Solid Lipid Nanoparticles Loaded with Glucocorticoids Protect Auditory Cells from Cisplatin-Induced Ototoxicity.	2019	Journal Article
31572129	10.3389/fncel.2019.00416	Gentamicin Affects the Bioenergetics of Isolated Mitochondria and Collapses the Mitochondrial Membrane Potential in Cochlear Sensory Hair Cells.	2019	Journal Article
31515474	10.1038/s41467-019-12073-0	GSTA4 mediates reduction of cisplatin ototoxicity in female mice.	2019	Journal Article
31551715	10.3389/fncel.2019.00406	Poly (ADP-Ribose) Polymerase-1 (PARP1) Deficiency and Pharmacological Inhibition by Pirenzepine Protects From Cisplatin-Induced Ototoxicity Without Affecting Antitumor Efficacy.	2019	Journal Article
31311369	10.1080/00016489.2019.1637935	Gentamicin vestibulotoxicity with modern systemic dosing regimens: a prospective study using video-oculography.	2019	Journal Article
31467369	10.1038/s41598-019-48393-w	Drug-induced Stress Granule Formation Protects Sensory Hair Cells in Mouse Cochlear Explants During Ototoxicity.	2019	Journal Article
31507579	10.3389/fmicb.2019.01977	Clinical Efficacy and Adverse Effects of Antibiotics Used to Treat <i>Mycobacterium abscessus</i> Pulmonary Disease.	2019	Journal Article
31353895	10.1021/acs.chemrestox.9b00204	Advances in Toxicological Research of the Anticancer Drug Cisplatin.	2019	Journal Article
31240907	10.1021/acs.chemrestox.9b00097	GMDTC Chelating Agent Attenuates Cisplatin-Induced Systemic Toxicity without Affecting Antitumor Efficacy.	2019	Journal Article
31391343	10.1172/jci.insight.126764	ORC-13661 protects sensory hair cells from aminoglycoside and cisplatin ototoxicity.	2019	Journal Article
31347504	10.5152/iao.2019.6208	Effect of Folic Acid on Cisplatin-Induced Ototoxicity: A Functional and Morphological Study.	2019	Journal Article
31316607	10.3892/etm.2019.7687	Functional and morphological analysis of different aminoglycoside treatment regimens inducing hearing loss in mice.	2019	Journal Article
31287434	10.5152/iao.2019.5902	Assessment of the Effectiveness of Quercetin on Cisplatin-Induced Ototoxicity in Rats.	2019	Journal Article
31256211	10.1007/s00204-019-02507-5	Cisplatin-induced ototoxicity involves interaction of PRMT3 and cannabinoid system.	2019	Journal Article
31207045	10.1111/jcmm.14379	Paeoniflorin protects spiral ganglion neurons from cisplatin-induced ototoxicity: Possible relation to PINK1/BAD pathway.	2019	Journal Article
31160205	10.1016/S2352-4642(19)30115-4	Interventions for cisplatin-induced hearing loss in children and adolescents with cancer.	2019	Journal Article
31135681	10.1097/MAO.0000000000002288	EPO Attenuates Cisplatin-Induced Ototoxicity in HEI-OC1 Auditory Cell Via the Nrf2-ARE Signaling Pathway.	2019	Journal Article
31115123	10.1002/jbt.22349	Has vitamin E any shreds of evidence in cisplatin-induced toxicity.	2019	Journal Article
31078568	10.1016/j.yexcr.2019.05.008	Inhibition of protein nitration prevents cisplatin-induced inactivation of STAT3 and promotes anti-apoptotic signaling in organ of Corti cells.	2019	Journal Article
31021006	10.1002/jat.3806	Baicalin attenuates gentamicin-induced cochlear hair cell ototoxicity.	2019	Journal Article
31012503	10.1002/cpt.1483	Pharmacogenomics of Cisplatin-Induced Ototoxicity: Successes, Shortcomings, and Future Avenues of Research.	2019	Journal Article
31091460	10.1016/j.neulet.2019.05.019	Inhibition of DHCR24 increases the cisplatin-induced damage to cochlear hair cells in vitro.	2019	Journal Article
31301169	10.18632/aging.102084	Tea polyphenol protects against cisplatin-induced meiotic defects in porcine oocytes.	2019	Journal Article
31302624	10.1136/bcr-2019-230251	Ototoxicity, a rare but reversible adverse effect of a commonly used antimicrobial agent.	2019	Case Reports
31338024	10.3389/fncel.2019.00300	Local Drug Delivery for Prevention of Hearing Loss.	2019	Journal Article
31312524	10.1038/s41420-019-0195-1	Avenanthramide-C prevents noise- and drug-induced hearing loss while protecting auditory hair cells from oxidative stress.	2019	Journal Article
31267026	10.1038/s41598-019-45964-9	Oral Administration of Caffeine Exacerbates Cisplatin-Induced Hearing Loss.	2019	Journal Article
31360245	10.1055/s-0038-1676654	The Effects of Riluzole on Cisplatin-induced Ototoxicity.	2019	Journal Article
31220989	10.1177/1091581819851232	Predicting the Need for a Tier II Ototoxicity Study From Early Renal Function Data.	2019	Journal Article
30978472	10.1016/j.ijporl.2019.04.004	Levosimendan ameliorates cisplatin-induced ototoxicity: Rat model.	2019	Journal Article
30974336	10.1016/j.ijporl.2019.04.003	Dexamethasone-loaded chitosan-based genipin-cross-linked hydrogel for prevention of cisplatin induced ototoxicity in Guinea pig model.	2019	Journal Article
30952644	10.1158/1078-0432.CCR-18-3179	Clinical and Genome-wide Analysis of Cisplatin-induced Tinnitus Implicates Novel Ototoxic Mechanisms.	2019	Journal Article
31249357	10.1038/s41598-019-45808-6	GSTM1, GSTT1 and GSTP1 Ile105Val polymorphisms in outcomes of head and neck squamous cell carcinoma patients treated with cisplatin chemoradiation.	2019	Journal Article
31293387	10.3389/fncel.2019.00268	Middle Ear Administration of a Particulate Chitosan Gel in an <i>in vivo</i> Model of Cisplatin Ototoxicity.	2019	Journal Article
31239676	10.2147/IJN.S195336	Dexamethasone-loaded injectable silk-polyethylene glycol hydrogel alleviates cisplatin-induced ototoxicity.	2019	Journal Article
31159865	10.1186/s40360-019-0302-1	Safety and effectiveness of low-dose amikacin in nontuberculous mycobacterial pulmonary disease treated in Toronto, Canada.	2019	Journal Article
31243682	10.1007/s10517-019-04502-3	Effects of Cocarboxylase in Amikacin-Induced Ototoxicity in Immature Animals.	2019	Journal Article
31092034	10.1177/0003489419837689	Involvement of TNF-α and IFN-γ in Inflammation-Mediated Cochlear Injury.	2019	Journal Article
30993373	10.1007/s00106-019-0663-1	Pharmacological intervention in the field of ototoxicity.	2019	Journal Article
30981948	10.1016/j.heares.2019.03.019	In vivo transcranial flavoprotein autofluorescence imaging of tonotopic map reorganization in the mouse auditory cortex with impaired auditory periphery.	2019	Journal Article
30913504	10.1016/j.ijporl.2019.03.021	Prevention of cisplatin-induced hearing loss by extended release fluticasone propionate intracochlear implants.	2019	Journal Article
30878773	10.1016/j.heares.2019.03.002	Glucococorticoid receptor activation exacerbates aminoglycoside-induced damage to the zebrafish lateral line.	2019	Journal Article
31122273	10.1186/s40360-019-0313-y	Nephrotoxicity and ototoxic symptoms of injectable second-line anti-tubercular drugs among patients treated for MDR-TB in Ethiopia: a retrospective cohort study.	2019	Journal Article
30991372	10.1088/1748-605X/ab1a04	Chitosan/montmorillonite composite nanospheres for sustained antibiotic delivery at post-implantation bone infection treatment.	2019	Journal Article
31156393	10.3389/fncel.2019.00207	Purinergic Signaling and Aminoglycoside Ototoxicity: The Opposing Roles of P1 (Adenosine) and P2 (ATP) Receptors on Cochlear Hair Cell Survival.	2019	Journal Article
31063591	10.1002/14651858.CD009219.pub5	Medical interventions for the prevention of platinum-induced hearing loss in children with cancer.	2019	Journal Article
31052605	10.3390/cells8050409	Cisplatin-Induced Ototoxicity in Rats Is Driven by RIP3-Dependent Necroptosis.	2019	Journal Article
31097073	10.5588/ijtld.17.0871	Short-course treatment outcomes and adverse events in adults and children-adolescents with MDR-TB in Niger.	2019	Journal Article
31092439	10.21873/anticanres.13364	Protective Effect of Melatonin on Cisplatin-induced Ototoxicity in Rats.	2019	Journal Article
31036996	10.1055/s-0039-1684048	Mechanisms of Cisplatin-Induced Ototoxicity and Prevention.	2019	Journal Article
31036993	10.1055/s-0039-1684045	Otoprotectants: From Research to Clinical Application.	2019	Journal Article
31036989	10.1055/s-0039-1684041	A Review of Cisplatin-Associated Ototoxicity.	2019	Journal Article
31036988	10.1055/s-0039-1684040	Common Aminoglycosides and Platinum-Based Ototoxic Drugs: Cochlear/Vestibular Side Effects and Incidence.	2019	Journal Article
30975630	10.1016/S1470-2045(18)30895-7	Minimal adjuvant chemotherapy for children with hepatoblastoma resected at diagnosis (AHEP0731): a Children's Oncology Group, multicentre, phase 3 trial.	2019	Clinical Trial, Phase III
30910434	10.1016/j.amjoto.2019.03.012	Vestibulotoxicity in a patient without renal failure after inhaled tobramycin.	2019	Case Reports
30820888	10.1007/s12640-019-0006-8	Salicylate-Induced Ototoxicity of Spiral Ganglion Neurons: Ca<sup>2+</sup>/CaMKII-Mediated Interaction Between NMDA Receptor and GABA<sub>A</sub> Receptor.	2019	Journal Article
30753979	10.1016/j.ijporl.2019.02.001	The protective role of ferulic acid against cisplatin-induced ototoxicity.	2019	Journal Article
30738797	10.1016/j.bcp.2019.02.006	AMPK: A promising molecular target for combating cisplatin toxicities.	2019	Journal Article
30361796	10.1007/s12094-018-1964-7	Contribution of the GSTP1 c.313A>G variant to hearing loss risk in patients exposed to platin chemotherapy during childhood.	2019	Journal Article
30360042	10.21053/ceo.2018.00983	Effect of Ginkgo Biloba Extract on N-Methyl-D-Aspartic Acid Receptor Subunit 2B Expression in a Salicylate-Induced Ototoxicity Model.	2019	Journal Article
29673779	10.1016/j.bjorl.2018.03.001	Protective effect of gallic acid against cisplatin-induced ototoxicity in rats.	2019	Journal Article
31022870	10.3390/antiox8040109	Mitochondria-Targeted Antioxidants for Treatment of Hearing Loss: A Systematic Review.	2019	Journal Article
31010222	10.3390/md17040235	C-phycocyanin from <i>Limnothrix</i> Species KNUA002 Alleviates Cisplatin-Induced Ototoxicity by Blocking the Mitochondrial Apoptotic Pathway in Auditory Cells.	2019	Journal Article
30893980	10.3906/sag-1710-135	Audiometric threshold shifts after total knee arthroplasty by using gentamicin-loaded bone cement.	2019	Journal Article
30999660	10.3390/cancers11040551	Genetic Variants as Predictive Markers for Ototoxicity and Nephrotoxicity in Patients with Locally Advanced Head and Neck Cancer Treated with Cisplatin-Containing Chemoradiotherapy (The PRONE Study).	2019	Journal Article
30868909	10.20960/nh.2193	Association between food insecurity and perinatal risk factors with hearing problems in preterm birth.	2019	Journal Article
30733218	10.1523/JNEUROSCI.1384-18.2019	Necroptosis and Apoptosis Contribute to Cisplatin and Aminoglycoside Ototoxicity.	2019	Journal Article
31151497	10.1016/j.ijtb.2019.04.007	Second-line injectable induced ototoxicity in drug resistant tuberculosis: A systematic review of Indian studies.	2019	Journal Article
30831441	10.1016/j.pharep.2019.01.002	Vitamin C alleviates ototoxic effect caused by coadministration of amikacin and furosemide.	2019	Journal Article
30827780	10.1016/j.heares.2019.02.006	An optimized, clinically relevant mouse model of cisplatin-induced ototoxicity.	2019	Journal Article
30727719	10.7874/jao.2018.00255	ROS Scavenger, Ebselen, Has No Preventive Effect in New Hearing Loss Model Using a Cholesterol-Chelating Agent.	2019	Journal Article
30654088	10.1016/j.tiv.2019.01.008	Ascorbic acid prevents chloroquine-induced toxicity in inner glial cells.	2019	Journal Article
30541727	10.5152/iao.2018.5489	Auditory and Histopathological Effects of Topical Mercurochrome Treatment in Rats with Tympanic Membrane Perforation.	2019	Journal Article
30489485	10.1097/PCC.0000000000001807	Avoiding Furosemide Ototoxicity Associated With Single-Ventricle Repair in Young Infants.	2019	Journal Article
30690105	10.1016/j.jconrel.2019.01.032	A nanoliter resolution implantable micropump for murine inner ear drug delivery.	2019	Comparative Study
30888333	10.2196/11868	Genetic Determinants of Ototoxicity During and After Childhood Cancer Treatment: Protocol for the PanCareLIFE Study.	2019	Journal Article
30972166		Fetal bovine serum inhibits neomycin-induced apoptosis of hair cell-like HEI-OC-1 cells by maintaining mitochondrial function.	2019	Journal Article
30858408	10.1038/s41598-019-40425-9	Capsaicin Protects Against Cisplatin Ototoxicity by Changing the STAT3/STAT1 Ratio and Activating Cannabinoid (CB2) Receptors in the Cochlea.	2019	Journal Article
30837596	10.1038/s41598-019-40138-z	The genetic vulnerability to cisplatin ototoxicity: a systematic review.	2019	Journal Article
30496017	10.1080/09553002.2019.1547847	Role of N-acetyl cysteine and acetyl-l-carnitine combination treatment on DNA-damage-related genes induced by radiation in HEI-OC1 cells.	2019	Journal Article
30452777	10.1002/jcph.1336	Analyses of Adverse Drug Reactions-Nationwide Active Surveillance Network: Canadian Pharmacogenomics Network for Drug Safety Database.	2019	Journal Article
30317595	10.1002/jcp.27545	Isolation, cultivation, and characterization of primary bovine cochlear pericytes: A new in vitro model of stria vascularis.	2019	Journal Article
30264291	10.1007/s11010-018-3446-1	Ellagic acid ameliorates cisplatin toxicity in chemically induced colon carcinogenesis.	2019	Journal Article
30095690	10.1097/MPH.0000000000001282	Cisplatin-induced Ototoxicity in Children With Solid Tumor.	2019	Clinical Trial
30787404	10.1038/s41598-019-38634-3	Lower ototoxicity and absence of hidden hearing loss point to gentamicin C1a and apramycin as promising antibiotics for clinical use.	2019	Journal Article
30791463	10.3390/molecules24040749	Structure Characterization and Otoprotective Effects of a New Endophytic Exopolysaccharide from Saffron.	2019	Journal Article
30305294	10.1158/1078-0432.CCR-18-2244	Genetic and Modifiable Risk Factors Contributing to Cisplatin-induced Toxicities.	2019	Journal Article
30728348	10.1038/s41419-019-1386-7	Pasireotide protects mammalian cochlear hair cells from gentamicin ototoxicity by activating the PI3K-Akt pathway.	2019	Journal Article
30732962	10.1016/j.oraloncology.2018.12.010	Predictors of cisplatin-induced ototoxicity and survival in chemoradiation treated head and neck cancer patients.	2019	Journal Article
30536479	10.1002/hed.25434	Ototoxicity in locally advanced head and neck cancer patients treated with induction chemotherapy followed by intermediate or high-dose cisplatin-based chemoradiotherapy.	2019	Clinical Trial, Phase II
30461043	10.1002/jcb.26817	Kanamycin induces free radicals formation in melanocytes: An important factor for aminoglycosides ototoxicity.	2019	Journal Article
30341698	10.1007/s10162-018-00700-4	Study of the Mechanisms by Which Aminoglycoside Damage Is Prevented in Chick Embryonic Hair Cells.	2019	Journal Article
30189717	10.21053/ceo.2017.01704	Is Hyperbaric Oxygen Therapy Effective in Cisplatin-Induced Ototoxicity in Rats?	2019	Journal Article
30843411	10.4102/sajcd.v66i1.596	Statistical factors associated with utilisation of ototoxicity monitoring services for multi-drug-resistant tuberculosis patients in the Western Cape.	2019	Journal Article
30704056	10.3390/bios9010019	Integrated Microfluidic Devices Fabricated in Poly (Methyl Methacrylate) (PMMA) for On-site Therapeutic Drug Monitoring of Aminoglycosides in Whole Blood.	2019	Journal Article
30651130	10.1186/s40463-019-0327-x	A randomized controlled trial to test the efficacy of trans-tympanic injections of a sodium thiosulfate gel to prevent cisplatin-induced ototoxicity in patients with head and neck cancer.	2019	Journal Article
30692914	10.3389/fncel.2018.00515	Sirtuin 1 and Autophagy Attenuate Cisplatin-Induced Hair Cell Death in the Mouse Cochlea and Zebrafish Lateral Line.	2018	Journal Article
31692421	10.2174/1381612825666191106143743	Cisplatin Toxicology: The Role of Pro-inflammatory Cytokines and GABA Transporters in Cochlear Spiral Ganglion.	2019	Journal Article
31661686	10.1159/000502250	Are There Cochlear Dead Regions Involved in Hearing Loss after Cisplatin Ototoxicity?	2019	Journal Article
31454819	10.1159/000501540	Eradicating Otomycosis with Terbinafine Solution: Basic and Clinical Investigation.	2019	Journal Article
31340214	10.1159/000500557	Allicin Protects against Cisplatin-Induced Stria Vascularis Damage: Possible Relation to Inhibition of Caspase-3 and PARP-1-AIF-Mediated Apoptotic Pathways.	2019	Journal Article
30892162	10.2174/1389450120666190319162147	Molecular Aspects of Melatonin Treatment in Tinnitus: A Review.	2019	Journal Article
30539740	10.1016/j.jiac.2018.10.001	Relationship between amikacin blood concentration and ototoxicity in low birth weight infants.	2019	Journal Article
30511766	10.1002/phar.2203	Plazomicin: A Next-Generation Aminoglycoside.	2019	Comparative Study
30508699	10.1016/j.redox.2018.11.013	Therapeutic potential of the mitochondria-targeted antioxidant MitoQ in mitochondrial-ROS induced sensorineural hearing loss caused by Idh2 deficiency.	2019	Journal Article
30334605	10.1002/pbc.27494	Asymmetric sensorineural hearing loss is a risk factor for late-onset hearing loss in pediatric cancer survivors following cisplatin treatment.	2019	Journal Article
30284252	10.1002/lary.27253	The effect of resveratrol on the histologic characteristics of the cochlea in diabetic rats.	2019	Journal Article
30160353	10.1002/pbc.27425	Dose modifications and pharmacokinetics of adjuvant cisplatin monotherapy while on hemodialysis for patients with hepatoblastoma.	2019	Case Reports
29684426	10.1016/j.ejps.2018.04.027	Mitochondria-targeting nanomedicine: An effective and potent strategy against aminoglycosides-induced ototoxicity.	2019	Journal Article
30671086	10.1016/j.joto.2018.08.002	Cisplatin-induced vestibular hair cell lesion-less damage at high doses.	2018	Journal Article
30513738	10.3390/pharmaceutics10040252	Moisture-Resistant Co-Spray-Dried Netilmicin with l-Leucine as Dry Powder Inhalation for the Treatment of Respiratory Infections.	2018	Journal Article
30253329	10.1016/j.heares.2018.09.004	Chronotolerance for cisplatin ototoxicity in the rat.	2018	Comparative Study
30244991	10.1016/j.jpeds.2018.07.101	Evaluation of Gentamicin Exposure in the Neonatal Intensive Care Unit and Hearing Function at Discharge.	2018	Journal Article
30281285	10.1021/acs.biochem.8b00712	Reduction of Cisplatin-Induced Ototoxicity without Compromising Its Antitumor Activity.	2018	Journal Article
30532536	10.2147/IJN.S170130	A666-conjugated nanoparticles target prestin of outer hair cells preventing cisplatin-induced hearing loss.	2018	Journal Article
30483050	10.3389/fnmol.2018.00403	PINK1 Protects Against Gentamicin-Induced Sensory Hair Cell Damage: Possible Relation to Induction of Autophagy and Inhibition of p53 Signal Pathway.	2018	Journal Article
30032763	10.1016/j.aca.2018.05.003	A label-free fluorescent aptasensor for detection of kanamycin based on dsDNA-capped mesoporous silica nanoparticles and Rhodamine B.	2018	Journal Article
30799660	10.1080/10717544.2018.1461277	Novel compounds protect auditory hair cells against gentamycin-induced apoptosis by maintaining the expression level of H3K4me2.	2018	Journal Article
30587464		Isotretinoin's action against cisplatin-induced ototoxicity in rats.	2018	Journal Article
30411553	10.1117/1.JBO.24.5.051403	Aminoglycosides rapidly inhibit NAD(P)H metabolism increasing reactive oxygen species and cochlear cell demise.	2018	Journal Article
30256516	10.1111/jcmm.13792	STK33 alleviates gentamicin-induced ototoxicity in cochlear hair cells and House Ear Institute-Organ of Corti 1 cells.	2018	Journal Article
30066022	10.1007/s00210-018-1550-0	Perindopril regulates the inflammatory mediators, NF-κB/TNF-α/IL-6, and apoptosis in cisplatin-induced renal dysfunction.	2018	Journal Article
29779419	10.1080/14767058.2018.1479388	An evaluation of hearing in infants administered with colistin in the premature neonatal intensive care unit.	2018	Journal Article
30310154	10.1038/s41598-018-33520-w	Quinoxaline protects zebrafish lateral line hair cells from cisplatin and aminoglycosides damage.	2018	Journal Article
30197679	10.3892/ol.2018.9224	Synergistic antitumor effect of suberoylanilide hydroxamic acid and cisplatin in osteosarcoma cells.	2018	Journal Article
30193125	10.1016/j.earlhumdev.2018.08.009	Prolonged furosemide exposure and risk of abnormal newborn hearing screen in premature infants.	2018	Journal Article
30119187	10.1016/j.biopha.2018.07.066	Protective effect of Rotula aquatica Lour against gentamicin induced oxidative stress and nephrotoxicity in Wistar rats.	2018	Journal Article
29960842	10.1016/j.jocn.2018.06.028	Outcome of newly diagnosed high risk medulloblastoma treated with carboplatin, vincristine, cyclophosphamide and etoposide.	2018	Journal Article
30235835	10.3390/ijms19092836	Circulating Serum miRNA-205 as a Diagnostic Biomarker for Ototoxicity in Mice Treated with Aminoglycoside Antibiotics.	2018	Journal Article
29751043	10.1016/j.toxlet.2018.05.007	Tauroursodeoxycholic acid attenuates gentamicin-induced cochlear hair cell death in vitro.	2018	Journal Article
30091915	10.1021/acs.jmedchem.8b00669	Development of Second-Generation CDK2 Inhibitors for the Prevention of Cisplatin-Induced Hearing Loss.	2018	Journal Article
31949840		Role of Hsp90/Akt pathway in the pathogenesis of gentamicin-induced hearing loss.	2018	Journal Article
30245978		The Antiapoptotic Effect of Curcumin in the Fibroblast of the Cochlea in an Ototoxic Rat Model.	2018	Journal Article
30113566	10.1097/MAO.0000000000001920	Prevention of Chlorhexidine Ototoxicity With Poloxamer in Rats.	2018	Journal Article
30025743	10.1016/j.amjoto.2018.07.007	Utilizing prestin as a predictive marker for the early detection of outer hair cell damage.	2018	Journal Article
30015752	10.1097/MAO.0000000000001911	The Novel Peptide Vaccine GV1001 Protects Hearing in a Kanamycin-induced Ototoxicity Mouse Model.	2018	Journal Article
29862415	10.1007/s00418-018-1683-8	Resistance to neomycin ototoxicity in the extreme basal (hook) region of the mouse cochlea.	2018	Journal Article
29519695	10.1016/j.otorri.2017.09.001	Otoacoustic emissions in children treated with gentamicin in a secondary hospital.	2018	Journal Article
28737048	10.1080/14992027.2017.1355570	Ototoxicity monitoring in children treated with platinum chemotherapy.	2018	Journal Article
29908243	10.1016/j.taap.2018.06.010	Protective roles of fenofibrate against cisplatin-induced ototoxicity by the rescue of peroxisomal and mitochondrial dysfunction.	2018	Journal Article
29889716	10.1097/WNR.0000000000001064	Influence of 24-diamino-5-phenylthiazole on neomycin ototoxicity in cultured organ of Corti explants.	2018	Journal Article
30078839	10.12659/MSM.911392	Mimic Cochlear Implant Surgery-Induced Cochlear Infection Fails to Further Damage Auditory Pathway in Deafened Guinea Pigs.	2018	Journal Article
30138519		Protective effect of pentoxifylline on amikacin-induced ototoxicity.	2018	Journal Article
30068942	10.1038/s41419-018-0888-z	Evaluating protective and therapeutic effects of alpha-lipoic acid on cisplatin-induced ototoxicity.	2018	Journal Article
29995010	10.1097/MAO.0000000000001882	Low Concentration Intra-Tympanic Gentamicin Treatment for Menière's Disease: A Long-Term Follow Up.	2018	Journal Article
29958605	10.1016/j.ijporl.2018.06.021	Incidence and associated risk factors for platinum-induced ototoxicity in pediatric patients.	2018	Journal Article
29873734	10.1093/icb/icy044	Differentiation and Induced Sensorial Alteration of the Coronal Organ in the Asexual Life of a Tunicate.	2018	Journal Article
29609517	10.1177/0194599818767621	PD-1 Inhibition Minimally Affects Cisplatin-Induced Toxicities in a Murine Model.	2018	Journal Article
29460824	10.5152/iao.2018.4097	Comparison of Cisplatin with Lipoplatin in Terms of Ototoxicity.	2018	Comparative Study
30112115	10.18632/oncotarget.25767	Association between genetic polymorphisms and platinum-induced ototoxicity in children.	2018	Journal Article
30123246	10.1155/2018/3989201	N-Methyl-D-Aspartate Receptors Involvement in the Gentamicin-Induced Hearing Loss and Pathological Changes of Ribbon Synapse in the Mouse Cochlear Inner Hair Cells.	2018	Journal Article
29708331	10.1021/acsinfecdis.8b00052	Effects of the 1- N-(4-Amino-2 S-hydroxybutyryl) and 6'- N-(2-Hydroxyethyl) Substituents on Ribosomal Selectivity, Cochleotoxicity, and Antibacterial Activity in the Sisomicin Class of Aminoglycoside Antibiotics.	2018	Journal Article
29361217	10.1021/acs.jmedchem.7b01653	Progress in the Development of Preventative Drugs for Cisplatin-Induced Hearing Loss.	2018	Journal Article
29975402	10.1002/14651858.CD010885.pub4	Different infusion durations for preventing platinum-induced hearing loss in children with cancer.	2018	Journal Article
30057833	10.1155/2018/2980913	An Unusual Case of Ototoxicity with Use of Oral Vancomycin.	2018	Case Reports
29965997	10.1371/journal.pone.0199012	Complex polymorphisms in endocytosis genes suggest alpha-cyclodextrin as a treatment for breast cancer.	2018	Journal Article
30197356	10.4103/0973-1482.188426	Auditory function and quality of life in patients receiving cisplatin chemotherapy in head and neck cancer: A case series follow-up study.	2018	Journal Article
29689410	10.1016/j.biomaterials.2018.04.038	Optimized phospholipid-based nanoparticles for inner ear drug delivery and therapy.	2018	Journal Article
29661870	10.1128/AAC.00011-18	Amikacin Inhalation as Salvage Therapy for Refractory Nontuberculous Mycobacterial Lung Disease.	2018	Journal Article
29654830	10.1016/j.toxlet.2018.04.007	Neuronal erythropoietin overexpression is protective against kanamycin-induced hearing loss in mice.	2018	Journal Article
29451951	10.1002/hed.25112	Time course and clinical characterization of cisplatin-induced ototoxicity after treatment for nasopharyngeal carcinoma in a South East Asian population.	2018	Journal Article
29445029	10.1634/theoncologist.2018-0037	Pantoprazole, an Inhibitor of the Organic Cation Transporter 2, Does Not Ameliorate Cisplatin-Related Ototoxicity or Nephrotoxicity in Children and Adolescents with Newly Diagnosed Osteosarcoma Treated with Methotrexate, Doxorubicin, and Cisplatin.	2018	Clinical Trial, Phase I
29285614	10.1007/s12640-017-9855-1	The Effects of Quinine on Neurophysiological Properties of Dopaminergic Neurons.	2018	Journal Article
28482715	10.1080/14767058.2017.1326902	Hearing loss among high-risk newborns admitted to a tertiary Neonatal Intensive Care Unit.	2018	Journal Article
29933376	10.1371/journal.pone.0198029	Inner ear exosomes and their potential use as biomarkers.	2018	Journal Article
29924955	10.1056/NEJMoa1801109	Sodium Thiosulfate for Protection from Cisplatin-Induced Hearing Loss.	2018	Clinical Trial, Phase III
29571735	10.1016/j.bbrc.2018.03.141	Regional up-regulation of NOX2 contributes to the differential vulnerability of outer hair cells to neomycin.	2018	Journal Article
30559765	10.1016/j.joto.2017.12.001	Pharmacokinetics of sodium thiosulfate in Guinea pig perilymph following middle ear application.	2018	Journal Article
29993216	10.5935/0946-5448.20180007	Transtympanic Injections of N-acetylcysteine and Dexamethasone for Prevention of Cisplatin-Induced Ototoxicity: Double Blind Randomized Clinical Trial.	2018	Journal Article
29380538	10.1002/pbc.26992	Determining the prevalence of vestibular screening failures in pediatric cancer patients whose therapies include radiation to the head/neck and platin-based therapies: A pilot study.	2018	Journal Article
29335807	10.1007/s10616-018-0187-7	Assessment of in vitro cytotoxic and genotoxic activities of some trimethoprim conjugates.	2018	Journal Article
29904366	10.3389/fneur.2018.00344	Bilateral Vestibular Weakness.	2018	Journal Article
29875633	10.3389/fncel.2018.00139	Meclofenamic Acid Reduces Reactive Oxygen Species Accumulation and Apoptosis, Inhibits Excessive Autophagy, and Protects Hair Cell-Like HEI-OC1 Cells From Cisplatin-Induced Damage.	2018	Journal Article
29778098	10.1186/s13256-018-1580-8	Hydrochlorothiazide and risk of hearing disorder: a case series.	2018	Case Reports
29458150	10.1016/j.freeradbiomed.2018.02.025	PINK1 Protects Auditory Hair Cells and Spiral Ganglion Neurons from Cisplatin-induced Ototoxicity via Inducing Autophagy and Inhibiting JNK Signaling Pathway.	2018	Journal Article
29632935	10.1039/c8dt00838h	The side effects of platinum-based chemotherapy drugs: a review for chemists.	2018	Journal Article
29530589	10.1016/j.ejphar.2018.03.009	Cisplatin-induced gastrointestinal toxicity: An update on possible mechanisms and on available gastroprotective strategies.	2018	Journal Article
29876332		The Challenge of Vestibular Rehabilitation in a Patient with Bilateral Vestibular Dysfunction Following Surgery: A Case Report.	2018	Case Reports
29516565	10.1002/pro.3400	The three-dimensional structure of NeoB: An aminotransferase involved in the biosynthesis of neomycin.	2018	Journal Article
29350448	10.1002/pbc.26931	Clinical and genetic associations for carboplatin-related ototoxicity in children treated for retinoblastoma: A retrospective noncomparative single-institute experience.	2018	Clinical Trial
29770217	10.1177/2050312118772475	Analysis of adverse events of renal impairment related to platinum-based compounds using the Japanese Adverse Drug Event Report database.	2018	Journal Article
29358504	10.1158/1078-0432.CCR-17-2810	Further Investigation of the Role of <i>ACYP2</i> and <i>WFS1</i> Pharmacogenomic Variants in the Development of Cisplatin-Induced Ototoxicity in Testicular Cancer Patients.	2018	Journal Article
29893338	10.4103/jcrt.JCRT_1040_16	Therapeutic effects of oleuropein on cisplatin-induced pancreas injury in rats.	2018	Journal Article
29686775	10.5487/TR.2018.34.2.133	Beneficial Effects of Cynaroside on Cisplatin-Induced Kidney Injury <i>In Vitro</i> and <i>In Vivo</i>.	2018	Journal Article
29501366	10.1016/S1470-2045(18)30104-9	Concurrent chemoradiotherapy with nedaplatin versus cisplatin in stage II-IVB nasopharyngeal carcinoma: an open-label, non-inferiority, randomised phase 3 trial.	2018	Clinical Trial, Phase III
29501316	10.1016/j.ijporl.2018.01.028	Long term platinum-induced ototoxicity in pediatric patients.	2018	Journal Article
29349595	10.1007/s10162-017-0648-2	The Development of a Nano-based Approach to Alleviate Cisplatin-Induced Ototoxicity.	2018	Journal Article
29301391	10.7874/jao.2017.00199	Locacorten Vioform Ototoxicity Upon Guinea Pig Middle Ear Application.	2018	Journal Article
29143984	10.1002/jcb.26529	CRISPR/Cas9-mediated knockout of Lim-domain only four retards organ of Corti cell growth.	2018	Journal Article
29130514	10.1002/jcb.26499	Involvement of Src signaling in the synergistic effect between cisplatin and digoxin on cancer cell viability.	2018	Journal Article
29092803	10.5152/iao.2017.3825	The Protective Effect of Cortexin on Cisplatin-Induced Ototoxicity.	2018	Comparative Study
28639555	10.5152/iao.2017.3137	Ginkgo biloba and Lycopene are Effective on Cisplatin Induced Ototoxicity?	2018	Journal Article
29760588	10.1186/s12953-018-0132-x	In vitro gentamicin exposure alters caveolae protein profile in cochlear spiral ligament pericytes.	2018	Journal Article
29608150	10.3791/56564	Trans-Tympanic Drug Delivery for the Treatment of Ototoxicity.	2018	Journal Article
29454061	10.1016/j.taap.2018.02.007	Activation of NLRX1-mediated autophagy accelerates the ototoxic potential of cisplatin in auditory cells.	2018	Journal Article
29292089	10.1016/j.toxlet.2017.12.026	Paeoniflorin reduces neomycin-induced ototoxicity in hair cells by suppression of reactive oxygen species generation and extracellularly regulated kinase signalization.	2018	Journal Article
29513752	10.1371/journal.pone.0192505	Anti-cancer characteristics and ototoxicity of platinum(II) amine complexes with only one leaving ligand.	2018	Journal Article
29559948	10.3389/fneur.2018.00119	Amiodarone: A Newly Discovered Association with Bilateral Vestibulopathy.	2018	Journal Article
29720918	10.5863/1551-6776-23.2.152	Safety of Extended Interval Tobramycin in Cystic Fibrosis Patients Less an 6 Years Old.	2018	Journal Article
29687008	10.1155/2018/9158187	Secondary Degeneration of Auditory Neurons after Topical Aminoglycoside Administration in a Gerbil Model.	2018	Journal Article
29665656	10.1016/j.biopha.2018.01.080	Forskolin protects against cisplatin-induced ototoxicity by inhibiting apoptosis and ROS production.	2018	Journal Article
29545765	10.3389/fneur.2018.00046	Clinical Characteristics and Etiology of Bilateral Vestibular Loss in a Cohort from Central Illinois.	2018	Journal Article
29490694	10.1186/s40463-018-0265-z	Systematic review of ototoxic pre-surgical antiseptic preparations - what is the evidence?	2018	Journal Article
29282523	10.1007/s00405-017-4858-3	Amiodarone-associated bilateral vestibulopathy.	2018	Journal Article
29230928	10.1002/pbc.26877	Audiological monitoring in Swiss childhood cancer patients.	2018	Journal Article
29160156	10.1177/0194599817742093	Prestin as an Otologic Biomarker of Cisplatin Ototoxicity in a Guinea Pig Model.	2018	Journal Article
29105116	10.1002/jat.3547	A mitochondrial targeting tetrapeptide Bendavia protects lateral line hair cells from gentamicin exposure.	2018	Journal Article
29032664	10.21053/ceo.2017.00626	The Protective Effect of Egb 761 Against 3-Nitropropionic Acid-Induced Hearing Loss: The Role of Sirtuin 1.	2018	Journal Article
29670654	10.1155/2018/8671832	Toxicities Associated with Cisplatin-Based Chemotherapy and Radiotherapy in Long-Term Testicular Cancer Survivors.	2018	Journal Article
29445111	10.1038/s41598-018-21336-7	Fluvastatin protects cochleae from damage by high-level noise.	2018	Journal Article
29515628	10.1155/2018/9059382	Pediatric Germ Cell Tumors: A Developmental Perspective.	2018	Journal Article
29304389	10.1016/j.heares.2017.12.004	The expression of oxidative stress response genes is modulated by a combination of resveratrol and N-acetylcysteine to ameliorate ototoxicity in the rat cochlea.	2018	Journal Article
29134476	10.1007/s10162-017-0646-4	Aminoglycoside Damage and Hair Cell Regeneration in the Chicken Utricle.	2018	Journal Article
29197586	10.1016/j.jconrel.2017.11.032	pH-sensitive polymeric nanoparticles with antioxidant and anti-inflammatory properties against cisplatin-induced hearing loss.	2018	Journal Article
29403358	10.3389/fncel.2018.00003	Novel Peptide Vaccine GV1001 Rescues Hearing in Kanamycin/Furosemide-Treated Mice.	2018	Journal Article
30156165	10.2174/1871520618666180817114952	The Role of Heat Shock Proteins in Cisplatin Resistance.	2018	Journal Article
29866015	10.2174/1574886313666180605095842	Cycloserine Induced Suicidal Tendencies and Kanamycin Induced Ototoxicity in Indian MDR-TB Patient: A Case Report.	2018	Case Reports
29766830	10.2174/1874467211666180516101111	Impact of Sphingolipid Mediators on the Determination of Cochlear Survival in Ototoxicity.	2018	Journal Article
29757919	10.1097/JXX.0000000000000011	Prevalence of ototoxic medication use among older adults in Beaver Dam, Wisconsin.	2018	Journal Article
29595337	10.1080/21691401.2018.1457041	Mitochondria-homing peptide functionalized nanoparticles performing dual extracellular/intracellular roles to inhibit aminoglycosides induced ototoxicity.	2018	Journal Article
29430414	10.4103/picr.PICR_156_16	Pattern and impact of drugs targeted toward toxicity amelioration in patients receiving cancer chemotherapy.	2018	Journal Article
29214789	10.3349/ymj.2018.59.1.141	microRNA-183 is Essential for Hair Cell Regeneration after Neomycin Injury in Zebrafish.	2018	Journal Article
29194212	10.1097/MAO.0000000000001638	Evaluation of Mitoquinone for Protecting Against Amikacin-Induced Ototoxicity in Guinea Pigs.	2018	Journal Article
29151378	10.1017/S0022215117002304	Therapeutic and protective effects of autologous serum in amikacin-induced ototoxicity.	2018	Journal Article
29097487	10.3747/pdi.2017.00133	Long-Term Protective Effect of N-Acetylcysteine against Amikacin-Induced Ototoxicity in End-Stage Renal Disease: A Randomized Trial.	2018	Journal Article
28718886	10.1111/jsap.12711	Brainstem auditory evoked responses in 37 dogs with otitis media before and after topical therapy.	2018	Comparative Study
28708814	10.1097/AUD.0000000000000464	Chirp-Evoked Otoacoustic Emissions and Middle Ear Absorbance for Monitoring Ototoxicity in Cystic Fibrosis Patients.	2018	Journal Article
29311828	10.3389/fncel.2017.00393	Inhibition of Mitochondrial Division Attenuates Cisplatin-Induced Toxicity in the Neuromast Hair Cells.	2017	Journal Article
29228931	10.1186/s12905-017-0486-8	Research protocol: Cisplatin-associated ototoxicity amongst patients receiving cancer chemotherapy and the feasibility of an audiological monitoring program.	2017	Journal Article
29327735	10.14639/0392-100X-1574	Acquired sensorineural hearing loss in children: current research and therapeutic perspectives.	2017	Journal Article
29173064	10.2217/pgs-2017-0125	Pharmacogenetics of drug-induced ototoxicity caused by aminoglycosides and cisplatin.	2017	Journal Article
29128692	10.1016/j.ejca.2017.09.033	COAST (Cisplatin ototoxicity attenuated by aspirin trial): A phase II double-blind, randomised controlled trial to establish if aspirin reduces cisplatin induced hearing-loss.	2017	Clinical Trial, Phase II
29108871	10.1016/j.heares.2017.10.012	Effects of the cannabinoid CB<sub>1</sub> agonist ACEA on salicylate ototoxicity, hyperacusis and tinnitus in guinea pigs.	2017	Journal Article
29065096	10.1097/MAO.0000000000001616	Changes in Serum Prestin Concentration After Exposure to Cisplatin.	2017	Journal Article
27457817	10.1038/tpj.2016.52	Promoter region variation in NFE2L2 influences susceptibility to ototoxicity in patients exposed to high cumulative doses of cisplatin.	2017	Journal Article
28881316	10.1016/j.jpba.2017.08.027	Development and validation of a sensitive LC-MS/MS method without derivatization/ion-pairing agents for etimicin quantification in rat plasma, internal ear and kidney.	2017	Journal Article
29182629	10.1371/journal.pone.0188596	Effects of peroxisome proliferator activated receptors (PPAR)-γ and -α agonists on cochlear protection from oxidative stress.	2017	Journal Article
29162831	10.1038/s41467-017-01837-1	Cisplatin is retained in the cochlea indefinitely following chemotherapy.	2017	Journal Article
29152945	10.3906/sag-1604-137	DNA methylation of the prestin gene and outer hair cell electromotileresponse of the cochlea in salicylate administration.	2017	Journal Article
30090547	10.1039/c7tx00171a	Metabolomics for the early detection of cisplatin-induced nephrotoxicity.	2017	Journal Article
29214897	10.1080/10717544.2017.1402220	SS-31 peptide enables mitochondrial targeting drug delivery: a promising therapeutic alteration to prevent hair cell damage from aminoglycosides.	2017	Journal Article
29045502	10.1093/annonc/mdx360	Long-term toxicity of cisplatin in germ-cell tumor survivors.	2017	Journal Article
29038666	10.14740/jocmr3136w	Study of Methylene Blue Ototoxicity in the Guinea Pig.	2017	Journal Article
28931463	10.1016/j.heares.2017.09.004	Severe streptomycin ototoxicity in the mouse utricle leads to a flat epithelium but the peripheral neural degeneration is delayed.	2017	Journal Article
28887665	10.1007/s00066-017-1205-y	Impact of radiation technique, radiation fraction dose, and total cisplatin dose on hearing : Retrospective analysis of 29 medulloblastoma patients.	2017	Journal Article
28838247	10.1080/14740338.2017.1372420	The auditory and vestibular toxicities induced by antiepileptic drugs.	2017	Journal Article
28656549	10.1007/s12640-017-9773-2	Kanamycin Damages Early Postnatal, but Not Adult Spiral Ganglion Neurons.	2017	Journal Article
28448657	10.1001/jamaoncol.2017.0502	Association Between SLC16A5 Genetic Variation and Cisplatin-Induced Ototoxic Effects in Adult Patients With Testicular Cancer.	2017	Journal Article
29163050	10.3389/fncel.2017.00338	Mechanisms of Cisplatin-Induced Ototoxicity and Otoprotection.	2017	Journal Article
29163044	10.3389/fncel.2017.00331	Partial Aminoglycoside Lesions in Vestibular Epithelia Reveal Broad Sensory Dysfunction Associated with Modest Hair Cell Loss and Afferent Calyx Retraction.	2017	Journal Article
29114207	10.3389/fncel.2017.00315	Histone Deacetylase Inhibitors Are Protective in Acute but Not in Chronic Models of Ototoxicity.	2017	Journal Article
29049311	10.1371/journal.pone.0186001	A kinase inhibitor library screen identifies novel enzymes involved in ototoxic damage to the murine organ of Corti.	2017	Journal Article
29093665	10.3389/fncel.2017.00326	PI3K and Inhibitor of Apoptosis Proteins Modulate Gentamicin- Induced Hair Cell Death in the Zebrafish Lateral Line.	2017	Journal Article
29056901	10.3389/fncel.2017.00314	Interleukin-10 Attenuates Hypochlorous Acid-Mediated Cytotoxicity to HEI-OC1 Cochlear Cells.	2017	Journal Article
28974245	10.1186/s12987-017-0075-0	Dose escalation study of intravenous and intra-arterial N-acetylcysteine for the prevention of oto- and nephrotoxicity of cisplatin with a contrast-induced nephropathy model in patients with renal insufficiency.	2017	Clinical Trial
29160374	10.1590/s0102-865020170100000009	Study of the protective effect of dexamethasone on cisplatin-induced ototoxicity in rats.	2017	Journal Article
29085910	10.1002/lio2.108	Temporal bone histopathology of furosemide ototoxicity.	2017	Journal Article
28796092	10.1097/MAO.0000000000001546	Oral Administration of Clinical Stage Drug Candidate SENS-401 Effectively Reduces Cisplatin-induced Hearing Loss in Rats.	2017	Journal Article
28791351	10.3892/mmr.2017.7150	Altered gene expression profile in a rat model of gentamicin-induced ototoxicity and nephrotoxicity, and the potential role of upregulated Ifi44 expression.	2017	Journal Article
28730299	10.1007/s00405-017-4677-6	Prophylactic etanercept treatment in cisplatin ototoxicity.	2017	Journal Article
28537102	10.1080/00016489.2017.1325006	Cisplatin-induced metabolome changes in serum: an experimental approach to identify markers for ototoxicity.	2017	Journal Article
28444219	10.1093/neuonc/nox076	DNA methylation of a novel PAK4 locus influences ototoxicity susceptibility following cisplatin and radiation therapy for pediatric embryonal tumors.	2017	Journal Article
27855522	10.1080/01480545.2016.1244679	Melatonin mitigates neomycin-induced hair cell injury in zebrafish.	2017	Journal Article
29033791	10.3389/fncel.2017.00303	Protein Synthesis Inhibition and Activation of the c-Jun N-Terminal Kinase Are Potential Contributors to Cisplatin Ototoxicity.	2017	Journal Article
28599874	10.1016/j.ejphar.2017.05.063	Cisplatin induced arrhythmia; electrolyte imbalance or disturbance of the SA node?	2017	Journal Article
28955207	10.3389/fncel.2017.00280	Hydrogen Inhalation Protects against Ototoxicity Induced by Intravenous Cisplatin in the Guinea Pig.	2017	Journal Article
28955202	10.3389/fncel.2017.00268	Magnetic Nanoparticle Mediated Steroid Delivery Mitigates Cisplatin Induced Hearing Loss.	2017	Journal Article
28928635	10.3389/fncel.2017.00262	d-Tubocurarine and Berbamine: Alkaloids That Are Permeant Blockers of the Hair Cell's Mechano-Electrical Transducer Channel and Protect from Aminoglycoside Toxicity.	2017	Journal Article
28778520	10.1016/j.toxlet.2017.07.903	N-Acetylcysteine protects inner ear hair cells and spiral ganglion neurons from manganese exposure by regulating ROS levels.	2017	Journal Article
29392065	10.5152/tao.2017.2391	Possible Ototoxic Effects of Topical Rifamycin Application: An Electrophysiological and Ultrastructural Study.	2017	Journal Article
29160511	10.1590/0037-8682-0465-2016	The importance of audiometric monitoring in patients with multidrug-resistant tuberculosis.	2017	Journal Article
28802382	10.1016/j.ijporl.2017.07.008	Evaluation of the possible protective role of naringenin on gentamicin-induced ototoxicity: A preliminary study.	2017	Journal Article
28760048	10.1080/08990220.2017.1356283	Protective effect of alpha-linolenic acid on gentamicin-induced ototoxicity in mice.	2017	Journal Article
28738532	10.1016/j.biopha.2017.07.018	Genipin attenuates cisplatin-induced nephrotoxicity by counteracting oxidative stress, inflammation, and apoptosis.	2017	Journal Article
28705091	10.1080/14737140.2017.1356231	Molecular approaches to potentiate cisplatin responsiveness in carcinoma therapeutics.	2017	Journal Article
28696239	10.1128/AAC.02586-16	Adverse Effects and Choice between the Injectable Agents Amikacin and Capreomycin in Multidrug-Resistant Tuberculosis.	2017	Journal Article
28685903	10.1002/pro.3221	The structure of RbmB from Streptomyces ribosidificus, an aminotransferase involved in the biosynthesis of ribostamycin.	2017	Journal Article
28560854	10.1111/bcp.13309	Pharmacogenetic analysis of irreversible severe cisplatin-induced nephropathy: a case report of a 27-year-old woman.	2017	Case Reports
28735085	10.1016/j.neulet.2017.07.028	Minocycline attenuates streptomycin-induced cochlear hair cell death by inhibiting protein nitration and poly (ADP-ribose) polymerase activation.	2017	Journal Article
28878625	10.3389/fncel.2017.00252	Non-autonomous Cellular Responses to Ototoxic Drug-Induced Stress and Death.	2017	Journal Article
28832600	10.1371/journal.pone.0183089	HPN-07, a free radical spin trapping agent, protects against functional, cellular and electrophysiological changes in the cochlea induced by acute acoustic trauma.	2017	Journal Article
28867994	10.3389/fncel.2017.00242	An Antioxidant Screen Identifies Candidates for Protection of Cochlear Hair Cells from Gentamicin Toxicity.	2017	Journal Article
28627458	10.1016/j.ijpharm.2017.06.035	siRNA-loaded biodegradable nanocarriers for therapeutic MAPK1 silencing against cisplatin-induced ototoxicity.	2017	Journal Article
31015607	10.1038/s41551-017-0118-5	A microsensing system for the in vivo real-time detection of local drug kinetics.	2017	Journal Article
28526588	10.1016/j.ydbio.2017.05.014	ADAM10 and γ-secretase regulate sensory regeneration in the avian vestibular organs.	2017	Journal Article
28520533	10.1089/zeb.2016.1412	A Fully Automated High-Throughput Zebrafish Behavioral Ototoxicity Assay.	2017	Journal Article
28365859	10.1007/s00418-017-1548-6	Epithelial-mesenchymal transition, and collective and individual cell migration regulate epithelial changes in the amikacin-damaged organ of Corti.	2017	Journal Article
28332931	10.1080/00016489.2017.1295470	Unitary ototoxic gentamicin exposure may not disrupt the function of cochlear outer hair cells in mice.	2017	Journal Article
27666741	10.1002/lary.26325	Early ototoxic changes in patients with germ cell tumor after first cycle of cisplatin-based therapy.	2017	Clinical Trial
28636017	10.1039/c7mt00100b	Effect of cisplatin on the transport activity of P<sub>II</sub>-type ATPases.	2017	Journal Article
28703809	10.1038/cddis.2017.314	Epigallocatechin-3-gallate, a prototypic chemopreventative agent for protection against cisplatin-based ototoxicity.	2017	Journal Article
28736517	10.3389/fncel.2017.00192	Resolution of Cochlear Inflammation: Novel Target for Preventing or Ameliorating Drug-, Noise- and Age-related Hearing Loss.	2017	Journal Article
28633708	10.5588/ijtld.16.0791	Once-daily dosing of amikacin for treatment of <i>Mycobacterium abscessus</i> lung disease.	2017	Journal Article
28583486	10.1016/j.ijporl.2017.04.039	Ototoxicity associated with topical administration of diclofenac sodium as an otic drop: An experimental animal study.	2017	Journal Article
28560451	10.3892/ijmm.2017.3003	FoxO3a plays a key role in the protective effects of pomegranate peel extract against amikacin-induced ototoxicity.	2017	Journal Article
28438658	10.1016/j.freeradbiomed.2017.04.343	Antioxidants reduce neurodegeneration and accumulation of pathologic Tau proteins in the auditory system after blast exposure.	2017	Journal Article
28039263	10.1158/1078-0432.CCR-16-2809	Variants in <i>WFS1</i> and Other Mendelian Deafness Genes Are Associated with Cisplatin-Associated Ototoxicity.	2017	Journal Article
28259711	10.1016/j.ejphar.2017.02.052	Allicin protects against cisplatin-induced vestibular dysfunction by inhibiting the apoptotic pathway.	2017	Journal Article
28636736		The protective effect of intratympanic dexamethasone on streptomycin ototoxicity in rats.	2017	Journal Article
28483249	10.1016/j.ijporl.2017.03.025	Effect of gentamicin and levels of ambient sound on hearing screening outcomes in the neonatal intensive care unit: A pilot study.	2017	Journal Article
28445188	10.1097/FPC.0000000000000281	TPMT, COMT and ACYP2 genetic variants in paediatric cancer patients with cisplatin-induced ototoxicity.	2017	Journal Article
28440437	10.3892/mmr.2017.6458	Autophagy-related protein 12 associates with anti-apoptotic B cell lymphoma-2 to promote apoptosis in gentamicin-induced inner ear hair cell loss.	2017	Journal Article
27905208	10.1080/00016489.2016.1261409	Effects of cisplatin on the auditory function of ovariectomized rats with estrogen deficiency.	2017	Journal Article
27741378	10.1002/jmrs.183	Assessing feasibility, compliance and toxicity of concomitant chemo-radiotherapy in head and neck cancers in the Northern Territory: initial experience and challenges.	2017	Journal Article
28572758	10.3389/fncel.2017.00137	Activation of CHK1 in Supporting Cells Indirectly Promotes Hair Cell Survival.	2017	Journal Article
28393095	10.1016/j.gore.2017.03.011	Profound sensorineural hearing loss after one cycle of intraperitoneal cisplatin in treatment of advanced ovarian cancer.	2017	Case Reports
28390615	10.1016/j.ijporl.2017.02.028	Protective effects of 1,2,3-triazole derivative KPR-A020 against cisplatin-induced ototoxicity in murine cochlear cultures.	2017	Journal Article
28390604	10.1016/j.ijporl.2017.03.023	Protective role of misoprostol in prevention of gentamicin ototoxicity.	2017	Journal Article
28344103	10.1016/j.ntt.2017.03.004	Evaluation of geranylgeranylacetone against cisplatin-induced ototoxicity by auditory brainstem response, heat shock proteins and oxidative levels in guinea pigs.	2017	Journal Article
28223157	10.1016/j.neuro.2017.02.007	Dose-dependent cochlear and vestibular toxicity of trans-tympanic cisplatin in the rat.	2017	Journal Article
28503132	10.3389/fncel.2017.00094	Protecting Mammalian Hair Cells from Aminoglycoside-Toxicity: Assessing Phenoxybenzamine's Potential.	2017	Journal Article
28213099	10.1016/j.actbio.2017.02.019	Polymeric nanoparticles loaded with dexamethasone or α-tocopheryl succinate to prevent cisplatin-induced ototoxicity.	2017	Journal Article
28406961	10.1371/journal.pone.0175711	Pharmacogenetic variants in TPMT alter cellular responses to cisplatin in inner ear cell lines.	2017	Journal Article
28405467	10.1186/s40824-017-0090-x	Anti-apoptotic effect of dexamethasone in an ototoxicity model.	2017	Journal Article
28420987	10.3389/fphar.2017.00132	Curcumin Ameliorates Cisplatin-Induced Nephrotoxicity and Potentiates Its Anticancer Activity in SD Rats: Potential Role of Curcumin in Breast Cancer Chemotherapy.	2017	Journal Article
28643733	10.4103/0973-1482.187287	A prospective randomized controlled study of cisplatin versus carboplatin-based regimen in advanced squamous nonsmall cell lung cancer.	2017	Journal Article
28346057	10.2217/pgs-2016-0189	The role of germline variants in chemotherapy outcome in brain tumors: a systematic review of pharmacogenetic studies.	2017	Journal Article
28290603	10.3892/ijmm.2017.2916	Fenofibrate exerts protective effects against gentamicin-induced toxicity in cochlear hair cells by activating antioxidant enzymes.	2017	Journal Article
28202195	10.1016/j.ygyno.2017.02.006	Long-term ototoxicity in women after cisplatin treatment for ovarian germ cell cancer.	2017	Journal Article
28063006	10.1007/s11010-016-2925-5	Therapeutic value of nerve growth factor in promoting neural stem cell survival and differentiation and protecting against neuronal hearing loss.	2017	Journal Article
28062185	10.1016/j.neuropharm.2017.01.001	Allicin protects auditory hair cells and spiral ganglion neurons from cisplatin - Induced apoptosis.	2017	Journal Article
28050646	10.1007/s10162-016-0609-1	Gentamicin Applied to the Oval Window Suppresses Vestibular Function in Guinea Pigs.	2017	Journal Article
27992270	10.1200/JCO.2016.70.6523	Role of High-Dose Chemotherapy With Autologous Stem-Cell Rescue in Men With Previously Treated Germ Cell Tumors.	2017	Case Reports
27896487	10.1007/s10162-016-0604-6	Natural Compounds as Occult Ototoxins? Ginkgo biloba Flavonoids Moderately Damage Lateral Line Hair Cells.	2017	Journal Article
27879229	10.5152/iao.2016.1852	The Incidence of Ototoxicity in Patients Using Iron Chelators.	2017	Journal Article
27819649	10.5152/iao.2016.1667	The Effect of Nystatin Solution on Otoacoustic Emissions in Rats.	2017	Journal Article
27318370	10.1016/j.anl.2016.06.001	The role of peroxiredoxin I in cisplatin-induced ototoxicity.	2017	Journal Article
28424655	10.3389/fneur.2017.00117	Sustained and Transient Vestibular Systems: A Physiological Basis for Interpreting Vestibular Function.	2017	Journal Article
28287190	10.1038/srep44311	NLRX1 accelerates cisplatin-induced ototoxity in HEI-OC1 cells via promoting generation of ROS and activation of JNK signaling pathway.	2017	Journal Article
26918827	10.18632/oncotarget.7668	XPD c.934G>A polymorphism of nucleotide excision repair pathway in outcome of head and neck squamous cell carcinoma patients treated with cisplatin chemoradiation.	2017	Journal Article
28590156	10.1080/08880018.2017.1323985	Hearing loss after platinum treatment is irreversible in noncranial irradiated childhood cancer survivors.	2017	Clinical Trial
28441710		Analysis of Cisplatin-Induced Ototoxicity Risk Factors in Iranian Patients with Solid Tumors: a Cohort, Prospective and Single Institute Study.	2017	Journal Article
28248600	10.1177/0194599816678381	Mitochondria-Targeted Antioxidant Mitoquinone Reduces Cisplatin-Induced Ototoxicity in Guinea Pigs.	2017	Journal Article
28166996	10.1016/j.ijporl.2017.01.005	The protective role of tetramethylpyrazine against cisplatin-induced ototoxicity.	2017	Journal Article
28069654	10.1128/AAC.01400-16	Reduced Chance of Hearing Loss Associated with Therapeutic Drug Monitoring of Aminoglycosides in the Treatment of Multidrug-Resistant Tuberculosis.	2017	Journal Article
28042086	10.1016/j.phrs.2016.12.037	Curcumin: A potentially powerful tool to reverse cisplatin-induced toxicity.	2017	Journal Article
28026149	10.1002/dvg.23016	Arctigenin protects against neuronal hearing loss by promoting neural stem cell survival and differentiation.	2017	Journal Article
27878588	10.1007/s00405-016-4399-1	The impact of erdosteine on cisplatin-induced ototoxicity: a proteomics approach.	2017	Journal Article
27847309	10.1016/j.cbpc.2016.11.001	An optimized method to assess ototoxic effects in the lateral line of zebrafish (Danio rerio) embryos.	2017	Journal Article
27709784	10.1111/jcmm.13005	Morin hydrate promotes inner ear neural stem cell survival and differentiation and protects cochlea against neuronal hearing loss.	2017	Journal Article
27704212	10.1007/s00418-016-1506-8	High mobility group box 1 (HMGB1): dual functions in the cochlear auditory neurons in response to stress?	2017	Journal Article
27296064	10.1002/tox.22296	Carbaryl-induced ototoxicity in rat postnatal cochlear organotypic cultures.	2017	Journal Article
27245751	10.1007/s00405-016-4117-z	Platinum-induced ototoxicity: a review of prevailing ototoxicity criteria.	2017	Journal Article
28281768	10.4102/sajcd.v64i1.183	Parents are aware of the ototoxic effects of chemotherapy in paediatrics undergoing cancer treatment - Professional versus parental views: A pilot study.	2017	Comparative Study
28239674	10.1016/j.heliyon.2017.e00251	Dietary supplementation of coenzyme Q10 plus multivitamins to hamper the ROS mediated cisplatin ototoxicity in humans: A pilot study.	2017	Journal Article
28007648	10.1016/j.neulet.2016.12.039	Minocycline attenuates noise-induced hearing loss in rats.	2017	Journal Article
28243909	10.1007/s10517-017-3639-8	Effect of Successive Administration of Vancomycin and Amikacin on Auditory Function of Immature Animals.	2017	Journal Article
28145495	10.1038/srep41356	Autophagic flux, a possible mechanism for delayed gentamicin-induced ototoxicity.	2017	Journal Article
27937095	10.1200/JCO.2016.69.2319	Group-Wide, Prospective Study of Ototoxicity Assessment in Children Receiving Cisplatin Chemotherapy (ACCL05C1): A Report From the Children's Oncology Group.	2017	Journal Article
27898607	10.1097/MAO.0000000000001289	Effects of Intratympanic Dexamethasone on High-Dose Radiation Ototoxicity In Vivo.	2017	Journal Article
27650356	10.1002/pbc.26212	Long-term auditory complications after childhood cancer: A report from the Swiss Childhood Cancer Survivor Study.	2017	Journal Article
27623706	10.1080/17425255.2017.1234606	The amikacin research program: a stepwise approach to validate dosing regimens in neonates.	2017	Journal Article
27121633	10.14670/HH-11-7751	Effect of coenzyme A on outer hair cells in cisplatin ototoxicity: functional and ultrastructural study.	2017	Journal Article
27022163	10.1177/0960327116639360	Could edaravone prevent gentamicin ototoxicity? An experimental study.	2017	Journal Article
28121979		Protective Effects of Acupuncture Against Gentamicin-Induced Ototoxicity in Rats: Possible Role of Neurotrophin-3.	2017	Journal Article
28149271	10.3389/fnins.2016.00621	Inner Hair Cell Loss Disrupts Hearing and Cochlear Function Leading to Sensory Deprivation and Enhanced Central Auditory Gain.	2016	Journal Article
28045920	10.1371/journal.pone.0168492	Alterations in Evoked Otoacoustic Emissions by the Use of Meglumine Antimoniate in American Tegumentary Leishmaniasis Patients.	2017	Journal Article
29430461	10.1155/2017/4630241	A Simple Model for Inducing Optimal Increase of <i>SDF-1</i> with Aminoglycoside Ototoxicity.	2017	Journal Article
29339643	10.1159/000485514	Effect of Remote Ischemic Preconditioning on Systemic Toxicity and Ototoxicity Induced by Cisplatin in Rats: Role of TNF-α and Nitric Oxide.	2017	Journal Article
29049998	10.1159/000480346	Endoplasmic Reticulum Stress Is Involved in Cochlear Cell Apoptosis in a Cisplatin-Induced Ototoxicity Rat Model.	2017	Journal Article
28757873	10.1155/2017/5185268	Absence of Relationship between Mitochondrial DNA Haplogroups and Cisplatin-Induced Hearing Loss.	2017	Journal Article
28511189	10.1159/000468522	The Role of Audiometry prior to High-Dose Cisplatin in Patients with Head and Neck Cancer.	2017	Clinical Trial
28012535	10.1016/j.ijporl.2016.11.004	Peanut sprout extract attenuates cisplatin-induced ototoxicity by induction of the Akt/Nrf2-mediated redox pathway.	2017	Journal Article
27868278	10.1002/pds.4125	Differences in VigiBase® reporting of aminoglycoside and capreomycin-suspected ototoxicity during tuberculosis treatment.	2017	Comparative Study
27852619	10.15252/emmm.201607062	After surviving cancer, what about late life effects of the cure?	2017	Journal Article
27794029	10.15252/emmm.201606230	Reversible p53 inhibition prevents cisplatin ototoxicity without blocking chemotherapeutic efficacy.	2017	Journal Article
27050825	10.3109/13816810.2015.1137325	Long-term audiologic follow-up of carboplatin-treated children with retinoblastoma.	2017	Journal Article
29937824	10.1016/j.joto.2016.10.001	Ototoxic effects and mechanisms of loop diuretics.	2016	Journal Article
29392035	10.5152/tao.2016.1974	Effect of Ecklonia Cava Polyphenol Extract in House Ear Institute-Organ of Corti 1 Cells Against Cisplatin Ototoxicity: A Preliminary Study.	2016	Journal Article
27863638	10.1016/j.ijporl.2016.10.008	Comparison of the effects of lipoic acid and glutathione against cisplatin-induced ototoxicity in auditory cells.	2016	Comparative Study
27821327	10.1016/j.redox.2016.10.016	Targeting nitrative stress for attenuating cisplatin-induced downregulation of cochlear LIM domain only 4 and ototoxicity.	2016	Journal Article
27821322	10.1016/j.ejca.2016.09.023	Determinants of ototoxicity in 451 platinum-treated Dutch survivors of childhood cancer: A DCOG late-effects study.	2016	Journal Article
27810846	10.5152/iao.2016.2617	A Prospective Experimental Study on the Protective Effect of Resveratrol against Amikacin-Induced Ototoxicity in Rats.	2016	Journal Article
27773647	10.1016/j.heares.2016.10.011	Effects of brain-derived neurotrophic factor (BDNF) on the cochlear nucleus in cats deafened as neonates.	2016	Journal Article
27221387	10.1007/s00405-016-4104-4	Effects of ozone (O<sub>3</sub>) therapy on cisplatin-induced ototoxicity in rats.	2016	Journal Article
27136366		The Effect of Garlic Derivatives (S-Allylmercaptocysteine, Diallyl Disulfide, and S-Allylcysteine) on Gentamicin Induced Ototoxicity: An Experimental Study.	2016	Journal Article
27869744		Protective Effect of Tempol against Cisplatin-Induced Ototoxicity.	2016	Journal Article
27659732	10.1016/j.toxlet.2016.09.009	Cisplatin-induced toxicity decreases the mouse vestibulo-ocular reflex.	2016	Journal Article
27942103		Gentamicin-mediated ototoxicity and nephrotoxicity: A clinical trial study.	2016	Journal Article
27729156	10.1016/j.ijporl.2016.09.001	Analysis of genetic and non genetic risk factors for cisplatin ototoxicity in pediatric patients.	2016	Journal Article
27548570		The safety and tolerability of the second-line injectable antituberculosis drugs in children.	2016	Journal Article
27523611	10.1016/j.urolonc.2016.06.012	Associations between long-term serum platinum and neurotoxicity and ototoxicity, endocrine gonadal function, and cardiovascular disease in testicular cancer survivors.	2016	Journal Article
27315460		Investigation of the ototoxicity of gadoteridol (ProHance) and gadodiamide (Omniscan) in mice.	2016	Journal Article
27158843		Protective effect of Pycnogenol on cisplatin-induced ototoxicity in rats.	2016	Journal Article
27156673	10.1016/j.bjorl.2015.11.021	Audiological profile of patients treated for childhood cancer.	2016	Journal Article
27052552		Protective role of misoprostol against cisplatin-induced ototoxicity.	2016	Journal Article
27909636		Imatinib-induced Ototoxicity in a Patient with Gastrointestinal Stromal Tumor (GIST).	2016	Case Reports
27689867	10.1021/acs.jafc.6b03332	Use of Carbon Nanotubes as a Solid Support To Establish Quantitative (Centrifugation) and Qualitative (Filtration) Immunoassays To Detect Gentamicin Contamination in Commercial Milk.	2016	Journal Article
27556499	10.18632/oncotarget.11336	Inhibition of ARC decreases the survival of HEI-OC-1 cells after neomycin damage in vitro.	2016	Journal Article
27122099		Connexin 43 Acts as a Proapoptotic Modulator in Cisplatin-Induced Auditory Cell Death.	2016	Journal Article
27741210		Protective Effect of Selenium Against Cisplatin-Induced Ototoxicity in an Experimental Design.	2016	Journal Article
27631653	10.1097/MAO.0000000000001192	Role of STAT1 and Oxidative Stress in Gentamicin-Induced Hair Cell Death in Organ of Corti.	2016	Journal Article
27619052	10.1016/j.ijporl.2016.08.012	Intraperitoneal curcumin and vitamin E combination for the treatment of cisplatin-induced ototoxicity in rats.	2016	Journal Article
27494904	10.1093/jac/dkw250	Amikacin use and therapeutic drug monitoring in adults: do dose regimens and drug exposures affect either outcome or adverse events? A systematic review.	2016	Journal Article
26831119	10.1007/s00405-016-3905-9	Effect of transtympanic betamethasone delivery to the inner ear.	2016	Journal Article
26797463	10.1016/j.anl.2015.12.012	The beneficial effect of Hangesha-shin-to (TJ-014) in gentamicin-induced hair cell loss in the rat cochlea.	2016	Journal Article
27592553	10.1016/j.bbrc.2016.09.001	Tetrabromobisphenol-A induces apoptotic death of auditory cells and hearing loss.	2016	Journal Article
27669661	10.1002/14651858.CD009219.pub4	Medical interventions for the prevention of platinum-induced hearing loss in children with cancer.	2016	Journal Article
27632426	10.1371/journal.pone.0162106	Coenzyme Q10 plus Multivitamin Treatment Prevents Cisplatin Ototoxicity in Rats.	2016	Journal Article
27660456	10.2147/TCRM.S107398	Patients' safety: is there a systemic release of gentamicin by gentamicin-coated tibia nails in clinical use?	2016	Journal Article
27467178	10.1097/CAD.0000000000000395	Ototoxicity of 12 mg/kg cisplatin in the Fischer 344/NHsd rat using multiple dosing strategies.	2016	Journal Article
26685859	10.1007/s00405-015-3857-5	Hearing and tinnitus in head and neck cancer patients after chemoradiotherapy.	2016	Comparative Study
27564061	10.1371/journal.pone.0161954	Spontaneous Cannabinoid Receptor 2 (CB2) Expression in the Cochlea of Adult Albino Rat and Its Up-Regulation after Cisplatin Treatment.	2016	Journal Article
27354478	10.1200/JCO.2016.66.8822	Comprehensive Audiometric Analysis of Hearing Impairment and Tinnitus After Cisplatin-Based Chemotherapy in Survivors of Adult-Onset Cancer.	2016	Journal Article
27506679	10.1186/s12879-016-1689-6	Clinical efficacy and safety of multidrug therapy including thrice weekly intravenous amikacin administration for Mycobacterium abscessus pulmonary disease in outpatient settings: a case series.	2016	Clinical Trial
27498707	10.1002/14651858.CD010885.pub3	Different infusion durations for preventing platinum-induced hearing loss in children with cancer.	2016	Journal Article
27486906	10.1002/14651858.CD010181.pub2	Platinum-induced hearing loss after treatment for childhood cancer.	2016	Journal Article
27716608	10.5152/iao.2016.2242	Instability Due to Drug-Induced Vestibulotoxicity.	2016	Journal Article
27487360	10.5152/iao.2016.1989	Protective Effect of Korean Red Ginseng on Cisplatin Ototoxicity: Is It Effective Enough?	2016	Journal Article
27424184	10.1016/j.oraloncology.2016.06.004	Chemoradiation of locally advanced squamous cell carcinoma of the head-and-neck (LASCCHN): Is 20mg/m(2) cisplatin on five days every four weeks an alternative to 100mg/m(2) cisplatin every three weeks?	2016	Comparative Study
27376482	10.1111/jebm.12210	Cisplatin for testicular germ cell tumors: a rapid review.	2016	Journal Article
27311812	10.1002/jemt.22695	Scar formation in mice deafened with kanamycin and furosemide.	2016	Journal Article
27299507	10.1021/acs.molpharmaceut.6b00240	Systemic Delivery and Biodistribution of Cisplatin in Vivo.	2016	Journal Article
27185796	10.1128/AAC.00303-16	Pharmacokinetics of Vancomycin in Elderly Patients Aged over 80 Years.	2016	Journal Article
27142473	10.1007/s40272-016-0176-2	Pharmacogenomics in Pediatric Patients: Towards Personalized Medicine.	2016	Journal Article
27142062	10.1007/s12640-016-9627-3	Ototoxicity of Divalent Metals.	2016	Journal Article
27073077	10.1007/s11096-016-0295-4	The effect of intratympanic gentamicin for treatment of Ménière's disease on lower frequency hearing.	2016	Clinical Trial
25872564	10.1179/1973947815Y.0000000023	Sudden hearing loss due to oxaliplatin use in a patient with colon cancer.	2016	Case Reports
27405449	10.1038/srep29621	Reduced TRMU expression increases the sensitivity of hair-cell-like HEI-OC-1 cells to neomycin damage in vitro.	2016	Journal Article
27260571	10.1016/j.ijporl.2016.04.008	The effects of the antioxidant α-tocopherol succinate on cisplatin-induced ototoxicity in HEI-OC1 auditory cells.	2016	Journal Article
27251979	10.4103/1119-3077.183312	Concomitant gentamicin-induced nephrotoxicity and bilateral ototoxicity.	2016	Case Reports
26166286	10.1016/j.jcf.2015.06.005	d-Methionine reduces tobramycin-induced ototoxicity without antimicrobial interference in animal models.	2016	Journal Article
27386243	10.1186/s40064-016-2429-5	Study of streptomycin-induced ototoxicity: protocol for a longitudinal study.	2016	Journal Article
27142333	10.1242/bio.016758	Activation of PI3K signaling prevents aminoglycoside-induced hair cell death in the murine cochlea.	2016	Journal Article
27240489	10.1016/j.ijporl.2016.03.019	Evaluation of the protective effects of hesperetin against cisplatin-induced ototoxicity in a rat animal model.	2016	Journal Article
26963167	10.3109/00016489.2016.1143968	PARP-1-modulated AIF translocation is involved in streptomycin-induced cochlear hair cell death.	2016	Journal Article
27429949		Audiological Evaluation of Patients Taking Kanamycin for Multidrug Resistant Tuberculosis.	2016	Journal Article
27217603		Usage Pattern and Serum Level Measurement of Amikacin in the Internal Medicine Ward of the Largest Referral Hospital in the South of Iran: A Pharmacoepidemiological Study.	2016	Journal Article
27095551	10.1017/S0022215116000992	Prevention of gentamicin ototoxicity with N-acetylcysteine and vitamin A.	2016	Journal Article
26930622	10.1016/j.heares.2016.02.019	HEI-OC1 cells as a model for investigating drug cytotoxicity.	2016	Journal Article
26928270	10.1097/FPC.0000000000000212	Replication of a genetic variant in ACYP2 associated with cisplatin-induced hearing loss in patients with osteosarcoma.	2016	Journal Article
26748644	10.1007/s00418-015-1396-1	[Pt(O,O'-acac)(γ-acac)(DMS)] versus cisplatin: apoptotic effects in B50 neuroblastoma cells.	2016	Comparative Study
26733264	10.1016/j.nano.2015.12.367	Otoprotective properties of 6α-methylprednisolone-loaded nanoparticles against cisplatin: In vitro and in vivo correlation.	2016	Journal Article
26646261	10.1007/s00249-015-1095-9	Selective condensation of DNA by aminoglycoside antibiotics.	2016	Journal Article
27122034	10.1523/JNEUROSCI.3890-15.2016	Mutations in Cockayne Syndrome-Associated Genes (Csa and Csb) Predispose to Cisplatin-Induced Hearing Loss in Mice.	2016	Journal Article
26971701	10.1016/j.neulet.2016.03.012	Dexamethasone loaded nanoparticles exert protective effects against Cisplatin-induced hearing loss by systemic administration.	2016	Journal Article
27080739	10.1038/srep24541	Sphingosine 1-phosphate receptor 2 (S1P2) attenuates reactive oxygen species formation and inhibits cell death: implications for otoprotective therapy.	2016	Journal Article
28959567	10.1016/j.toxrep.2016.04.003	Ceramide-1-phosphate protection of cochlear hair cells against cisplatin ototoxicity.	2016	Journal Article
27068004	10.1038/srep24428	Effects of long-term salicylate administration on synaptic ultrastructure and metabolic activity in the rat CNS.	2016	Journal Article
27053204	10.1523/JNEUROSCI.3111-15.2016	Adenosine A1 Receptor Protects Against Cisplatin Ototoxicity by Suppressing the NOX3/STAT1 Inflammatory Pathway in the Cochlea.	2016	Journal Article
27275456	10.4103/2278-330X.181647	Long term results of comparison of concurrent low-dose daily cisplatin versus the standard weekly cisplatin with six fractions per week radiotherapy in locally advanced head neck cancer.	2016	Journal Article
27096015	10.1055/s-0036-1572527	Neurovestibular Compensation following Ototoxic Lesion and Labyrinthectomy.	2016	Journal Article
26968049	10.1016/j.ijporl.2016.01.014	Protective effects of the seaweed phlorotannin polyphenolic compound dieckol on gentamicin-induced damage in auditory hair cells.	2016	Journal Article
26865281	10.1007/s00280-016-2978-x	Oxytocin as a protective agent in cisplatin-induced ototoxicity.	2016	Journal Article
26850526	10.1016/j.etp.2016.01.003	In vitro and in vivo effects of lutein against cisplatin-induced ototoxicity.	2016	Journal Article
26849799	10.1002/hed.24396	Vitamin E neuroprotection against cisplatin ototoxicity: Preliminary results from a randomized, placebo-controlled trial.	2016	Clinical Trial, Phase III
26691159	10.1007/s10162-015-0550-8	Selective Inner Hair Cell Dysfunction in Chinchillas Impairs Hearing-in-Noise in the Absence of Outer Hair Cell Loss.	2016	Journal Article
25820916	10.1007/s00204-015-1506-9	3-Aminotriazole protects from CoCl2-induced ototoxicity by inhibiting the generation of reactive oxygen species and proinflammatory cytokines in mice.	2016	Journal Article
27065807	10.3389/fncel.2016.00083	Natural Bizbenzoquinoline Derivatives Protect Zebrafish Lateral Line Sensory Hair Cells from Aminoglycoside Toxicity.	2016	Journal Article
27012341	10.1038/sj.bdj.2016.218	Metronidazole and tinnitus: A potential side effect?	2016	Case Reports
28959562	10.1016/j.toxrep.2016.03.010	Does amikacin treatment cause subclinical hearing loss in patients with cystic fibrosis?	2016	Journal Article
26775580	10.1016/j.jpba.2015.12.053	Preparation of fluorescent labeled gentamicin as biological tracer and its characterization by liquid chromatography and high resolution mass spectrometry.	2016	Journal Article
26974429	10.1371/journal.pone.0151557	Sodium Selenite Acts as an Otoprotectant against Neomycin-Induced Hair Cell Damage in a Zebrafish Model.	2016	Journal Article
26778349	10.1016/j.toxlet.2016.01.005	Galangin prevents aminoglycoside-induced ototoxicity by decreasing mitochondrial production of reactive oxygen species in mouse cochlear cultures.	2016	Journal Article
26976021	10.21053/ceo.2016.9.1.14	The Effect of Dexpanthenol on Ototoxicity Induced by Cisplatin.	2016	Journal Article
26830667	10.1017/S0022215115003473	Comparison of the protective effects of intratympanic dexamethasone and methylprednisolone against cisplatin-induced ototoxicity.	2016	Journal Article
26386286	10.1016/j.heares.2015.09.002	Induction of single-sided deafness in the newborn rat and its consequence for cochlear nucleus volume development.	2016	Journal Article
26341473	10.1016/j.heares.2015.08.017	Dunnione ameliorates cisplatin ototoxicity through modulation of NAD(+) metabolism.	2016	Journal Article
26768586	10.1016/j.cbi.2016.01.007	miR214-regulated p53-NOX4/p66shc pathway plays a crucial role in the protective effect of Ginkgolide B against cisplatin-induced cytotoxicity in HEI-OC1 cells.	2016	Journal Article
26719956	10.1097/MAO.0000000000000937	Frequency and Demographics of Gentamicin Use.	2016	Journal Article
26639016	10.1016/j.heares.2015.11.011	FGF22 protects hearing function from gentamycin ototoxicity by maintaining ribbon synapse number.	2016	Journal Article
26639015	10.1016/j.heares.2015.11.009	Assessment of thermal treatment via irrigation of external ear to reduce cisplatin-induced hearing loss.	2016	Journal Article
26581837	10.1111/resp.12676	Safety of IV amikacin in the treatment of pulmonary non-tuberculous mycobacterial disease.	2016	Journal Article
26523487	10.1002/jps.24686	Validation of a Strategy for Cancer Therapy: Delivering Aminoglycoside Drugs to Mitochondria in HeLa Cells.	2016	Journal Article
26438271	10.1007/s10162-015-0544-6	Loss of Afferent Vestibular Input Produces Central Adaptation and Increased Gain of Vestibular Prosthetic Stimulation.	2016	Journal Article
29727126		Effects of caffeic acid phenethyl ester on cisplatin ototoxicity.	2016	Journal Article
28266200		Accidental cisplatin overdose in a child: Successful management with repetitive plasmapheresis and use of chemoprotective agents.	2016	Case Reports
28115933	10.1155/2016/1809394	Cisplatin-Associated Ototoxicity: A Review for the Health Professional.	2016	Journal Article
27638075	10.1016/B978-0-444-63437-5.00017-0	Bilateral vestibulopathy.	2016	Journal Article
27576862		Cilostazol Effect on Amikacin-Induced Ototoxicity: An Experimental Study.	2016	Journal Article
27286730		Audiological Monitoring in Children Treated with Platinum Chemotherapy.	2016	Journal Article
27259939	10.1007/978-1-4939-3615-1_22	Development of Cell-Based High-Throughput Chemical Screens for Protection Against Cisplatin-Induced Ototoxicity.	2016	Journal Article
26963517	10.3109/14992027.2016.1143980	D-methionine (D-met) significantly reduces kanamycin-induced ototoxicity in pigmented guinea pigs.	2016	Journal Article
26881219	10.1155/2016/4048390	New Therapeutic Concept of NAD Redox Balance for Cisplatin Nephrotoxicity.	2016	Journal Article
26789647	10.1159/000441833	The Sustained-Exposure Dexamethasone Formulation OTO-104 Offers Effective Protection against Cisplatin-Induced Hearing Loss.	2016	Journal Article
26774148	10.4149/212_140820N391	Genetic risk factors of cisplatin induced ototoxicity in adult patients.	2016	Journal Article
26581586	10.1517/14656566.2016.1122757	Pharmacotherapeutic options for treating adverse effects of Cisplatin chemotherapy.	2016	Journal Article
26472207		Hair Cell Loss Induced by Sphingosine and a Sphingosine Kinase Inhibitor in the Rat Cochlea.	2016	Journal Article
26419839	10.1177/0194599815606704	Cisplatin-Induced Ototoxicity and the Effects of Intratympanic Diltiazem in a Mouse Model.	2016	Journal Article
26025356	10.1016/j.otorri.2015.02.002	Extended high-frequency audiometry (9,000-20,000 Hz). Usefulness in audiological diagnosis.	2016	Journal Article
26673664	10.1038/cddis.2015.362	Loss of STAT1 protects hair cells from ototoxicity through modulation of STAT3, c-Jun, Akt, and autophagy factors.	2015	Journal Article
26670892	10.1136/bcr-2015-211977	Sudden onset unilateral sensorineural hearing loss after rabies vaccination.	2015	Case Reports
26643339	10.1128/AAC.02282-15	Amikacin Pharmacokinetics/Pharmacodynamics in a Novel Hollow-Fiber Mycobacterium abscessus Disease Model.	2015	Journal Article
26915151	10.5152/iao.2015.912	Evaluation of Lapatinib and Trastuzumab for Ototoxic Effects.	2015	Journal Article
26915150	10.5152/iao.2015.1094	Effect of Transtympanic Injection of Melatonin on Cisplatin-Induced Ototoxicity.	2015	Journal Article
26670754		Sensorineural hearing loss in β-thalassemia patients treated with iron chelation.	2015	Journal Article
26622949	10.3342/ceo.2015.8.4.329	Cochlear Implantation for Profound Hearing Loss After Multimodal Treatment for Neuroblastoma in Children.	2015	Journal Article
26622947	10.3342/ceo.2015.8.4.312	An Evaluation of the Protective Effects of Thymoquinone on Amikacin-Induced Ototoxicity in Rats.	2015	Journal Article
26574172	10.1016/j.ijporl.2015.09.037	Establishment of a model of cochlear lesions in rats to study potential gene therapy for sensorineural hearing loss.	2015	Journal Article
26564230	10.1007/s00204-015-1633-3	DNA damage response in cisplatin-induced nephrotoxicity.	2015	Journal Article
26485588	10.1097/MAO.0000000000000850	Dexamethasone Protects Against Radiation-induced Loss of Auditory Hair Cells In Vitro.	2015	Journal Article
26434546	10.1016/j.ijporl.2015.09.023	Quercetine attenuates the gentamicin-induced ototoxicity in a rat model.	2015	Journal Article
26426298	10.1111/tmi.12608	Risk of gentamicin toxicity in neonates treated for possible severe bacterial infection in low- and middle-income countries: Systematic Review.	2015	Journal Article
26278638	10.1016/j.heares.2015.08.004	Protective role of edaravone against cisplatin-induced ototoxicity in an auditory cell line.	2015	Journal Article
25929858	10.1038/cdd.2015.48	Live imaging the phagocytic activity of inner ear supporting cells in response to hair cell death.	2015	Journal Article
25377793	10.1007/s12035-014-8951-y	Spontaneous and Partial Repair of Ribbon Synapse in Cochlear Inner Hair Cells After Ototoxic Withdrawal.	2015	Journal Article
26498527	10.1016/j.bbrc.2015.10.081	Dunnione ameliorates cisplatin-induced small intestinal damage by modulating NAD(+) metabolism.	2015	Journal Article
26469832	10.1038/bjc.2015.359	Molecular targets for anticancer redox chemotherapy and cisplatin-induced ototoxicity: the role of curcumin on pSTAT3 and Nrf-2 signalling.	2015	Journal Article
26564118	10.1136/bcr-2015-212933	Sensorineural deafness following routine transurethral resection of the prostate.	2015	Case Reports
26400460	10.1002/cam4.516	SOD2 genetic variant associated with treatment-related ototoxicity in cisplatin-treated pediatric medulloblastoma.	2015	Journal Article
26384832	10.1016/j.ijporl.2015.09.004	Effect of sepsis and systemic inflammatory response syndrome on neonatal hearing screening outcomes following gentamicin exposure.	2015	Journal Article
26347391	10.1136/thoraxjnl-2015-207245	A systematic review and meta-analysis of the efficacy and safety of N-acetylcysteine in preventing aminoglycoside-induced ototoxicity: implications for the treatment of multidrug-resistant TB.	2015	Journal Article
26307546	10.1016/j.ijporl.2015.08.012	Role of autophagy in cisplatin-induced ototoxicity.	2015	Journal Article
26027789	10.1016/j.trsl.2015.05.002	Zebrafish swimming behavior as a biomarker for ototoxicity-induced hair cell damage: a high-throughput drug development platform targeting hearing loss.	2015	Journal Article
25591968	10.1177/0960327114567766	Protective role of quercetin against cisplatin-induced hair cell damage in zebrafish embryos.	2015	Journal Article
26193055	10.1016/j.taap.2015.07.014	Erdosteine protects HEI-OC1 auditory cells from cisplatin toxicity through suppression of inflammatory cytokines and induction of Nrf2 target proteins.	2015	Journal Article
27623314	10.1021/acsinfecdis.5b00069	Synthesis and Antiribosomal Activities of 4'-O-, 6'-O-, 4″-O-, 4',6'-O- and 4″,6″-O-Derivatives in the Kanamycin Series Indicate Differing Target Selectivity Patterns between the 4,5- and 4,6-Series of Disubstituted 2-Deoxystreptamine Aminoglycoside Antibiotics.	2015	Journal Article
26722409		Role of p19ink4d in the pathogenesis of hearing loss.	2015	Journal Article
26692870	10.4103/1673-5374.153704	An efficient strategy for establishing a model of sensorineural deafness in rats.	2015	Journal Article
26415968	10.3766/jaaa.15028	A Store-and-Forward Tele-Audiology Solution to Promote Efficient Screenings for Ototoxicity during Cisplatin Cancer Treatment.	2015	Journal Article
26319609	10.1016/j.arcmed.2015.08.005	Protective Effects of Apocynin on Cisplatin-induced Hepatotoxicity in Rats.	2015	Journal Article
26248372	10.1128/AAC.01050-15	Amikacin Concentrations Predictive of Ototoxicity in Multidrug-Resistant Tuberculosis Patients.	2015	Journal Article
26163095	10.1016/j.heares.2015.07.002	Canertinib induces ototoxicity in three preclinical models.	2015	Journal Article
26055150	10.1007/s10162-015-0528-6	Hearing Loss and Otopathology Following Systemic and Intracerebroventricular Delivery of 2-Hydroxypropyl-Beta-Cyclodextrin.	2015	Journal Article
25214172	10.1007/s00405-014-3283-0	Is there a gender-related susceptibility for cisplatin ototoxicity?	2015	Journal Article
25073872	10.1007/s00405-014-3207-z	Preventing amikacin related ototoxicity with N-acetylcysteine in patients undergoing peritoneal dialysis.	2015	Journal Article
26101797	10.1016/j.toxlet.2015.06.012	An integrated view of cisplatin-induced nephrotoxicity and ototoxicity.	2015	Journal Article
26375980	10.1097/MAO.0000000000000849	Dexamethasone Protects Against Apoptotic Cell Death of Cisplatin-exposed Auditory Hair Cells In Vitro.	2015	Journal Article
26232270	10.1016/j.ejca.2015.07.011	Carboplatin therapeutic monitoring in preterm and full-term neonates.	2015	Journal Article
25975288	10.3892/mmr.2015.3785	Future opportunities in preventing ototoxicity: Caffeic acid phenethyl ester may be a candidate (Review).	2015	Journal Article
25937133	10.1016/j.heares.2015.04.007	Potassium ion channel openers, Maxipost and Retigabine, protect against peripheral salicylate ototoxicity in rats.	2015	Journal Article
25892279	10.1002/lary.25304	Immunohistochemical localization of OCT2 in the cochlea of various species.	2015	Journal Article
25861690	10.3109/00016489.2015.1035797	Protective effects of sodium thiosulfate for cisplatin-mediated ototoxicity in patients with head and neck cancer.	2015	Journal Article
26295804	10.1371/journal.pone.0136051	NaHS Protects Cochlear Hair Cells from Gentamicin-Induced Ototoxicity by Inhibiting the Mitochondrial Apoptosis Pathway.	2015	Journal Article
26385408	10.1007/s10517-015-2979-5	Auditory Function in Immature Animals after Two Consecutive Courses of Ototoxic Antibiotics.	2015	Journal Article
26080623	10.3892/ijmm.2015.2249	Trichostatin A reduces cisplatin-induced ototoxicity through the STAT6 signaling pathway.	2015	Journal Article
26071016	10.1016/j.ijporl.2015.05.036	Gentamicin extended interval regimen and ototoxicity in neonates.	2015	Comparative Study
25891352	10.1016/j.heares.2015.04.002	Nicotinamide adenine dinucleotide: An essential factor in preserving hearing in cisplatin-induced ototoxicity.	2015	Journal Article
25882166	10.1016/j.heares.2015.03.010	Cell-specific accumulation patterns of gentamicin in the guinea pig cochlea.	2015	Journal Article
25132091	10.1007/s12035-014-8841-3	Inhibition of H3K4me2 Demethylation Protects Auditory Hair Cells from Neomycin-Induced Apoptosis.	2015	Journal Article
24737682	10.1002/hed.23714	Hearing evaluation of patients with head and neck cancer: Comparison of Common Terminology Criteria for Adverse Events, Brock and Chang adverse event criteria in patients receiving cisplatin.	2015	Comparative Study
26224861	10.1523/JNEUROSCI.0967-15.2015	In Vivo Cochlear Hair Cell Generation and Survival by Coactivation of β-Catenin and Atoh1.	2015	Journal Article
29051464	10.3390/toxics3030268	Cisplatin-Induced Ototoxicity: Effects, Mechanisms and Protection Strategies.	2015	Journal Article
26734400	10.1136/bmjquality.u207727.w3081	Using a simple handover to improve the timing of gentamicin levels.	2015	Journal Article
26321088		Cisplatin based chemoradiation late toxicities in head and neck squamous cell carcinoma patients.	2015	Journal Article
26071124	10.1007/s12032-015-0646-3	Short-term cohort study on sensorineural hearing changes in head and neck radiotherapy.	2015	Journal Article
25809464	10.1038/gt.2015.22	Cochlear protection against cisplatin by viral transfection of X-linked inhibitor of apoptosis protein across round window membrane.	2015	Journal Article
25783988	10.1016/j.heares.2015.03.002	Aminoglycoside ototoxicity and hair cell ablation in the adult gerbil: A simple model to study hair cell loss and regeneration.	2015	Journal Article
25738645	10.3892/mmr.2015.3396	Protective mechanism of Korean Red Ginseng in cisplatin-induced ototoxicity through attenuation of nuclear factor-κB and caspase-1 activation.	2015	Journal Article
25647042	10.1002/lary.25116	Circadian variation of gentamicin toxicity in rats.	2015	Journal Article
26011390	10.1097/WNR.0000000000000386	Lysine-specific demethylase 1 inhibitors protect cochlear spiral ganglion neurons against cisplatin-induced damage.	2015	Journal Article
25896296	10.1007/s11064-015-1584-3	Green Tea Polyphenols Protects Cochlear Hair Cells from Ototoxicity by Inhibiting Notch Signalling.	2015	Journal Article
25790951	10.1007/s10162-015-0515-y	Histopathologic Changes of the Inner ear in Rhesus Monkeys After Intratympanic Gentamicin Injection and Vestibular Prosthesis Electrode Array Implantation.	2015	Journal Article
25779470	10.1177/0194599815573197	The effect of radiotherapy on gentamicin ototoxicity: an animal model.	2015	Comparative Study
25596088	10.1007/s13277-015-3091-1	Urinary parameters predictive and electrolyte disturbances of cisplatin-induced acute renal associated with cancer as a critical target of the chemotherapeutic agent in patients with solid tumors.	2015	Journal Article
26029729	10.1038/mtm.2015.19	Ototoxicity-induced loss of hearing and inner hair cells is attenuated by HSP70 gene transfer.	2015	Journal Article
26052268	10.3389/fncel.2015.00190	Early transcriptional response to aminoglycoside antibiotic suggests alternate pathways leading to apoptosis in sensory hair cells in the mouse inner ear.	2015	Journal Article
26029103	10.3389/fnagi.2015.00086	Synergistic effects of free radical scavengers and cochlear vasodilators: a new otoprotective strategy for age-related hearing loss.	2015	Journal Article
25973683	10.1038/cddis.2015.108	XBP1 mitigates aminoglycoside-induced endoplasmic reticulum stress and neuronal cell death.	2015	Journal Article
25962854	10.7554/eLife.06576	Tinnitus and hyperacusis involve hyperactivity and enhanced connectivity in auditory-limbic-arousal-cerebellar network.	2015	Journal Article
26716803	10.7727/wimj.2014.393	Survival of Cochlear Spiral Ganglion Neurons Improved In vivo by Anti-miR204 via TMPRSS3.	2015	Journal Article
26642653		IMPACT OF GENTAMICIN ON ANTIOXIDANT ENZYMES ACTIVITY IN HEMn-DP CELLS.	2015	Journal Article
25749575	10.1007/s00280-015-2716-9	Ginkgolide B protects against cisplatin-induced ototoxicity: enhancement of Akt-Nrf2-HO-1 signaling and reduction of NADPH oxidase.	2015	Journal Article
25739461	10.3109/00016489.2014.979438	The minimum peptides of IGF-1 and substance P protect vestibular hair cells against neomycin ototoxicity.	2015	Journal Article
25688541	10.1117/1.JBO.20.5.051032	Gentamicin differentially alters cellular metabolism of cochlear hair cells as revealed by NAD(P)H fluorescence lifetime imaging.	2015	Journal Article
25605693	10.1177/0194599814565594	Attenuation of streptomycin ototoxicity by tetramethylpyrazine in guinea pig cochlea.	2015	Journal Article
25583134	10.1002/lary.25031	Investigation of protective role of curcumin against paclitaxel-induced inner ear damage in rats.	2015	Journal Article
25926770	10.3389/fncel.2015.00130	Local mechanisms for loud sound-enhanced aminoglycoside entry into outer hair cells.	2015	Journal Article
26223712	10.5152/iao.2015.484	Apoptotic Effects of Sanguinarine on the Organ of Corti 1 Cells: Comparison with Cisplatin.	2015	Comparative Study
26223711	10.5152/iao.2015.650	N-acetylcysteine Prevents Gentamicin Ototoxicity in a Rat Model.	2015	Journal Article
26185792	10.7874/jao.2015.19.1.51	A Case of Cochlear Implantation in Bromate-Induced Bilateral Sudden Deafness.	2015	Journal Article
25712657	10.1016/j.pharep.2014.10.007	Neurotrophic and antioxidant effects of silymarin comparable to 4-methylcatechol in protection against gentamicin-induced ototoxicity in guinea pigs.	2015	Comparative Study
25550222	10.1177/0194599814564934	Assessment of mitochondrial membrane potential in HEI-OC1 and LLC-PK1 cells treated with gentamicin and mitoquinone.	2015	Journal Article
25488710	10.1007/s12640-014-9503-y	D-methionine protects against cisplatin-induced neurotoxicity in the hippocampus of the adult rat.	2015	Journal Article
25358613	10.1177/0003489414557020	Betahistine exacerbates amikacin ototoxicity.	2015	Journal Article
25889937	10.1186/s13014-015-0377-9	Concurrent chemoradiotherapy was associated with a higher severe late toxicity rate in nasopharyngeal carcinoma patients compared with radiotherapy alone: a meta-analysis based on randomized controlled trials.	2015	Comparative Study
25811375	10.1371/journal.pone.0121599	All Akt isoforms (Akt1, Akt2, Akt3) are involved in normal hearing, but only Akt2 and Akt3 are involved in auditory hair cell survival in the mammalian inner ear.	2015	Journal Article
25763866	10.1371/journal.pone.0115657	A randomised, double blind trial of N-Acetylcysteine for hearing protection during stapes surgery.	2015	Journal Article
25742173	10.1371/journal.pntd.0003549	In-vitro activity of avermectins against Mycobacterium ulcerans.	2015	Journal Article
25878591	10.4103/1673-5374.153691	Gene transfection mediated by polyethyleneimine-polyethylene glycol nanocarrier prevents cisplatin-induced spiral ganglion cell damage.	2015	Journal Article
25665007	10.1038/ng.3217	Common variants in ACYP2 influence susceptibility to cisplatin-induced hearing loss.	2015	Journal Article
25554003	10.1016/j.amjoto.2014.11.003	Histone deacetylase inhibitor sodium butyrate attenuates gentamicin-induced hearing loss in vivo.	2015	Comparative Study
25352219	10.1007/s12013-014-0273-1	Streptomycin ototoxicity in rat cochlear organotypic cultures.	2015	Journal Article
25092119	10.1002/jat.3043	Protective role of L-ascorbic acid, N-acetylcysteine and apocynin on neomycin-induced hair cell loss in zebrafish.	2015	Journal Article
25076226	10.1097/MAO.0000000000000517	Evaluation of apoptotic markers in HEI-OC1 cells treated with gentamicin with and without the mitochondria-targeted antioxidant mitoquinone.	2015	Journal Article
24798086	10.1007/s00204-014-1259-x	Ceramide/sphingomyelin cycle involvement in gentamicin-induced cochlear hair cell death.	2015	Journal Article
25697147	10.1038/emm.2014.112	Bucillamine prevents cisplatin-induced ototoxicity through induction of glutathione and antioxidant genes.	2015	Journal Article
25556684	10.1016/j.neulet.2014.12.060	17-DMAG induces Hsp70 and protects the auditory hair cells from kanamycin ototoxicity in vitro.	2015	Journal Article
25640330	10.1038/srep08181	Adjudin protects rodent cochlear hair cells against gentamicin ototoxicity via the SIRT3-ROS pathway.	2015	Journal Article
25753888		The use of vancomycin with its therapeutic and adverse effects: a review.	2015	Journal Article
25555219	10.1172/JCI77424	Designer aminoglycosides prevent cochlear hair cell loss and hearing loss.	2015	Journal Article
25551355	10.3109/08880018.2014.983624	Oxaliplatin and Doxorubicin for relapsed or refractory high-risk neuroblastoma.	2015	Clinical Trial, Phase I
25529530	10.1016/j.heares.2014.12.002	Eye color as a risk factor for acquired sensorineural hearing loss: a review.	2015	Journal Article
25411097	10.1007/s11060-014-1657-1	N-acetylcysteine chemoprotection without decreased cisplatin antitumor efficacy in pediatric tumor models.	2015	Journal Article
25296102	10.3109/0886022X.2014.967645	The impact of alpha-lipoic acid on amikacin-induced nephrotoxicity.	2015	Journal Article
25267530	10.1002/lary.24948	A low-dose regimen of cisplatin before high-dose cisplatin potentiates ototoxicity.	2015	Journal Article
25261194	10.1007/s10162-014-0491-7	Heat shock protein-mediated protection against Cisplatin-induced hair cell death.	2015	Journal Article
24786541	10.1097/MAO.0000000000000402	Jellyfish model for ototoxicity.	2015	Journal Article
24781382	10.1007/s12035-014-8712-y	Inhibition of the activation and recruitment of microglia-like cells protects against neomycin-induced ototoxicity.	2015	Journal Article
24478269	10.1002/hed.23551	Sensorineural hearing loss in patients with head and neck cancer after chemoradiotherapy and radiotherapy: a systematic review of the literature.	2015	Journal Article
25674052	10.3389/fncel.2015.00003	Hepatocyte growth factor mimetic protects lateral line hair cells from aminoglycoside exposure.	2015	Journal Article
25611380	10.1038/cddis.2014.549	Bmi1 regulates auditory hair cell survival by maintaining redox balance.	2015	Journal Article
27186928	10.5935/0946-5448.20150004	Risk of hearing alterations in newborns of mothers treated for malaria.	2015	Journal Article
27186927	10.5935/0946-5448.20150003	The chemopreventive effect of Ginkgo biloba extract 761 against cisplatin ototoxicity: a pilot study.	2015	Journal Article
26925255		Cisplatin-induced apoptosis in auditory, renal, and neuronal cells is associated with nitration and downregulation of LMO4.	2015	Journal Article
26510796		Adjudin--A Male Contraceptive with Other Biological Activities.	2015	Journal Article
26506922	10.3109/07420528.2015.1082483	Gentamicin-induced ototoxicity and nephrotoxicity vary with circadian time of treatment and entail separate mechanisms.	2015	Comparative Study
26279947		Histone deacetylase inhibition protects hearing against acute ototoxicity by activating the Nf-<i>κ</i>B pathway.	2015	Journal Article
25950003	10.1155/2015/934158	Minocycline protection of neomycin induced hearing loss in gerbils.	2015	Journal Article
25924602	10.1159/000381461	Dose-Dense Neoadjuvant Chemotherapy plus Radical Surgery in Locally Advanced Cervical Cancer: A Phase II Study.	2015	Clinical Trial, Phase II
25823781	10.2217/pgs.14.182	Human OCT2 variant c.808G>T confers protection effect against cisplatin-induced ototoxicity.	2015	Journal Article
25821323	10.4103/0253-7613.150375	Aminoglycosides induce fragility of human red cell membrane: an in vitro study.	2015	Journal Article
25740492	10.1007/978-1-4939-2495-0_20	In vitro preparation of newt inner ear sensory epithelia as a model for repair and regeneration.	2015	Journal Article
25577212	10.1007/s10856-014-5330-1	Green synthesis of platinum nanoparticles that induce cell death and G2/M-phase cell cycle arrest in human cervical cancer cells.	2015	Journal Article
25434479	10.1016/j.ijporl.2014.11.008	Protective effect of resveratrol against cisplatin-induced ototoxicity in HEI-OC1 auditory cells.	2015	Journal Article
25052549	10.1002/cbin.10347	Growth factors have a protective effect on neomycin-induced hair cell loss.	2015	Journal Article
24972491	10.1179/1754762814Y.0000000089	Cochlear implantation and alcohol misuse.	2015	Journal Article
25551397	10.1371/journal.pone.0115869	Influence of genetic variants in TPMT and COMT associated with cisplatin induced hearing loss in patients with cancer: two new cohorts and a meta-analysis reveal significant heterogeneity between cohorts.	2014	Journal Article
25501662	10.1371/journal.pone.0115263	Downstream targets of Lmo4 are modulated by cisplatin in the inner ear of Wistar rats.	2014	Journal Article
26759527	10.1016/S1359-6349(15)70005-4	Limitations to the use of carboplatin-based therapy in advanced ovarian cancer.	2014	Journal Article
26396946	10.1007/s12070-013-0695-x	The Protective Effect of Chrysin Against Cisplatin İnduced Ototoxicity in Rats.	2014	Journal Article
25629145		Drug-induced hearing loss.	2014	Journal Article
25458160	10.1016/j.ijporl.2014.10.013	Effects of caffeic acid on cisplatin-induced hair cell damage in HEI-OC1 auditory cells.	2014	Journal Article
25439704	10.1016/j.ijporl.2014.08.039	Hearing loss in a pediatric patient following cisplatin chemotherapy and subsequent exposure to excessive noise.	2014	Case Reports
25436046	10.3342/ceo.2014.7.4.275	Dexmedetomidine preconditioning attenuates Cisplatin-induced ototoxicity in zebrafish.	2014	Journal Article
25199523	10.1177/0897190014546836	Aminoglycoside-induced nephrotoxicity.	2014	Journal Article
25179451	10.1007/s11060-014-1598-8	Treatment of recurrent primitive neuroectodermal tumors (PNET) in children and adolescents with high-dose chemotherapy (HDC) and stem cell support: results of the HITREZ 97 multicentre trial.	2014	Clinical Trial
24609645	10.1007/s00405-014-2957-y	Effect of intratympanic dimethyl sulphoxide (DMSO) in an in vivo model of cisplatin-related ototoxicity.	2014	Journal Article
25202928	10.1097/WNR.0000000000000254	Neurotrophic effects of taurine on spiral ganglion neurons in vitro.	2014	Journal Article
25240593	10.1016/j.neulet.2014.09.028	Metformin protects against gentamicin-induced hair cell death in vitro but not ototoxicity in vivo.	2014	Journal Article
25315890	10.1017/S0022215114002254	Treatment of vertigo and postural instability using visual illusions.	2014	Case Reports
25181333	10.1016/j.taap.2014.08.022	Ototoxicity of paclitaxel in rat cochlear organotypic cultures.	2014	Journal Article
25136009	10.1128/AAC.03239-14	In vivo efficacy of apramycin in murine infection models.	2014	Journal Article
25127324	10.1097/AUD.0000000000000070	Evaluation of ototoxicity in patients treated with hyperthermic intraperitoneal chemotherapy (HIPEC) with cisplatin and sodium thiosulfate.	2014	Journal Article
25078416	10.1177/0194599814544877	Targeted amelioration of cisplatin-induced ototoxicity in guinea pigs.	2014	Comparative Study
24976616	10.1002/pbc.25123	Incidence of platinum-induced ototoxicity in pediatric patients in Quebec.	2014	Journal Article
24888499	10.1002/dvdy.24150	Cisplatin exposure damages resident stem cells of the mammalian inner ear.	2014	Journal Article
24820112	10.1177/0003489414534010	A new grading system for ototoxicity in adults.	2014	Journal Article
24623558	10.1007/s00018-014-1594-3	Prevention of cisplatin-induced ototoxicity by the inhibition of gap junctional intercellular communication in auditory cells.	2014	Journal Article
25268124	10.1371/journal.pone.0108941	Sodium-glucose transporter-2 (SGLT2; SLC5A2) enhances cellular uptake of aminoglycosides.	2014	Journal Article
25363170	10.5539/gjhs.v6n7p144	Comparison of local and systemic ciprofloxacin ototoxicity in the treatment of chronic media otitis.	2014	Journal Article
25363169	10.5539/gjhs.v6n7p136	Causes of tinnitus in patients referred to ENT clinic of Imam Khomeini hospital in Urmia, 2012-2013.	2014	Journal Article
25278835	10.3389/fncel.2014.00248	In vivo overexpression of X-linked inhibitor of apoptosis protein protects against neomycin-induced hair cell loss in the apical turn of the cochlea during the ototoxic-sensitive period.	2014	Journal Article
25064701	10.1016/j.neulet.2014.07.025	Hydrogen protects auditory hair cells from cisplatin-induced free radicals.	2014	Journal Article
25237294	10.3389/fncel.2014.00265	Extracellular gentamicin reduces the activity of connexin hemichannels and interferes with purinergic Ca(2+) signaling in HeLa cells.	2014	Journal Article
31051984	10.1016/j.jmir.2013.11.003	Sensorineural Hearing Loss after Treatment for Head and Neck Cancer: A Review of the Literature.	2014	Journal Article
25410892	10.2217/pgs.14.112	Genetic variation in Otos is associated with cisplatin-induced ototoxicity.	2014	Journal Article
25279227	10.7874/kja.2014.18.2.58	Comparison of the effectiveness of monitoring Cisplatin-induced ototoxicity with extended high-frequency pure-tone audiometry or distortion-product otoacoustic emission.	2014	Journal Article
25229226		First report on ototoxicity of meglumine antimoniate.	2014	Case Reports
25215266		Intratympanic Therapies for Menière's disease.	2014	Journal Article
25167568	10.1684/epd.2014.0671	Valproate-induced reversible sensorineural hearing loss: a case report with serial audiometry and pharmacokinetic modelling during a valproate rechallenge.	2014	Case Reports
25087465	10.1016/j.amjoto.2014.07.002	The protective role of thymoquinone in the prevention of gentamicin ototoxicity.	2014	Journal Article
25032121	10.1007/s12070-014-0718-2	The protective role of molsidomine on the Cisplatin-induced ototoxicity.	2014	Journal Article
24782555	10.4187/respcare.02980	A survey of extended-interval aminoglycoside dosing practices in United States adult cystic fibrosis programs.	2014	Journal Article
24881578	10.1016/j.bcp.2014.05.018	Entry of aminoglycosides into renal tubular epithelial cells via endocytosis-dependent and endocytosis-independent pathways.	2014	Journal Article
25216502		Aminoglycoside-induced damage in the statocyst of the longfin inshore squid, Doryteuthis pealeii.	2014	Journal Article
25004323	10.1097/AOG.0000000000000389	A child with severe hearing loss associated with maternal cisplatin treatment during pregnancy.	2014	Case Reports
24910417	10.1016/j.ejca.2014.05.002	Actinomycin D, cisplatin, and etoposide regimen is associated with almost universal cure in patients with high-risk gestational trophoblastic neoplasia.	2014	Journal Article
24880922	10.1016/j.ijporl.2014.05.018	Protective effects of caffeic acid phenethyl ester (CAPE) against neomycin-induced hair cell damage in zebrafish.	2014	Journal Article
24845404	10.1007/s10162-014-0458-8	Systemic lipopolysaccharide induces cochlear inflammation and exacerbates the synergistic ototoxicity of kanamycin and furosemide.	2014	Journal Article
24841915	10.1097/MAO.0000000000000403	Attenuation of cisplatin ototoxicity by otoprotective effects of nanoencapsulated curcumin and dexamethasone in a guinea pig model.	2014	Journal Article
24700295	10.1208/s12249-014-0106-y	Caprylate-conjugated Cisplatin for the development of novel liposomal formulation.	2014	Journal Article
25093006	10.4137/CCRep.S15111	Reversible ototoxicity: a rare adverse reaction of liposomal amphotericin-B used for the treatment of antimony-resistant visceral leishmaniasis in an elderly male.	2014	Case Reports
25041714	10.1186/1748-717X-9-158	Ototoxicity evaluation in medulloblastoma patients treated with involved field boost using intensity-modulated radiation therapy (IMRT): a retrospective review.	2014	Journal Article
25097292	10.4103/0253-7613.135966	Reversible bilateral sensori-neural hearing loss due to olanzapine in a male suffering from bipolar affective disorder.	2014	Case Reports
25025411		Ototoxicity in Nigeria: why it persists.	2014	Journal Article
24984156	10.1002/14651858.CD009219.pub3	Medical interventions for the prevention of platinum-induced hearing loss in children with cancer.	2014	Journal Article
24973752	10.1242/dmm.016576	The zebrafish merovingian mutant reveals a role for pH regulation in hair cell toxicity and function.	2014	Journal Article
24905944	10.1097/SCS.0000000000000881	Evaluation of the protective effect of α-lipoic acid on cisplatin ototoxicity using distortion-product otoacoustic emission measurements: an experimental animal study.	2014	Journal Article
24834938	10.3109/00016489.2014.898186	Ototoxic effect of daptomycin applied to the guinea pig middle ear.	2014	Journal Article
24793116	10.1016/j.heares.2014.04.007	Acetaminophen and NAPQI are toxic to auditory cells via oxidative and endoplasmic reticulum stress-dependent pathways.	2014	Journal Article
24680217	10.1016/j.aanat.2014.01.005	Topographical and drug specific sensitivity of hair cells of the zebrafish larvae to aminoglycoside-induced toxicity.	2014	Journal Article
24666019	10.1185/03007995.2014.908278	Emerging role of probiotics and antimicrobials in the management of irritable bowel syndrome.	2014	Journal Article
24565869	10.1016/j.jcf.2014.01.014	Safety of inhaled (Tobi®) and intravenous tobramycin in young children with cystic fibrosis.	2014	Comparative Study
24796665	10.1016/j.bbrc.2014.04.118	Alpha-lipoic acid protects against cisplatin-induced ototoxicity via the regulation of MAPKs and proinflammatory cytokines.	2014	Journal Article
24968257	10.1002/14651858.CD010885.pub2	Different infusion durations for preventing platinum-induced hearing loss in children with cancer.	2014	Journal Article
24709139	10.1016/j.toxlet.2014.03.022	Assessing cisplatin-induced ototoxicity and otoprotection in whole organ culture of the mouse inner ear in simulated microgravity.	2014	Journal Article
24796670	10.1016/j.bbrc.2014.04.123	Rapamycin alleviates cisplatin-induced ototoxicity in vivo.	2014	Journal Article
24922076	10.1038/cddis.2014.255	Augmentation of NAD(+) by NQO1 attenuates cisplatin-mediated hearing impairment.	2014	Journal Article
24560772	10.1016/j.tox.2014.01.013	Activation of β-catenin by inhibitors of glycogen synthase kinase-3 ameliorates cisplatin-induced cytotoxicity and pro-inflammatory cytokine expression in HEI-OC1 cells.	2014	Journal Article
24945170	10.14423/01.SMJ.0000450714.38550.d4	Does melatonin have therapeutic use in tinnitus?	2014	Journal Article
24822149	10.1007/s12070-013-0623-0	The effect of Beta glucan on Cisplatin ototoxicity.	2014	Journal Article
24816150	10.1016/j.colsurfb.2014.03.054	Resveratrol-loaded nanocarriers: formulation, optimization, characterization and in vitro toxicity on cochlear cells.	2014	Journal Article
24689961	10.1111/ejn.12576	Nestin expression and reactive phenomena in the mouse cochlea after kanamycin ototoxicity.	2014	Journal Article
24673561	10.3109/00016489.2014.892631	Myosin VIIa and otoferlin in cochlear inner hair cells have distinct response to ototoxic exposure.	2014	Journal Article
24662629	10.1097/MAO.0000000000000342	Otoprotective properties of mannitol against gentamicin induced hair cell loss.	2014	Journal Article
24618499	10.1177/0194599814524894	Prevention of Cisplatin-Induced Hearing Loss by Intratympanic Dexamethasone: A Randomized Controlled Study.	2014	Journal Article
24608370	10.1097/MAO.0000000000000302	Curcuma longa (curcumin) decreases in vivo cisplatin-induced ototoxicity through heme oxygenase-1 induction.	2014	Journal Article
24590390	10.1007/s10162-014-0448-x	Assessment of nutrient supplement to reduce gentamicin-induced ototoxicity.	2014	Journal Article
24414535	10.1093/neuonc/not241	Evaluation of amifostine for protection against cisplatin-induced serious hearing loss in children treated for average-risk or high-risk medulloblastoma.	2014	Clinical Trial
23917735	10.1007/s00405-013-2647-1	Memantine's action against aminoglycoside-induced ototoxicity.	2014	Journal Article
24795994		Protective role of edaravone against neomycin-induced ototoxicity in zebrafish.	2014	Journal Article
24702224	10.3109/00016489.2013.879740	Cisplatin and oxaliplatin are toxic to cochlear outer hair cells and both target thioredoxin reductase in organ of Corti cultures.	2014	Journal Article
24664118	10.1007/s00441-014-1813-0	Developmental changes in the protective effect of exogenous brain-derived neurotrophic factor and neurotrophin-3 against ototoxic drugs in cultured rat vestibular ganglion neurons.	2014	Journal Article
24500877	10.1177/0194599814521013	Safety and otoprotection of metformin in radiation-induced sensorineural hearing loss in the guinea pig.	2014	Journal Article
24142776	10.1002/lary.24475	Steroids in aminoglycoside-containing ear drops: do they reduce cochlear toxicity?	2014	Journal Article
24072246	10.1097/MPH.0000000000000028	Cisplatin-induced hearing loss: the need for a long-term evaluating system.	2014	Clinical Trial
24762042	10.1186/1916-0216-43-12	Development of an ototoxicity model in the adult CBA/CaJ mouse and determination of a golden window of corticosteroid intervention for otoprotection.	2014	Journal Article
24508748	10.1016/j.neuroscience.2014.01.057	Protective effect of rasagiline in aminoglycoside ototoxicity.	2014	Journal Article
25118554		High prevalence of cisplatin-induced ototoxicity in Cape Town, South Africa.	2014	Journal Article
24735939	10.1017/S0022215114000553	Protective effect of (-)-epigallocatechin-3-gallate against cisplatin-induced ototoxicity.	2014	Journal Article
24622028	10.1097/MAO.0000000000000251	Ototoxicity of gentian violet on the guinea pig cochlea.	2014	Journal Article
24582075	10.1016/j.ijporl.2014.01.031	Protective effect of trimetazidine on amikacin-induced ototoxicity in rats.	2014	Comparative Study
24521345	10.3109/00016489.2013.875219	Dynamic distribution of ototoxic gentamicin entry into inner hair cells of mice.	2014	Comparative Study
24504791	10.1002/pbc.24830	Concordance between the chang and the International Society of Pediatric Oncology (SIOP) ototoxicity grading scales in patients treated with cisplatin for medulloblastoma.	2014	Comparative Study
24487230	10.1016/j.heares.2014.01.005	In vitro assessment of antiretroviral drugs demonstrates potential for ototoxicity.	2014	Journal Article
24415490	10.1177/0194599813519071	Kanamycin-furosemide ototoxicity in the mouse cochlea: a 3-dimensional analysis.	2014	Comparative Study
24297263	10.1007/s10162-013-0431-y	Protective effect of metformin against cisplatin-induced ototoxicity in an auditory cell line.	2014	Journal Article
24625583	10.1371/journal.pntd.0002739	Long term streptomycin toxicity in the treatment of Buruli Ulcer: follow-up of participants in the BURULICO drug trial.	2014	Journal Article
24623533	10.1093/jnci/dju044	Chemotherapy-induced peripheral neurotoxicity and ototoxicity: new paradigms for translational genomics.	2014	Journal Article
24518411	10.1097/MAO.0000000000000192	Mitochondria-targeted antioxidant MitoQ reduces gentamicin-induced ototoxicity.	2014	Journal Article
24518407	10.1097/MAO.0000000000000261	OTO-201: nonclinical assessment of a sustained-release ciprofloxacin hydrogel for the treatment of otitis media.	2014	Journal Article
24434130	10.1016/j.ijporl.2013.12.024	Protective effect of silymarin against cisplatin-induced ototoxicity.	2014	Journal Article
24337005	10.1039/c3mt00238a	Chemoprotection by D-methionine against cisplatin-induced side-effects: insight from in vitro studies using human plasma.	2014	Journal Article
24119490	10.1016/j.amjoto.2013.08.022	The protective effect of Salvia miltiorrhiza on gentamicin-induced ototoxicity.	2014	Journal Article
24025646	10.1038/ki.2013.330	Pharmacological activation of NQO1 increases NAD⁺ levels and attenuates cisplatin-mediated acute kidney injury in mice.	2014	Journal Article
23946126	10.1002/lary.24360	Cisplatin otoprotection using transtympanic L-N-acetylcysteine: a pilot randomized study in head and neck cancer patients.	2014	Comparative Study
23900991	10.1002/lary.24323	Friend or foe? Effect of oral resveratrol on cisplatin ototoxicity.	2014	Journal Article
24397911	10.1016/j.neulet.2013.12.063	The influence of sphingosine-1-phosphate receptor antagonists on gentamicin-induced hair cell loss of the rat cochlea.	2014	Journal Article
24419114	10.1200/JCO.2013.51.2038	Ototoxicity in children with high-risk neuroblastoma: prevalence, risk factors, and concordance of grading scales--a report from the Children's Oncology Group.	2014	Journal Article
24453035	10.1002/anie.201308899	The prodrug platin-A: simultaneous release of cisplatin and aspirin.	2014	Journal Article
24286513	10.1111/cpr.12080	Protective effect of acetyl-l-carnitine against cisplatin ototoxicity: role of apoptosis-related genes and pro-inflammatory cytokines.	2014	Journal Article
24272769	10.1055/s-0033-1360482	Low-dose cisplatin-etoposide regimen for patients with optic pathway glioma: a report of four cases and literature review.	2014	Case Reports
24270164	10.1177/0194599813513007	Ototoxicity of polymyxin B, neomycin, and hydrocortisone suspension in tympanoplasty surgery.	2014	Journal Article
24030356	10.1007/s00204-013-1124-3	Protective role of NecroX-5 against neomycin-induced hair cell damage in zebrafish.	2014	Journal Article
23297007	10.1002/jat.2852	Novel synthetic protective compound, KR-22335, against cisplatin-induced auditory cell death.	2014	Journal Article
24286922	10.1016/j.ijpharm.2013.11.038	Intranasal delivery of streptomycin sulfate (STRS) loaded solid lipid nanoparticles to brain and blood.	2014	Journal Article
24401329	10.1186/2008-2231-22-15	Sudden hearing loss subsequent to diarrhea: what is the missing link?	2014	Journal Article
27186836	10.5935/0946-5448.20140010	Prevalence of hearing loss in newborns of mothers who had malaria and were treated with antimalaric drugs in pregnancy.	2014	Journal Article
25551926		Oxaliplatin and ototoxicity: is it really safe for hearing?	2014	Clinical Trial
25551925		The effect of lycopene on the ototoxicity induced by cisplatin.	2014	Journal Article
25140325	10.1155/2014/925485	Prevention and restoration of hearing loss associated with the use of cisplatin.	2014	Journal Article
25051423	10.3109/03630269.2014.940462	Incidence of ototoxicity in pediatric patients with transfusion-dependent thalassemia who are less well-chelated by mono- and combined therapy of iron chelating agents.	2014	Comparative Study
24806969		Cisplatin Properties in a Nanobiotechnological Approach to Cancer: A Mini-Review.	2014	Journal Article
24805896	10.1682/JRRD.2013.04.0092	Proposed comprehensive ototoxicity monitoring program for VA healthcare (COMP-VA).	2014	Case Reports
24765829		Ototoxicity screening of patients treated with streptomycin using distortion product otoacoustic emissions.	2014	Journal Article
24525357	10.1159/000357587	Does vestibular end-organ function recover after gentamicin-induced trauma in Guinea pigs?	2014	Journal Article
24460437	10.1513/AnnalsATS.201307-231OC	Inhaled amikacin for treatment of refractory pulmonary nontuberculous mycobacterial disease.	2014	Journal Article
24451682	10.1017/S0022215113003460	Pomegranate extract: a potential protector against aminoglycoside ototoxicity.	2014	Journal Article
24403515		Membrane transporters as mediators of cisplatin side-effects.	2014	Journal Article
24374476	10.1016/j.neuro.2013.12.006	Inhibition of p38 mitogen-activated protein kinase ameliorates radiation-induced ototoxicity in zebrafish and cochlea-derived cell lines.	2014	Journal Article
24308914	10.1016/j.neuro.2013.11.007	Nicotinamide adenine dinucleotide prevents neuroaxonal degeneration induced by manganese in cochlear organotypic cultures.	2014	Journal Article
24308912	10.1016/j.neuro.2013.11.002	Topographic and quantitative evaluation of gentamicin-induced damage to peripheral innervation of mouse cochleae.	2014	Journal Article
24233060	10.1177/0194599813511948	Dexamethasone otoprotection in a multidose cisplatin ototoxicity mouse model.	2014	Journal Article
24155155	10.1007/s12640-013-9428-x	Examination of calcium-binding protein expression in the inner ear of wild-type, heterozygous and homozygous pituitary adenylate cyclase-activating polypeptide (PACAP)-knockout mice in kanamycin-induced ototoxicity.	2014	Journal Article
23956184	10.1002/pbc.24670	Cumulative cisplatin dose is not associated with event-free or overall survival in children with newly diagnosed average-risk medulloblastoma treated with cisplatin based adjuvant chemotherapy: report from the Children's Oncology Group.	2014	Clinical Trial, Phase III
23548607	10.1177/0192623313483213	Comparison of cochlear cell death caused by cisplatin, alone and in combination with furosemide.	2014	Comparative Study
24427595	10.1007/s12070-013-0642-x	Protective role of bilberry extract against Cisplatin induced ototoxicity in rats.	2013	Journal Article
24353861	10.3342/ceo.2013.6.4.219	Protective Role of Trimetazidine Against Neomycin-induced Hair Cell Damage in Zebrafish.	2013	Journal Article
24343446	10.1117/1.JBO.18.12.128003	Effect of low-level laser treatment on cochlea hair-cell recovery after ototoxic hearing loss.	2013	Journal Article
24241639	10.1038/clpt.2013.178	Challenges in interpreting the evidence for genetic predictors of ototoxicity.	2013	Journal Article
24055622	10.1016/j.heares.2013.09.003	Age-related hearing loss patterns in Fischer 344/NHsd rats with cisplatin-induced hearing loss.	2013	Journal Article
23956204	10.1002/pbc.24699	Audiologic and vestibular assessment in patients with β-thalassemia major receiving long-term transfusion therapy.	2013	Journal Article
23804282	10.1002/jcb.24623	Impact of kanamycin on melanogenesis and antioxidant enzymes activity in melanocytes--an in vitro study.	2013	Journal Article
23754209	10.1002/lary.24235	Cochlear pharmacokinetics of cisplatin: an in vivo study in the guinea pig.	2013	Comparative Study
23606282	10.1007/s12035-013-8454-2	Cochlear inner hair cell ribbon synapse is the primary target of ototoxic aminoglycoside stimuli.	2013	Journal Article
24005042	10.1152/ajpcell.00077.2013	Extracellular Ca(2+) and Mg(2+) modulate aminoglycoside blockade of mechanotransducer channel-mediated Ca(2+) entry in zebrafish hair cells: an in vivo study with the SIET.	2013	Journal Article
24233331		High-dose gentamicin in newborn infants: is it safe?	2013	Journal Article
24216561	10.6092/1590-8577/1629	Ototoxicity associated with oxaliplatin in a patient with pancreatic cancer.	2013	Case Reports
24216513		Sound preconditioning therapy inhibits ototoxic hearing loss in mice.	2013	Journal Article
23962902	10.1097/CAD.0b013e3283650bda	Platinum compounds in children with cancer: toxicity and clinical management.	2013	Journal Article
23867989	10.1007/s11010-013-1756-x	Effect of streptomycin on melanogenesis and antioxidant status in melanocytes.	2013	Journal Article
23788258	10.1002/pbc.24631	Hearing loss and vestibular dysfunction among children with cancer after receiving aminoglycosides.	2013	Journal Article
23619994	10.1002/lary.24106	Gentamicin-induced bilateral vestibulopathy in rabbits: vestibular dysfunction and histopathology.	2013	Journal Article
23358585	10.1007/s00405-013-2352-0	The effects of lycopene on cisplatin-induced ototoxicity.	2013	Journal Article
24422857	10.1186/1756-9966-32-74	Pharmacokinetic study and evaluation of the safety of taurolidine for dogs with osteosarcoma.	2013	Journal Article
24224985	10.3766/jaaa.24.9.2	ABR obtained from time-efficient train stimuli for cisplatin ototoxicity monitoring.	2013	Journal Article
24198723	10.1155/2013/523480	Possible protective effect of sertraline against cisplatin-induced ototoxicity: an experimental study.	2013	Journal Article
24137434		Protective effect of tanshinone IIA against radiation-induced ototoxicity in HEI-OC1 cells.	2013	Journal Article
24120390	10.1016/j.arcmed.2013.09.013	Molsidomine prevents cisplatin-induced hepatotoxicity.	2013	Journal Article
23933362	10.1016/j.fct.2013.07.069	Red ginseng protects against gentamicin-induced balance dysfunction and hearing loss in rats through antiapoptotic functions of ginsenoside Rb1.	2013	Journal Article
23928512	10.1097/MAO.0b013e3182942240	A guinea pig model of selective severe high-frequency hearing loss.	2013	Journal Article
23918745	10.1002/lary.23904	Ototoxicity of aluminum acetate/benzethonium chloride otic solution in the chinchilla animal model.	2013	Journal Article
23884329	10.1097/MAO.0b013e318291c610	Deafness induction in mice.	2013	Journal Article
23884286	10.1177/0194599813498218	Osteopontin does not mitigate cisplatin ototoxicity or nephrotoxicity in adult mice.	2013	Journal Article
23749193	10.1007/s10162-013-0399-7	Reduced systemic toxicity and preserved vestibular toxicity following co-treatment with nitriles and CYP2E1 inhibitors: a mouse model for hair cell loss.	2013	Journal Article
24163613	10.1155/2013/182694	The role of thiamine pyrophosphate in prevention of cisplatin ototoxicity in an animal model.	2013	Journal Article
24147358		Netilmicin-induced modulation of melanogenesis in HEMa-LP melanocytes.	2013	Journal Article
23834721	10.1111/ejn.12290	Supporting cells regulate the remodelling of aminoglycoside-injured organ of Corti, through the release of high mobility group box 1.	2013	Journal Article
23761299	10.1093/toxsci/kft127	Vestibulotoxic properties of potential metabolites of allylnitrile.	2013	Journal Article
23583760	10.1016/j.neuroscience.2013.04.001	Gingko biloba extracts protect auditory hair cells from cisplatin-induced ototoxicity by inhibiting perturbation of gap junctional intercellular communication.	2013	Journal Article
23872836	10.1038/clpt.2013.116	Genetics of cisplatin ototoxicity: confirming the unexplained?	2013	Journal Article
23863716	10.1172/JCI68480	Inner ear supporting cells protect hair cells by secreting HSP70.	2013	Journal Article
23831416	10.1016/S1470-2045(13)70272-9	Dose-dense cisplatin-based chemotherapy and surgery for children with high-risk hepatoblastoma (SIOPEL-4): a prospective, single-arm, feasibility study.	2013	Journal Article
23820299	10.1038/clpt.2013.121	The role of inherited TPMT and COMT genetic variation in cisplatin-induced ototoxicity in children with cancer.	2013	Journal Article
23769626	10.1016/j.tips.2013.05.006	Understanding platinum-induced ototoxicity.	2013	Journal Article
23736811	10.1177/0194599813491712	Effect of systemic lipopolysaccharide-induced inflammation on cytokine levels in the murine cochlea: a pilot study.	2013	Comparative Study
23566980	10.1016/j.heares.2013.03.012	Insensitivity of the audiogram to carboplatin induced inner hair cell loss in chinchillas.	2013	Journal Article
23161274	10.1007/s00405-012-2254-6	Protective effect of thymoquinone against cisplatin-induced ototoxicity.	2013	Journal Article
25206508	10.3969/j.issn.1673-5374.2013.21.008	Calpain mediated cisplatin-induced ototoxicity in mice.	2013	Journal Article
23651617	10.1016/j.toxlet.2013.04.023	Nephroprotective effect of GSK-3β inhibition by lithium ions and δ-opioid receptor agonist dalargin on gentamicin-induced nephrotoxicity.	2013	Comparative Study
23825301	10.1126/scitranslmed.3006055	Bactericidal antibiotics induce mitochondrial dysfunction and oxidative damage in Mammalian cells.	2013	Journal Article
24057822	10.1055/s-0033-1354597	Bilateral vestibular loss.	2013	Journal Article
23558232	10.1016/j.neuro.2013.03.007	Trichostatin A protects against cisplatin-induced ototoxicity by regulating expression of genes related to apoptosis and synaptic function.	2013	Journal Article
23755301	10.1371/journal.pone.0066220	Identification of cisplatin-binding proteins using agarose conjugates of platinum compounds.	2013	Journal Article
23651576	10.1017/S0022215113000947	Mechanisms of cisplatin ototoxicity: theoretical review.	2013	Journal Article
23628221	10.1016/j.ijporl.2013.04.003	Protective effects of edaravone against cisplatin-induced hair cell damage in zebrafish.	2013	Comparative Study
23482479	10.1177/0194599813481565	Effects of topical oxiconazole and boric acid in alcohol solutions to rat inner ears.	2013	Comparative Study
23743750	10.5935/1808-8694.20130060	The effects of hyperbaric oxygen therapy upon ototoxic injuries produced by amikacin in guinea pigs.	2013	Journal Article
23557866	10.5414/CP201833	Lack of a relationship between the serum concentration of aminoglycosides and ototoxicity in neonates.	2013	Clinical Trial
23467171	10.1016/j.heares.2013.02.002	Cisplatin-induced ototoxicity: transporters playing a role in cisplatin toxicity.	2013	Journal Article
23274376	10.1097/MPH.0b013e3182707fc5	Cisplatin-induced ototoxicity in pediatric solid tumors: the role of glutathione S-transferases and megalin genetic polymorphisms.	2013	Journal Article
23001434	10.1007/s00405-012-2183-4	Protective effects of resveratrol on cisplatin-dependent inner-ear damage in rats.	2013	Journal Article
22907029	10.1007/s00405-012-2150-0	Systemic dexamethasone for the prevention of cisplatin-induced ototoxicity.	2013	Journal Article
24653899	10.7874/kja.2013.17.1.23	A case of bilateral sudden hearing loss and tinnitus after salicylate intoxication.	2013	Case Reports
23818356		Adjuvant chemotherapy after reduced craniospinal irradiation dose in children with average-risk medulloblastoma: a 5-year follow-up study.	2013	Journal Article
23599074	10.1001/jamaoto.2013.214	Efficacy and toxicity of peritumoral delivery of nanoconjugated cisplatin in an in vivo murine model of head and neck squamous cell carcinoma.	2013	Comparative Study
23483451	10.1002/lary.22171	Atoh1 induces auditory hair cell recovery in mice after ototoxic injury.	2013	Journal Article
23416261	10.1016/j.tiv.2013.02.002	Modulation of melanogenesis and antioxidant defense system in melanocytes by amikacin.	2013	Journal Article
23413197	10.1007/s10495-013-0816-8	Profiling drug-induced cell death pathways in the zebrafish lateral line.	2013	Journal Article
23255417	10.1002/pbc.24438	Inhaled lipid cisplatin (ILC) in the treatment of patients with relapsed/progressive osteosarcoma metastatic to the lung.	2013	Clinical Trial, Phase I
23109177	10.1007/s12013-012-9442-2	Bumetanide hyperpolarizes madin-darby canine kidney cells and enhances cellular gentamicin uptake by elevating cytosolic Ca(2+) thus facilitating intermediate conductance Ca(2+)--activated potassium channels.	2013	Journal Article
23065688	10.1002/pbc.24366	Glutathione S-transferase P1 single nucleotide polymorphism predicts permanent ototoxicity in children with medulloblastoma.	2013	Journal Article
22991276	10.1002/lary.23718	The effect of topically applied antimycotic agents on inner ear vestibular and cochlear function.	2013	Journal Article
23313113	10.1016/j.jconrel.2012.12.031	A regulated delivery system for inner ear drug application.	2013	Journal Article
23470714	10.1038/emm.2013.25	Different uptake of gentamicin through TRPV1 and TRPV4 channels determines cochlear hair cell vulnerability.	2013	Journal Article
25414733		Gentamicin Reduces Calcific Nodule Formation by Aortic Valve Interstitial Cells <i>In Vitro</i>.	2013	Journal Article
23525870	10.3342/ceo.2013.6.1.1	Evaluation of the protective effect of Beta glucan on amikacin ototoxicity using distortion product otoacoustic emission measurements in rats.	2013	Journal Article
23443244	10.1039/c3mt00012e	N-acetyl-L-cysteine modulates the metabolism of cis-platin in human plasma in vitro.	2013	Journal Article
23246618	10.1016/j.neuroscience.2012.12.008	A novel synthetic compound, 3-amino-3-(4-fluoro-phenyl)-1H-quinoline-2,4-dione, inhibits cisplatin-induced hearing loss by the suppression of reactive oxygen species: in vitro and in vivo study.	2013	Journal Article
22907028	10.1007/s00405-012-2140-2	The effect of intratympanic vitamin C administration on cisplatin-induced ototoxicity.	2013	Journal Article
22744939	10.1002/pbc.24236	The use of high-frequency audiometry increases the diagnosis of asymptomatic hearing loss in pediatric patients treated with cisplatin-based chemotherapy.	2013	Journal Article
23429292	10.1038/cddis.2013.28	Inhibition of H3K9 methyltransferases G9a/GLP prevents ototoxicity and ongoing hair cell death.	2013	Journal Article
23275343	10.1074/jbc.M112.434159	Gentamicin binds to the megalin receptor as a competitive inhibitor using the common ligand binding motif of complement type repeats: insight from the nmr structure of the 10th complement type repeat domain alone and in complex with gentamicin.	2013	Journal Article
23663536	10.1186/1916-0216-42-13	The ototoxic effect of intratympanic terbinafine applied in the middle ear of rats.	2013	Journal Article
23467956		Evaluation of the effect of gemcitabine on cochlea by otoacoustic emission in experimental animal model.	2013	Journal Article
23264116	10.1177/0194599812471499	Sensorineural hearing loss associated with neomycin eardrops and nonintact tympanic membranes.	2013	Journal Article
23161409	10.1007/s00280-012-2015-7	Phase II study of cisplatin and oral VP16 in patients with refractory or relapsed Ewing sarcoma.	2013	Clinical Trial, Phase II
23002030	10.1002/pbc.24307	Early cisplatin induced ototoxicity profile may predict the need for hearing support in children with medulloblastoma.	2013	Journal Article
22884636	10.1016/j.anl.2012.05.010	Effect of intratympanic dexamethasone administration on cisplatin-induced ototoxicity in adult guinea pigs.	2013	Journal Article
22804784	10.1111/j.1365-2125.2012.04379.x	Association between eIF3α polymorphism and severe toxicity caused by platinum-based chemotherapy in non-small cell lung cancer patients.	2013	Journal Article
22583420		Platinum compounds: a hope for future cancer chemotherapy.	2013	Journal Article
22147442	10.1002/jat.1729	Protective effects of apocynin on cisplatin-induced ototoxicity in an auditory cell line and in zebrafish.	2013	Journal Article
22134515	10.1097/COC.0b013e31822e006d	Transtympanic injections of N-acetylcysteine for the prevention of cisplatin-induced ototoxicity: a feasible method with promising efficacy.	2013	Clinical Trial, Phase I
23311701	10.1186/1743-7075-10-7	Melatonin suppresses cisplatin-induced nephrotoxicity via activation of Nrf-2/HO-1 pathway.	2013	Journal Article
25419212		Ototoxic Model of Oxaliplatin and Protection from Nicotinamide Adenine Dinucleotide.	2013	Journal Article
24319682	10.1155/2013/358015	Growth arrest on inhibition of nonsense-mediated decay is mediated by noncoding RNA GAS5.	2013	Journal Article
24051519	10.1159/000354056	Inhibition of K+ currents in type I vestibular hair cells by gentamicin and neomycin.	2013	Journal Article
24036765	10.1097/SCS.0b013e3182a232a5	The effect of corticosteroid against streptomycin ototoxicity.	2013	Journal Article
23824325		Pharmacogenomic investigation of adverse drug reactions(ADRs): the ADR prioritization tool, APT.	2013	Journal Article
23756362		Sildenafil and furosemide associated ototoxicity: consideration of drug-drug interactions, synergy, and broader clinical relevance.	2013	Case Reports
23548130	10.1142/S0192415X13500316	Curculigo orchioides protects cisplatin-induced cell damage.	2013	Journal Article
23548128	10.1142/S0192415X13500298	Protective effect of rosmarinic acid is through regulation of inflammatory cytokine in cadmium-induced ototoxicity.	2013	Journal Article
23533589	10.1371/journal.pone.0058755	Aminoglycoside-induced hair cell death of inner ear organs causes functional deficits in adult zebrafish (Danio rerio).	2013	Journal Article
23383324	10.1371/journal.pone.0055359	Dimethyl sulfoxide (DMSO) exacerbates cisplatin-induced sensory hair cell death in zebrafish (Danio rerio).	2013	Journal Article
23359017	10.1371/journal.pone.0054794	Integrity and regeneration of mechanotransduction machinery regulate aminoglycoside entry and sensory cell death.	2013	Journal Article
23255940		Prospective evaluation of cisplatin- and carboplatin-mediated ototoxicity in paediatric and adult soft tissue and osteosarcoma patients.	2013	Journal Article
23202157	10.1097/MAO.0b013e31827a21a2	Ototopic applications of povidone iodine/dexamethasone in the rat.	2013	Journal Article
22964505	10.1016/j.amjoto.2012.07.003	The protective role of caffeic acid phenethyl ester against streptomycin ototoxicity.	2013	Comparative Study
22828384	10.1097/CAD.0b013e32835739fd	An Src-protein tyrosine kinase inhibitor to reduce cisplatin ototoxicity while preserving its antitumor effect.	2013	Journal Article
25317129	10.3969/j.issn.1673-5374.2012.35.007	Mechanism of alpha-lipoic acid in attenuating kanamycin-induced ototoxicity.	2012	Journal Article
23248619	10.3389/fendo.2012.00163	Chemotherapy refractory testicular germ cell tumor is associated with a variant in Armadillo Repeat gene deleted in Velco-Cardio-Facial syndrome (ARVCF).	2012	Journal Article
25593588		OTOTOXIC EFFECTS OF CARBOPLATIN IN ORGANOTYPIC CULTURES IN CHINCHILLAS AND RATS.	2012	Journal Article
23306567		Persistence of the otoprotective effect: how long does otoprotection against amikacin lasts?	2012	Journal Article
22996158	10.1097/MAO.0b013e31826bedd9	Mannitol protects hair cells against tumor necrosis factor α-induced loss.	2012	Journal Article
22584749	10.1007/s00405-012-2029-0	Reactive oxygen species in apoptosis induced by cisplatin: review of physiopathological mechanisms in animal models.	2012	Journal Article
22189415	10.1038/gt.2011.204	Topical application of the antiapoptotic TAT-FNK protein prevents aminoglycoside-induced ototoxicity.	2012	Journal Article
22309980	10.1017/S0007114511007239	Chrysin abrogates cisplatin-induced oxidative stress, p53 expression, goblet cell disintegration and apoptotic responses in the jejunum of Wistar rats.	2012	Journal Article
23022312	10.1016/j.brainres.2012.09.027	N-Myc and L-Myc are essential for hair cell formation but not maintenance.	2012	Journal Article
23045231	10.1002/ar.22578	Cisplatin and aminoglycoside antibiotics: hearing loss and its prevention.	2012	Journal Article
23044998	10.1002/ar.22577	Review: ototoxic characteristics of platinum antitumor drugs.	2012	Journal Article
22975015	10.1017/S0022215112002046	The protective effect of Ginkgo biloba extract against experimental cisplatin ototoxicity: animal research using distortion product otoacoustic emissions.	2012	Journal Article
22965584	10.1002/lary.23554	Ototopical neomycin exposure in children with nonintact tympanic membranes.	2012	Journal Article
22965463	10.1002/lary.23593	Prevention of gentamicin-induced apoptosis with the mitochondria-targeted antioxidant mitoquinone.	2012	Journal Article
22947376	10.1017/S0022215112001855	Effect of intratympanic dexamethasone, memantine and piracetam on cellular apoptosis due to cisplatin ototoxicity.	2012	Journal Article
22801480	10.1109/TBME.2012.2204881	Development and evaluation of a portable audiometer for high-frequency screening of hearing loss from ototoxicity in homes/clinics.	2012	Journal Article
22784588	10.1016/j.amjoto.2012.05.007	Protective effect of pentoxifylline on amikacin-induced ototoxicity in rats.	2012	Comparative Study
22614106		Superior cytotoxicity and DNA cross-link induction by oxaliplatin versus cisplatin at lower cellular uptake in colorectal cancer cell lines.	2012	Journal Article
23238197	10.4103/1119-3077.104527	Prevalence of ototoxicity in University of Benin Teaching Hospital, Benin city: a 5-year review.	2012	Journal Article
23092832		Meta-analysis of the efficacy of amifostine in the prevention of cisplatin ototoxicity.	2012	Journal Article
23049454		Cisplatin and cranial irradiation-related hearing loss in children.	2012	Journal Article
22892191		Protective effect of klotho protein against cisplatin ototoxicity in an auditory cell line.	2012	Journal Article
22865193	10.1007/s12035-012-8312-7	Effect of different gentamicin dose on the plasticity of the ribbon synapses in cochlear inner hair cells of C57BL/6J mice.	2012	Journal Article
22705360	10.1016/j.ygyno.2012.06.014	Treatment of high-risk gestational trophoblastic neoplasia with weekly high-dose methotrexate-etoposide.	2012	Journal Article
22524268	10.1089/ars.2012.4656	Is S-nitrosylation of cochlear proteins a critical factor in cisplatin-induced ototoxicity?	2012	Journal Article
22186767	10.1007/s00405-011-1883-5	The effect of resveratrol on the prevention of cisplatin ototoxicity.	2012	Journal Article
22064681		A weight of evidence approach for the assessment of the ototoxic potential of industrial chemicals.	2012	Journal Article
22977711	10.3342/ceo.2012.5.3.145	Are systemic voriconazole and caspofungin ototoxic? An experimental study with rats.	2012	Journal Article
22763210	10.1016/j.ijporl.2012.06.003	Prevention of cisplatin ototoxicity: Efficacy of micronized flavonoid fraction in a guinea pig model.	2012	Journal Article
22732230	10.1016/j.ntt.2012.06.002	d-Methionine protects against cisplatin-induced neurotoxicity in cortical networks.	2012	Journal Article
22704672	10.1016/j.ijporl.2012.05.016	Protective effect of NecroX, a novel necroptosis inhibitor, on gentamicin-induced ototoxicity.	2012	Journal Article
22676700	10.3109/14992027.2012.688143	Accuracy of distortion-product otoacoustic emissions-based ototoxicity monitoring using various primary frequency step-sizes.	2012	Comparative Study
22333669	10.1177/1078155212437901	Oxaliplatin-induced hepatocellular injury and ototoxicity: a review of the literature and report of unusual side effects of a commonly used chemotherapeutic agent.	2012	Case Reports
22138884	10.1007/s10103-011-1028-5	Effect of low-level laser therapy on cochlear hair cell recovery after gentamicin-induced ototoxicity.	2012	Journal Article
22762134	10.2165/11630630-000000000-00000	Hearing impairment associated with oral terbinafine use: a case series and case/non-case analysis in the Netherlands Pharmacovigilance Centre Lareb database and VigiBase™.	2012	Case Reports
22668196	10.3109/00016489.2012.673233	Type I hair cell regeneration induced by Math1 gene transfer following neomycin ototoxicity in rat vestibular sensory epithelium.	2012	Comparative Study
22516052	10.1016/j.lungcan.2012.03.023	Prediction of copper transport protein 1 (CTR1) genotype on severe cisplatin induced toxicity in non-small cell lung cancer (NSCLC) patients.	2012	Journal Article
22431292	10.1002/pbc.24138	Risk factors for cisplatin-associated ototoxicity in pediatric oncology patients.	2012	Clinical Trial
22699498	10.1073/pnas.1204073109	Dissociation of antibacterial activity and aminoglycoside ototoxicity in the 4-monosubstituted 2-deoxystreptamine apramycin.	2012	Journal Article
23071881	10.5001/omj.2012.73	Relationship between serum ferritin level and amikacin ototoxicity.	2012	Journal Article
22992258		Development and validation of a cisplatin dose-ototoxicity model.	2012	Journal Article
22562580	10.1007/s00018-012-1016-3	siRNA-mediated knock-down of NOX3: therapy for hearing loss?	2012	Journal Article
22547603	10.1200/JCO.2011.39.1110	Platinum-induced ototoxicity in children: a consensus review on mechanisms, predisposition, and protection, including a new International Society of Pediatric Oncology Boston ototoxicity scale.	2012	Journal Article
22404562	10.3109/10520295.2012.661461	Microglia-like or microglia: results of the weak silver carbonate staining method of del Rio-Hortega.	2012	Journal Article
22320124	10.1111/j.1476-5381.2012.01890.x	Efficacy of three drugs for protecting against gentamicin-induced hair cell and hearing losses.	2012	Journal Article
22554194		Gentamicin ototoxicity: a 23-year selected case series of 103 patients.	2012	Journal Article
22822547		Ethanol extract of Piper longum L. attenuates gentamicin-induced hair cell loss in neonatal cochlea cultures.	2012	Journal Article
22817467	10.1134/S0006297912060144	Mitochondria-targeted antioxidant SkQR1 ameliorates gentamycin-induced renal failure and hearing loss.	2012	Journal Article
22635033	10.1097/IGC.0b013e31824d834d	EP-EMA regimen (etoposide and cisplatin with etoposide, methotrexate, and dactinomycin) in a series of 18 women with gestational trophoblastic neoplasia.	2012	Journal Article
22555987	10.1002/lary.23336	Effect of cisplatin on distortion product otoacoustic emissions in Japanese patients.	2012	Comparative Study
22290566	10.1245/s10434-012-2219-4	Comparison of acute toxicities in two primary chemoradiation regimens in the treatment of advanced head and neck squamous cell carcinoma.	2012	Comparative Study
21796767	10.1002/pbc.23275	Hearing loss among survivors of childhood brain tumors treated with an irradiation-sparing approach.	2012	Journal Article
21502965	10.1038/tpj.2011.15	Economic impact of a genetic test for cisplatin-induced ototoxicity.	2012	Journal Article
22493493	10.1074/jbc.M111.297960	Cisplatin-induced ototoxicity is mediated by nitroxidative modification of cochlear proteins characterized by nitration of Lmo4.	2012	Journal Article
22592737	10.1002/14651858.CD009219.pub2	Medical interventions for the prevention of platinum-induced hearing loss in children with cancer.	2012	Journal Article
22726617	10.1016/j.heares.2012.03.011	Changes in projections to the inferior colliculus following early hearing loss in rats.	2012	Journal Article
22490890	10.1017/S0022215112000382	Protective effects of vitamins E, B and C and L-carnitine in the prevention of cisplatin-induced ototoxicity in rats.	2012	Journal Article
22767971		Antioxidant treatment with coenzyme Q-ter in prevention of gentamycin ototoxicity in an animal model.	2012	Journal Article
22569007		Ototoxic effect of topical oxiconazole and terbinafine in rats.	2012	Comparative Study
22462709	10.3171/2011.12.PEDS11357	Cerebrospinal fluid shunting and hearing loss in patients treated for medulloblastoma.	2012	Journal Article
22388732	10.1097/MAO.0b013e318248ee66	Gene therapy for cisplatin-induced ototoxicity: a systematic review of in vitro and experimental animal studies.	2012	Journal Article
22370329	10.1200/JCO.2011.36.9744	Carboplatin-associated ototoxicity in children with retinoblastoma.	2012	Journal Article
22105869	10.1016/j.athoracsur.2011.08.042	Bilateral sensory permanent hearing loss after palliative hypoplastic left heart syndrome operation.	2012	Journal Article
22051542	10.1177/0194599811426261	Protective effect of erdosteine against cisplatin-induced ototoxicity in a guinea pig model.	2012	Journal Article
21989624	10.1007/s12640-011-9282-7	Is intratympanic injection of erdosteine protective against cisplatin-induced ototoxicity?	2012	Journal Article
25745469	10.3969/j.issn.1673-5374.2012.09.013	Ephrin A2 protein expression in the regeneration and plasticity of cochlear hair cells in chicken following kanamycin ototoxicity.	2012	Journal Article
23449759	10.1007/s12070-011-0160-7	Recovery of hearing in Cisplatin-induced ototoxicity in the Guinea pig with intratympanic dexamethasone.	2012	Journal Article
22545403		Live cell imaging of a fluorescent gentamicin conjugate.	2012	Journal Article
22430335		Is there an ototoxicity risk from Cortisporin and comparable otic suspensions? Distortion-product otoacoustic emission findings.	2012	Journal Article
22261612	10.1016/j.ijporl.2011.12.021	Protective role of resveratrol against cisplatin induced ototoxicity in guinea pigs.	2012	Journal Article
22101097	10.1177/0194599811429255	Ototoxicity of intratympanic docusate sodium and mineral oil in the guinea pig.	2012	Comparative Study
22397224		Garlic-supplemented diet attenuates gentamicin-induced ototoxicity: an experimental study.	2012	Journal Article
22392429	10.1002/PHAR.1040	Irreversible atorvastatin-associated hearing loss.	2012	Case Reports
22264063	10.3109/14992027.2011.635713	Multivariate DPOAE metrics for identifying changes in hearing: perspectives from ototoxicity monitoring.	2012	Journal Article
22240458	10.1016/j.heares.2011.12.007	Activation of apoptotic pathways in the absence of cell death in an inner-ear immortomouse cell line.	2012	Journal Article
22183155	10.1016/j.heares.2011.12.001	Ototoxin-induced cellular damage in neuromasts disrupts lateral line function in larval zebrafish.	2012	Journal Article
22155348	10.1016/j.taap.2011.11.013	Chrysin protects against cisplatin-induced colon. toxicity via amelioration of oxidative stress and apoptosis: probable role of p38MAPK and p53.	2012	Journal Article
22184390	10.1200/JCO.2011.37.4025	Impact of long-term serum platinum concentrations on neuro- and ototoxicity in Cisplatin-treated survivors of testicular cancer.	2012	Journal Article
21807044	10.1016/j.jconrel.2011.07.026	Micellization of cisplatin (NC-6004) reduces its ototoxicity in guinea pigs.	2012	Comparative Study
22075224	10.1016/j.neulet.2011.10.060	In vitro protection of auditory hair cells by salicylate from the gentamicin-induced but not neomycin-induced cell loss.	2012	Journal Article
23094043	10.1371/journal.pone.0047257	Proliferative regeneration of zebrafish lateral line hair cells after different ototoxic insults.	2012	Journal Article
23028481	10.1371/journal.pone.0043967	(-)-Epigallocatechin-3-gallate protects against NO-induced ototoxicity through the regulation of caspase- 1, caspase-3, and NF-κB activation.	2012	Journal Article
22919381	10.1155/2012/645460	Drug-induced oxidative stress and toxicity.	2012	Journal Article
22896926		Gentamicin affects connexin 26 expression in the cochlear lateral wall.	2012	Journal Article
22715386	10.1371/journal.pone.0038471	Gentamicin rapidly inhibits mitochondrial metabolism in high-frequency cochlear outer hair cells.	2012	Journal Article
22519400		Recent progress and future potential for metal complexes as anticancer drugs targeting G-quadruplex DNA.	2012	Journal Article
22149255	10.2165/11596390-000000000-00000	Vancomycin: a review of population pharmacokinetic analyses.	2012	Journal Article
22055279	10.1016/j.ijporl.2011.10.014	Inhalation of hydrogen gas attenuates cisplatin-induced ototoxicity via reducing oxidative stress.	2012	Comparative Study
21442422	10.1007/s00405-011-1582-2	Reduction of cisplatin ototoxicity in rats by oral administration of pomegranate extract.	2012	Journal Article
21946009	10.1016/j.neuroscience.2011.09.012	Epicatechin inhibits radiation-induced auditory cell death by suppression of reactive oxygen species generation.	2011	Journal Article
21856322	10.1016/j.steroids.2011.07.014	Effects of neuroactive steroids on cochlear hair cell death induced by gentamicin.	2011	Journal Article
22420428		Chlorhexidine ototoxicity in ear surgery, part 1: review of the literature.	2011	Case Reports
22109766	10.1002/lary.22376	Clinically accurate assessment and grading of ototoxicity.	2011	Comparative Study
22015113	10.1016/j.ijporl.2011.09.027	Calcium imaging in gentamicin ototoxicity: increased intracellular calcium relates to oxidative stress and late apoptosis.	2011	Journal Article
21979311	10.1016/j.heares.2011.09.005	Protective role of antidiabetic drug metformin against gentamicin induced apoptosis in auditory cell line.	2011	Journal Article
21879401	10.1007/s10162-011-0288-x	TRPA1-mediated accumulation of aminoglycosides in mouse cochlear outer hair cells.	2011	Journal Article
21854840	10.1016/j.heares.2011.08.002	Cisplatin ototoxicity in rat cochlear organotypic cultures.	2011	Journal Article
21785162	10.1093/toxsci/kfr196	Calreticulin binds to gentamicin and reduces drug-induced ototoxicity.	2011	Journal Article
21732171	10.1007/s10162-011-0278-z	Hair cell toxicity in anti-cancer drugs: evaluating an anti-cancer drug library for independent and synergistic toxic effects on hair cells using the zebrafish lateral line.	2011	Journal Article
21616617	10.1016/j.anl.2011.02.013	Doxycycline reduces nitric oxide production in guinea pig inner ears.	2011	Journal Article
21551083	10.1093/ndt/gfr211	Protective effect of N-acetylcysteine from drug-induced ototoxicity in uraemic patients with CAPD peritonitis.	2011	Journal Article
21533919	10.1007/s00280-011-1656-2	Prevention of cisplatin-induced hearing loss by administration of a thiosulfate-containing gel to the middle ear in a guinea pig model.	2011	Journal Article
22020098	10.1016/j.bbrc.2011.10.019	Protective role of Nrf2 in age-related hearing loss and gentamicin ototoxicity.	2011	Journal Article
22122961	10.4103/1463-1741.90322	Ambient noise levels in the chemotherapy clinic.	2011	Journal Article
21888961	10.1016/j.heares.2011.08.008	Restoration of 3D vestibular sensation in rhesus monkeys using a multichannel vestibular prosthesis.	2011	Journal Article
21782914	10.1016/j.heares.2011.07.002	Apoptosis in acquired and genetic hearing impairment: the programmed death of the hair cell.	2011	Journal Article
21455790	10.1007/s12640-011-9244-0	Co-administration of cisplatin and furosemide causes rapid and massive loss of cochlear hair cells in mice.	2011	Journal Article
21384237	10.1007/s12640-011-9242-2	Effect of nystatin on Guinea Pigs' inner ear.	2011	Journal Article
24250429		The Incidence of Amikacin Ototoxicity in Multidrug-ResistantTuberculosis Patients.	2011	Journal Article
22768010	10.5863/1551-6776-16.4.262	National survey of extended-interval aminoglycoside dosing in pediatric cystic fibrosis pulmonary exacerbations.	2011	Journal Article
22479750		Young male with systemic lupus erythematosus presenting with sensorineural deafness with immune suppression induced miliary tuberculosis.	2011	Case Reports
21960349	10.1631/jzus.B1100040	Ototoxic destruction by co-administration of kanamycin and ethacrynic acid in rats.	2011	Journal Article
21812630	10.3109/14992027.2011.585667	Severe difficulties with word recognition in noise after platinum chemotherapy in childhood, and improvements with open-fitting hearing-aids.	2011	Journal Article
21768509	10.1128/AAC.00628-11	Molecular basis for the selectivity of antituberculosis compounds capreomycin and viomycin.	2011	Journal Article
21645602	10.1016/j.heares.2011.05.007	Protection by low-dose kanamycin against noise-induced hearing loss in mice: dependence on dosing regimen and genetic background.	2011	Journal Article
21577177	10.1097/INF.0b013e31821e405d	Once-daily gentamicin in infants and children: a prospective cohort study evaluating safety and the role of therapeutic drug monitoring in minimizing toxicity.	2011	Journal Article
21572077	10.1177/0194599811409304	Can intratympanic dexamethasone protect against cisplatin ototoxicity in mice with age-related hearing loss?	2011	Journal Article
22462055		Effects of amikacin on maturation of the auditory analyzer in rabbits.	2011	Journal Article
21664657	10.1016/j.ygyno.2011.05.022	Phase II trial of intraperitoneal cisplatin combined with intravenous paclitaxel in patients with ovarian, primary peritoneal and fallopian tube cancer.	2011	Clinical Trial, Phase II
21521888	10.1177/0194599811406673	Intratympanic dexamethasone to prevent cisplatin ototoxicity: a guinea pig model.	2011	Comparative Study
21190826	10.1016/j.jnutbio.2010.08.009	EGb 761 (Ginkgo biloba) protects cochlear hair cells against ototoxicity induced by gentamicin via reducing reactive oxygen species and nitric oxide-related apoptosis.	2011	Journal Article
21782002	10.1016/j.neulet.2011.05.008	Salicylate modulates Hsp70 expression in the explanted organ of Corti.	2011	Journal Article
21866174	10.1038/cddis.2011.76	Celastrol inhibits aminoglycoside-induced ototoxicity via heat shock protein 32.	2011	Journal Article
21745548	10.1016/j.brainresbull.2011.06.013	Bone conducted vibration activates the vestibulo-ocular reflex in the guinea pig.	2011	Journal Article
21804453		Dose-dependent protection on cisplatin-induced ototoxicity - an electrophysiological study on the effect of three antioxidants in the Sprague-Dawley rat animal model.	2011	Journal Article
21792028	10.1097/MPH.0b013e31821f0eaf	Survival and long-term outcomes in children with hepatoblastoma treated with continuous infusion of cisplatin and doxorubicin.	2011	Journal Article
21781353	10.1017/S0022215111000612	Spontaneous reversibility of damage to outer hair cells after sodium salicylate induced ototoxicity.	2011	Journal Article
21730884	10.1097/MAO.0b013e3182255893	Cisplatin ototoxicity affecting cochlear implant benefit.	2011	Case Reports
21642291	10.1093/jac/dkr221	Multidrug-resistant tuberculosis (MDR-TB) treatment in the UK: a study of injectable use and toxicity in practice.	2011	Journal Article
21540071	10.1016/j.fct.2011.04.009	In utero and lactational β-carotene supplementation attenuates D-galactose-induced hearing loss in newborn rats.	2011	Journal Article
21776018	10.1038/cddis.2011.63	Short interfering RNA against STAT1 attenuates cisplatin-induced ototoxicity in the rat by suppressing inflammation.	2011	Journal Article
21690618	10.1093/cid/cir337	Implementation of a dose calculator for vancomycin to achieve target trough levels of 15-20 microg/mL in persons undergoing hemodialysis.	2011	Journal Article
22754805	10.1007/s12070-011-0151-8	Ototoxicity: the hidden menace.	2011	Journal Article
21844995	10.4103/0253-7613.83111	Nanotechnology in oncology: Characterization and in vitro release kinetics of cisplatin-loaded albumin nanoparticles: Implications in anticancer drug delivery.	2011	Journal Article
21787192	10.2217/pgs.11.48	Pharmacogenomics of cisplatin-induced ototoxicity.	2011	Journal Article
21592592	10.1016/j.ijporl.2011.04.005	Ototoxicity caused by topical administration of gentamicin versus tobramycin in rabbits.	2011	Comparative Study
21519324	10.1038/labinvest.2011.69	Transient ischemia/hypoxia enhances gentamicin ototoxicity via caspase-dependent cell death pathway.	2011	Journal Article
21493303	10.1177/0194599811400834	Effects of NasoPore packing in the middle ear cavity of the guinea pig.	2011	Journal Article
21635776	10.1186/1748-717X-6-58	Low early ototoxicity rates for pediatric medulloblastoma patients treated with proton radiotherapy.	2011	Journal Article
21716954	10.3342/ceo.2011.4.2.77	Protective Effect of Minocycline Against Cisplatin-induced Ototoxicity.	2011	Journal Article
21685512		Besides Huntington's disease, does brain-type creatine kinase play a role in other forms of hearing impairment resulting from a common pathological cause?	2011	Journal Article
21678708		Acute heart failure with dyspnoea: initial treatment. Furosemide and trinitrine, despite the lack of a proven survival benefit.	2011	Journal Article
21541943	10.1002/lary.21756	Korean red ginseng prevents gentamicin-induced hearing loss in rats.	2011	Journal Article
21451968	10.1007/s11064-011-0455-9	Salicylate initiates apoptosis in the spiral ganglion neuron of guinea pig cochlea by activating caspase-3.	2011	Journal Article
21321603	10.1038/cr.2011.27	Cisplatin ototoxicity involves cytokines and STAT6 signaling network.	2011	Journal Article
20300971	10.1007/s12032-010-9477-4	The protective effects of intratympanic dexamethasone and vitamin E on cisplatin-induced ototoxicity are demonstrated in rats.	2011	Journal Article
22646075	10.1517/17460441.2011.562887	The design and screening of drugs to prevent acquired sensorineural hearing loss.	2011	Journal Article
21596664		Evaluation of ototoxicity in children treated for retinoblastoma: preliminary results of a systematic audiological evaluation.	2011	Journal Article
21563089		The role of ultrahigh-frequency audiometry in the early detection of systemic drug-induced hearing loss.	2011	Journal Article
21530708	10.1016/j.aorn.2010.09.031	Perioperative pharmacology: a focus on vancomycin.	2011	Journal Article
21493367	10.1177/0194599810395090	Minocycline attenuates ototoxicity and enhances antitumor activity of cisplatin treatment in vitro.	2011	Journal Article
20447728	10.1016/j.amjoto.2010.02.003	Protective effects of Salvia miltiorrhiza against cisplatin-induced ototoxicity in guinea pigs.	2011	Comparative Study
21552569	10.1371/journal.pone.0019130	Acoustic trauma increases cochlear and hair cell uptake of gentamicin.	2011	Journal Article
21526214	10.1371/journal.pone.0018815	Rosmarinic acid, active component of Dansam-Eum attenuates ototoxicity of cochlear hair cells through blockage of caspase-1 activity.	2011	Journal Article
21316421	10.1016/j.neulet.2011.02.017	MicroRNA181a plays a key role in hair cell regeneration in the avian auditory epithelium.	2011	Journal Article
21673362		Drug-mediated ototoxicity and tinnitus: alleviation with melatonin.	2011	Journal Article
21412917	10.1002/14651858.CD008234.pub2	Intratympanic gentamicin for Ménière's disease or syndrome.	2011	Journal Article
20712533	10.1089/ars.2010.3497	NOX3 NADPH oxidase couples transient receptor potential vanilloid 1 to signal transducer and activator of transcription 1-mediated inflammation and hearing loss.	2011	Journal Article
21461057	10.3342/ceo.2011.4.1.11	N-acetylcysteine and N-nitroarginine methyl ester attenuate Carboplatin-induced ototoxicity in dissociated spiral ganglion neuron cultures.	2011	Journal Article
20931205	10.1007/s00381-010-1300-1	Carboplatin and ototoxicity: hearing loss rates among survivors of childhood medulloblastoma.	2011	Journal Article
21453661		End points for cisplatin ototoxicity.	2011	Comparative Study
21044672	10.1016/j.heares.2010.10.011	Comparative analysis of combination kanamycin-furosemide versus kanamycin alone in the mouse cochlea.	2011	Comparative Study
20625302	10.1097/AUD.0b013e3181e8b6a7	Distortion-product otoacoustic emission test performance for ototoxicity monitoring.	2011	Journal Article
21148032	10.4049/jimmunol.1002183	Activation of lipopolysaccharide-TLR4 signaling accelerates the ototoxic potential of cisplatin in mice.	2011	Journal Article
21127443	10.1097/WNR.0b013e32834273e9	Insulin-like growth factor 1 protects vestibular hair cells from aminoglycosides.	2011	Journal Article
24312759	10.5681/apb.2011.010	Effect of Taurine on the antimicrobial efficiency of Gentamicin.	2011	Journal Article
22423580		Aminoglycosides: therapeutics, ototoxicity and hypersensitivity of mitochondrial genetic origin.	2011	Journal Article
21919841		Ototoxicity: mechanisms of cochlear impairment and its prevention.	2011	Journal Article
21857081		Anti-apoptotic effect of phloretin on cisplatin-induced apoptosis in HEI-OC1 auditory cells.	2011	Journal Article
21838098		Clarithromycin induced reversible sensorineural hearing loss.	2011	Case Reports
21818312	10.1371/journal.pone.0022347	Functional hair cell mechanotransducer channels are required for aminoglycoside ototoxicity.	2011	Journal Article
21757808	10.3233/PRM-2011-0150	Neurological complications following treatment of children with brain tumors.	2011	Journal Article
21494054	10.1159/000326240	Astragalosides reduce cisplatin ototoxicity in guinea pigs.	2011	Journal Article
21455009	10.1159/000324857	Are gentamicin and/or vancomycin associated with ototoxicity in the neonate? A retrospective audit.	2011	Journal Article
21430965	10.4103/0975-7406.76494	Highly active antiretroviral therapy: Does it Sound toxic?	2011	Journal Article
21424048		Protective effect of L-N-acetylcysteine against gentamycin ototoxicity in the organ cultures of the rat cochlea.	2011	Journal Article
21412597		Pegylated interferon/ribavirin-associated sudden hearing loss in a patient with chronic hepatitis C in Brazil.	2011	Case Reports
21407276	10.3265/Nefrologia.pre2011.Feb.10257	Prophylaxis with gentamicin locking of chronic tunnelled central venous catheters does not cause bacterial resistance.	2011	Journal Article
21196726	10.1159/000322851	Infection-mediated vasoactive peptides modulate cochlear uptake of fluorescent gentamicin.	2011	Journal Article
21128834	10.1089/jmf.2010.1232	Specific blockage of caspase-1 activation by purple bamboo-salt prevents apoptosis of auditory cell line, HEI-OC1.	2011	Journal Article
20958132	10.3109/00016489.2010.514286	Ameliorative effect of purple bamboo salt-pharmaceutical acupuncture on cisplatin-induced ototoxicity.	2011	Journal Article
20935082	10.1124/mol.110.068130	Aminoglycosides inhibit KCNQ4 channels in cochlear outer hair cells via depletion of phosphatidylinositol(4,5)bisphosphate.	2011	Comparative Study
20920848	10.1016/j.jcf.2010.09.003	Twice vs three-times daily antibiotics in the treatment of pulmonary exacerbations of cystic fibrosis.	2011	Comparative Study
20883750	10.1016/j.toxlet.2010.09.013	Epicatechin protects the auditory organ by attenuating cisplatin-induced ototoxicity through inhibition of ERK.	2010	Journal Article
21067520	10.1042/CBI20100515	Involvement of calpain-I and microRNA34 in kanamycin-induced apoptosis of inner ear cells.	2010	Journal Article
20971179	10.1016/j.heares.2010.10.008	Ablation of mixed lineage kinase 3 (Mlk3) does not inhibit ototoxicity induced by acoustic trauma or aminoglycoside exposure.	2010	Journal Article
20231075	10.1016/j.ijrobp.2009.09.031	Ototoxicity after intensity-modulated radiation therapy and cisplatin-based chemotherapy in children with medulloblastoma.	2010	Journal Article
21368867	10.1038/cddis.2010.80	CLIMP-63 is a gentamicin-binding protein that is involved in drug-induced cytotoxicity.	2010	Journal Article
20709153	10.1016/j.neulet.2010.08.014	The influences of sphingolipid metabolites on gentamicin-induced hair cell loss of the rat cochlea.	2010	Journal Article
21151412		Arterial occlusion precipitated by cisplatinbased chemotherapy.	2010	Journal Article
20879827	10.3109/00016489.2010.486799	Hydrogen protects vestibular hair cells from free radicals.	2010	Journal Article
25205902	10.5214/ans.0972.7531.1017407	Desferioximine induced Ototoxicity in Thalassemic patients.	2010	Journal Article
20537205	10.1017/S0022215110001301	Is halofantrine ototoxic? Experimental study on guinea pig cochlea model.	2010	Journal Article
20600667	10.1016/j.neuroscience.2010.06.022	In vivo protective effect of ferulic acid against noise-induced hearing loss in the guinea-pig.	2010	Journal Article
21756683	10.1179/146701010X12726366068454	Current and future management of bilateral loss of vestibular sensation - an update on the Johns Hopkins Multichannel Vestibular Prosthesis Project.	2010	Journal Article
21127764	10.4997/JRCPE.2010.308	Drug-induced sensorineural deafness caused by antithyroid drugs: a rare side effect.	2010	Case Reports
20978631	10.3342/ceo.2010.3.3.115	Expression of Insulin-like Growth Factors in a Mouse Model of Salicylate Ototoxicity.	2010	Journal Article
20815453	10.1121/1.3473693	Ototoxicity risk assessment combining distortion product otoacoustic emissions with a cisplatin dose model.	2010	Comparative Study
20214492	10.1089/ars.2010.3110	Transtympanic administration of short interfering (si)RNA for the NOX3 isoform of NADPH oxidase protects against cisplatin-induced hearing loss in the rat.	2010	Journal Article
20846503	10.1016/j.ijporl.2010.05.011	Cisplatinum ototoxicity in children, long-term follow up.	2010	Journal Article
20809542	10.1002/jat.1523	Differential ablation of sensory receptors underlies ototoxin-induced shifts in auditory thresholds of the goldfish (Carassius auratus).	2010	Journal Article
20650042		Irreversible sensorineural hearing loss: an unusual side effect of non-steroidal anti-inflammatory drugs.	2010	Case Reports
20631178	10.1523/JNEUROSCI.1544-10.2010	Role of the copper transporter, CTR1, in platinum-induced ototoxicity.	2010	Journal Article
21364656	10.1038/cddis.2010.25	An otoprotective role for the apoptosis inhibitor protein survivin.	2010	Journal Article
20626325		Preventing cisplatin induced ototoxicity by N-acetylcysteine and salicylate.	2010	Journal Article
20620632	10.1016/j.otohns.2010.02.007	Transtympanic Ringer's lactate application in the prevention of cisplatinum-induced ototoxicity in a chinchilla animal model.	2010	Journal Article
20606530	10.1111/IGC.0b013e3181dc827e	Phase 1 study of tirapazamine in combination with radiation and weekly cisplatin in patients with locally advanced cervical cancer.	2010	Clinical Trial, Phase I
19946777	10.1007/s00405-009-1165-7	Detection of cisplatin-induced ototoxicity with transient evoked otoacoustic emission test before pure tone audiometer.	2010	Journal Article
20298761	10.1016/j.neuroscience.2010.03.015	Salicylate-induced degeneration of cochlea spiral ganglion neurons-apoptosis signaling.	2010	Journal Article
21756583	10.1179/146701010X12671178390834	Conservation of hearing and protection of auditory hair cells against trauma-induced losses by local dexamethasone therapy: molecular and genetic mechanisms.	2010	Comparative Study
20701838	10.3766/jaaa.21.6.6	Tinnitus onset rates from chemotherapeutic agents and ototoxic antibiotics: results of a large prospective study.	2010	Comparative Study
20694782	10.1007/s11655-010-0258-x	Effects of Erlong Zuoci pill and its disassembled prescriptions on gentamicin-induced ototoxicity model in vitro.	2010	Journal Article
20556736		Acute ototoxicity from a single infusion of oxaliplatin.	2010	Case Reports
20513043	10.1002/lary.20923	A novel inner ear monitoring system for evaluating ototoxicity of gentamicin eardrops in guinea pigs.	2010	Journal Article
20513041	10.1002/lary.20892	The role of intratympanic lactate injection in the prevention of cisplatin-induced ototoxicity.	2010	Journal Article
20493351	10.1016/j.otohns.2010.01.010	Acetaminophen ototoxicity after acetaminophen/hydrocodone abuse: evidence from two parallel in vitro mouse models.	2010	Journal Article
20470667		Are intratympanic injections of N-acetylcysteine and methylprednisolone protective against Cisplatin-induced ototoxicity?	2010	Journal Article
20307356	10.1017/S0022215110000496	Heat shock protein 70 and cellular disturbances in cochlear cisplatin ototoxicity model.	2010	Journal Article
20167005		The injured cochlea as a target for inflammatory processes, initiation of cell death pathways and application of related otoprotectives strategies.	2010	Journal Article
20165896	10.1007/s10162-009-0206-7	Supporting cell division is not required for regeneration of auditory hair cells after ototoxic injury in vitro.	2010	Journal Article
19958252	10.3109/00016480903370779	Morphological change of the cupula due to an ototoxic agent: a comparison with semicircular canal pathology.	2010	Journal Article
19936834	10.1007/s10162-009-0198-3	Expression of fractalkine receptor CX3CR1 on cochlear macrophages influences survival of hair cells following ototoxic injury.	2010	Journal Article
20375925	10.1097/WNR.0b013e328339045b	Artemin improves survival of spiral ganglion neurons in vivo and in vitro.	2010	Journal Article
20569665	10.3766/jaaa.21.5.3	Evaluation of audiometric threshold shift criteria for ototoxicity monitoring.	2010	Comparative Study
20479380	10.1001/archoto.2010.54	Ototoxicity of topical azithromycin solutions in the guinea pig.	2010	Journal Article
20416460	10.1016/j.otohns.2010.01.030	Genetic mutations and aminoglycoside-induced ototoxicity in neonates.	2010	Journal Article
20227774	10.1016/j.ijporl.2010.02.010	Sensorineural deafness in Tanzanian children--is ototoxicity a significant cause? A pilot study.	2010	Journal Article
20213791	10.1002/lary.20845	The effect of topical Castellani solution on outer hair cell function of rats.	2010	Comparative Study
20194861	10.1200/JCO.2009.24.4228	Practical grading system for evaluating cisplatin ototoxicity in children.	2010	Comparative Study
20194279	10.1542/peds.2009-1597	Auditory late effects of childhood cancer therapy: a report from the Children's Oncology Group.	2010	Journal Article
20127807	10.1002/cne.22262	Synaptic plasticity after chemical deafening and electrical stimulation of the auditory nerve in cats.	2010	Journal Article
20089318	10.1016/j.ijporl.2009.12.018	Ototoxicity caused by once- and twice-daily administration of amikacin in rabbits.	2010	Journal Article
20020438	10.1002/ptr.3082	Protective effect of Korean red ginseng extract on cisplatin ototoxicity in HEI-OC1 auditory cells.	2010	Journal Article
19883181	10.3109/00016480903311203	Endogenous protection against oxidative stress caused by cisplatin: role of superoxide dismutase.	2010	Journal Article
19858169	10.1258/la.2009.009046	Comparison of different aminoglycoside antibiotic treatments to refine ototoxicity studies in adult mice.	2010	Journal Article
19850386	10.1053/j.ajkd.2009.08.016	Permanent hearing loss with iopamidol following aortic angiography in a hemodialysis patient: a case report and review of the literature.	2010	Case Reports
20237264	10.1523/JNEUROSCI.6054-09.2010	Roles of NADPH oxidases in cisplatin-induced reactive oxygen species generation and ototoxicity.	2010	Comparative Study
20036720	10.1016/j.neuroscience.2009.12.038	Cochlear protection from acoustic injury by inhibitors of p38 mitogen-activated protein kinase and sequestosome 1 stress protein.	2010	Journal Article
20203207	10.1523/JNEUROSCI.4316-09.2010	Cisplatin ototoxicity blocks sensory regeneration in the avian inner ear.	2010	Journal Article
20193831	10.1016/j.amjmed.2009.08.006	Analgesic use and the risk of hearing loss in men.	2010	Comparative Study
20110413	10.2353/ajpath.2010.090610	Organic cation transporter 2 mediates cisplatin-induced oto- and nephrotoxicity and is a target for protective interventions.	2010	Journal Article
20098336	10.1097/MPH.0b013e3181cb8593	Late onset hearing loss: a significant complication of cancer survivors treated with Cisplatin containing chemotherapy regimens.	2010	Journal Article
20074632	10.1016/j.heares.2010.01.004	Estradiol protects the cochlea against gentamicin ototoxicity through inhibition of the JNK pathway.	2010	Journal Article
20060460	10.1016/j.heares.2010.01.001	Gentamicin is ototoxic to all hair cells in the fish lateral line system.	2010	Journal Article
20015469	10.1016/j.toxlet.2009.12.003	Ototoxic drugs: difference in sensitivity between mice and guinea pigs.	2010	Comparative Study
19579145		Mechanisms of hearing loss from trauma and inflammation: otoprotective therapies from the laboratory to the clinic.	2010	Journal Article
19969027	10.1016/j.regpep.2009.12.003	PACAP ameliorates oxidative stress in the chicken inner ear: an in vitro study.	2010	Journal Article
19479457	10.3109/00016480903015150	No hearing loss after repeated courses of tobramycin in cystic fibrosis patients.	2010	Journal Article
19931387	10.1016/j.ejps.2009.11.003	Use of the biodegradable polymer chitosan as a vehicle for applying drugs to the inner ear.	2010	Comparative Study
21151649	10.1155/2010/523976	Ototoxicity from combined Cisplatin and radiation treatment: an in vitro study.	2010	Journal Article
20339695		A functional study on gentamicin-related cochleotoxicity in its conventional dose in newborns.	2010	Journal Article
20130394	10.1159/000279760	Stress and survival pathways in the mammalian cochlea.	2010	Journal Article
20030477	10.1592/phco.30.1.95	Extended-interval once-daily dosing of aminoglycosides in adult and pediatric patients with cystic fibrosis.	2010	Journal Article
20004583	10.1016/j.jocn.2009.08.003	Physiological dimensions of ototoxic responses in a model fish species.	2010	Journal Article
19747459	10.1016/j.brainres.2009.08.097	Dexamethasone treatment of naïve organ of Corti explants alters the expression pattern of apoptosis-related genes.	2009	Journal Article
23120646	10.1007/s12070-009-0078-5	Assessment of aminoglycoside-induced hearing impairment in hospitalized neonates by TEOAE.	2009	Journal Article
19898482	10.1038/ng.478	Genetic variants in TPMT and COMT are associated with hearing loss in children receiving cisplatin chemotherapy.	2009	Journal Article
19619619	10.1016/j.neuroscience.2009.07.026	Analysis of pre- and postsynaptic activity in the frog semicircular canal following ototoxic insult: differential recovery of background and evoked afferent activity.	2009	Journal Article
19861195	10.1016/j.otohns.2009.07.014	Direct drug application to the round window: a comparative study of ototoxicity in rats.	2009	Journal Article
19851045		Cisplatin ototoxicity and protection: clinical and experimental studies.	2009	Journal Article
19687236	10.1128/AAC.00965-08	Interaction of aminoglycosides with human mitochondrial 12S rRNA carrying the deafness-associated mutation.	2009	Journal Article
19666099	10.1016/j.heares.2009.08.001	Selective GSK-3beta inhibitors attenuate the cisplatin-induced cytotoxicity of auditory cells.	2009	Journal Article
19032419	10.1111/j.1399-3046.2008.01090.x	Successful implantation of a cochlear implant in a four-yr-old boy after kidney transplantation: a case report.	2009	Case Reports
19902799		Simplified dosing of gentamicin for treatment of sepsis in Bangladeshi neonates.	2009	Clinical Trial
19749461	10.4103/0019-509X.55551	Cisplatin-based chemotherapy: Add high-frequency audiometry in the regimen.	2009	Journal Article
19474282	10.1093/ndt/gfp242	Alpha-lipoic acid attenuates cisplatin-induced acute kidney injury in mice by suppressing renal inflammation.	2009	Journal Article
19434073	10.1038/tpj.2009.19	Common variations in ERCC2 are associated with response to cisplatin chemotherapy and clinical outcome in osteosarcoma patients.	2009	Journal Article
19051069	10.1080/00016480802566261	Protective effect of N-acetyl-L-cysteine (L-NAC) against styrene-induced cochlear injuries.	2009	Journal Article
19723345	10.1186/1423-0127-16-79	Geldanamycin induces production of heat shock protein 70 and partially attenuates ototoxicity caused by gentamicin in the organ of Corti explants.	2009	Journal Article
19902817		A pattern of otoferlin expression interrupted by gentamicin exposure in ribbon synapse of inner hair cell in C57BL/6J mice.	2009	Journal Article
19893946		The role of apoptosis in cisplatin-induced ototoxicity in rats.	2009	Journal Article
19893928		Report on hearing loss in oncology.	2009	Journal Article
19750261		Can aspirin protect or at least attenuate gentamicin ototoxicity in humans?	2009	Journal Article
19540324	10.1016/j.heares.2009.06.008	Differential protein expression profiles in salicylate ototoxicity of the mouse cochlea.	2009	Journal Article
19442713	10.1016/j.heares.2009.05.003	Dexamethasone protects auditory hair cells against TNFalpha-initiated apoptosis via activation of PI3K/Akt and NFkappaB signaling.	2009	Journal Article
19604121	10.1517/13543780903114168	Clinical overview on Lipoplatin: a successful liposomal formulation of cisplatin.	2009	Journal Article
19515948	10.1152/jn.91000.2008	Regeneration of vestibular horizontal semicircular canal afferents in pigeons.	2009	Journal Article
19220547	10.1111/j.1445-5994.2008.01787.x	Intravenous aminoglycoside usage and monitoring of patients with cystic fibrosis in Australia. What's new?	2009	Journal Article
19484793	10.1002/cncr.24362	Carboplatin-based primary chemotherapy for infants and young children with CNS tumors.	2009	Clinical Trial, Phase II
19784413		Distortion-product otoacoustic emissions and auditory brainstem responses sensitivity assessment in cisplatin-induced ototoxicity in rats.	2009	Journal Article
19564816		Effect of noise conditioning on cisplatin-induced ototoxicity: a pilot study.	2009	Journal Article
19564314	10.1542/peds.2008-2942	Serum gentamicin concentrations in encephalopathic infants are not affected by therapeutic hypothermia.	2009	Comparative Study
19285547	10.1016/j.heares.2009.03.004	Extracellular divalent cations modulate aminoglycoside-induced hair cell death in the zebrafish lateral line.	2009	Journal Article
19242955	10.1002/bem.20483	No effects of UMTS exposure on the function of rat outer hair cells.	2009	Journal Article
19145477	10.1007/s12192-008-0097-2	Hsp70 inhibits aminoglycoside-induced hearing loss and cochlear hair cell death.	2009	Journal Article
18855163	10.1080/00016480802454716	Ototoxicity on cochlear nucleus neurons following systemic application of gentamicin.	2009	Journal Article
19144244	10.1017/S0022215109004319	Light microscopy study of cisplatin-induced ototoxicity in rats.	2009	Journal Article
18957160	10.1017/S002221510800385X	Protective effect of melatonin against gentamicin ototoxicity.	2009	Comparative Study
19339905	10.1097/WNR.0b013e32832a5c68	Hydrogen protects auditory hair cells from free radicals.	2009	Journal Article
19495517		Therapeutic drug monitoring of amikacin in preterm and term infants.	2009	Comparative Study
19148943	10.1002/pbc.21898	Analysis of ototoxicity in young children receiving carboplatin in the context of conservative management of unilateral or bilateral retinoblastoma.	2009	Journal Article
19386244	10.1016/j.mrgentox.2009.02.003	Evaluation of the cytotoxicity and genotoxicity of curcumin in PC12 cells.	2009	Journal Article
20111615		Protective effects of N-acetylcysteine on noise-induced hearing loss in guinea pigs.	2009	Journal Article
19629324		Experimental morphological and functional study of gentamicin cochleotoxicity using the regular dose given to neonates.	2009	Journal Article
19286022	10.1016/j.aca.2008.09.026	A generic method for the quantitative analysis of aminoglycosides (and spectinomycin) in animal tissue using methylated internal standards and liquid chromatography tandem mass spectrometry.	2009	Journal Article
19321781	10.1523/JNEUROSCI.5842-08.2009	Cisplatin-induced hair cell death requires STAT1 and is attenuated by epigallocatechin gallate.	2009	Journal Article
19472677		Cisplatin ototoxicity in children: implications for primary care providers.	2009	Journal Article
19434285	10.3342/ceo.2009.2.1.6	Antioxidant and anti-apoptotic effect of melatonin on the vestibular hair cells of rat utricles.	2009	Journal Article
19061216	10.1002/pbc.21875	Ototoxicity in children treated for osteosarcoma.	2009	Journal Article
20523755		Potentiation of Chemical Ototoxicity by Noise.	2009	Journal Article
19297277		DNA repair proteins and telomerase reverse transcriptase in the cochlear lateral wall of cisplatin-treated rats.	2009	Journal Article
19182378		Hwanggunchungyitang prevents cadmium-induced ototoxicity through suppression of the activation of caspase-9 and extracellular signal-related kinase in auditory HEI-OC1 cells.	2009	Journal Article
19130600	10.1002/dneu.20684	Expression of the Pax2 transcription factor is associated with vestibular phenotype in the avian inner ear.	NA	Journal Article
19001107	10.1128/AAC.01088-08	Vancomycin ototoxicity: a reevaluation in an era of increasing doses.	2009	Journal Article
18607994	10.1080/00016480802116232	High concentrations of thiosulfate in scala tympani perilymph after systemic administration in the guinea pig.	2009	Journal Article
19116379	10.1093/jnci/djn418	Cisplatin and oxaliplatin toxicity: importance of cochlear kinetics as a determinant for ototoxicity.	2009	Comparative Study
22128413		Therapeutic drug monitoring of vancomycin.	2009	Journal Article
20446443		Otoacoustic emissions analysers for monitoring aminoglycosides ototoxicity.	2009	Journal Article
19925332	10.1080/14992020902738029	Damage and functional recovery of the Atlantic cod (Gadus morhua) inner ear hair cells following local injection of gentamicin.	2009	Journal Article
19916578	10.2165/11316640-000000000-00000	Cisplatin overdose: toxicities and management.	2009	Journal Article
19292942		Intraarterial Cisplatin and intravenous adriamycin in nonmetastatic osteosarcoma of the extremities: a single institution experience in Taiwan.	2009	Journal Article
19151550	10.1159/000192953	Bcl-2 gene therapy prevents aminoglycoside-induced degeneration of auditory and vestibular hair cells.	2009	Journal Article
19142159	10.1097/MJT.0b013e318195e460	The clinical pharmacology of ethacrynic acid.	2009	Journal Article
19142155	10.1097/MJT.0b013e3181966c06	The management of acute heart failure and diuretic therapy.	2009	Journal Article
19130971	10.1016/j.otohns.2008.09.027	Aminoglycoside ototoxicity in Nicaraguan children: patient risk factors and mitochondrial DNA results.	2009	Journal Article
19027506	10.1016/j.amjoto.2007.12.003	Ototoxicity after combined platinum and fractionated radiation in a novel guinea pig model.	2009	Comparative Study
19018081	10.1200/JCO.2008.17.2627	American Society of Clinical Oncology 2008 clinical practice guideline update: use of chemotherapy and radiation therapy protectants.	2009	Journal Article
18974641	10.1159/000166382	Protective effect of geranylgeranylacetone on cisplatin ototoxicity.	2009	Journal Article
18955125	10.1016/j.heares.2008.10.001	Distribution of platinum in blood and perilymph in relation to cisplatin induced ototoxicity in the guinea pig.	2009	Journal Article
18809482	10.1016/j.heares.2008.08.010	Spontaneous hair cell regeneration in the mouse utricle following gentamicin ototoxicity.	2009	Journal Article
18607936	10.1080/00016480802008199	Protective effect of edaravone against tobramycin-induced ototoxicity.	2009	Journal Article
19052196	10.1523/JNEUROSCI.1307-08.2008	Short interfering RNA against transient receptor potential vanilloid 1 attenuates cisplatin-induced hearing loss in the rat.	2008	Journal Article
19273542	10.1177/0960327108100417	Enzymuria determination in children treated with aminoglycosides drugs.	2008	Journal Article
19139001	10.1158/1940-6207.CAPR-08-0074	Longitudinal assessment of air conduction audiograms in a phase III clinical trial of difluoromethylornithine and sulindac for prevention of sporadic colorectal adenomas.	2008	Clinical Trial, Phase III
18845345	10.1016/j.ijporl.2008.08.018	Evaluating the ototoxicity of topical piperacillin-tazobactam.	2008	Journal Article
18830133	10.1097/FPC.0b013e328312b072	Frequency of mitochondrial 12S ribosomal RNA variants in an adult cystic fibrosis population.	2008	Journal Article
18772725	10.1097/AUD.0b013e31818005a4	Left-right asymmetry in hearing loss following cisplatin therapy in children--the left ear is slightly but significantly more affected.	2008	Journal Article
18608594	10.1080/02656730802104740	Fever-range whole-body thermal therapy combined with cisplatin, gemcitabine, and daily interferon-alpha: a description of a phase I-II protocol.	2008	Clinical Trial, Phase I
18838114	10.1016/j.neuroscience.2008.09.012	Dexamethasone protects organ of corti explants against tumor necrosis factor-alpha-induced loss of auditory hair cells and alters the expression levels of apoptosis-related genes.	2008	Journal Article
19582340	10.1016/S1808-8694(15)30144-0	Ototoxicity and otoprotection in the inner ear of guinea pigs using gentamicin and amikacin: ultrastructural and functional aspects.	2008	Journal Article
18539496	10.1016/j.ijid.2008.03.014	Current therapeutic strategy in spinal brucellosis.	2008	Journal Article
18184450	10.1017/S002221510700134X	Blebs in inner and outer hair cells: a pathophysiological hypothesis.	2008	Journal Article
19186452		Paraclinical evaluation of side-effects of Taxanes on auditory system.	2008	Journal Article
19128679		Differences in Ototoxicity across Species.	2008	Comparative Study
19128673		Ototoxic effects of single-dose versus 19-day daily-dose gentamicin.	2008	Comparative Study
18855538	10.2217/14622416.9.10.1521	Genetic variants associated with cisplatin-induced ototoxicity.	2008	Journal Article
18818545	10.1097/MAO.0b013e3181859a1f	Biopolymer-released dexamethasone prevents tumor necrosis factor alpha-induced loss of auditory hair cells in vitro: implications toward the development of a drug-eluting cochlear implant electrode array.	2008	Journal Article
18716567	10.1097/MAO.0b013e31818599d5	Cisplatin-induced ototoxicity: effect of intratympanic dexamethasone injections.	2008	Journal Article
18706728	10.1016/j.radonc.2008.06.003	Hearing loss due to concurrent daily low-dose cisplatin chemoradiation for locally advanced head and neck cancer.	2008	Journal Article
18698269	10.1097/MAO.0b013e318184f4a9	Ototoxic effect of topical ciclopirox as an antimycotic preparation.	2008	Journal Article
18692557	10.1016/j.heares.2008.07.004	Morphological changes in spiral ganglion cells after intracochlear application of brain-derived neurotrophic factor in deafened guinea pigs.	2008	Journal Article
18607991	10.1080/00016480701881811	Proapoptotic effects of NF-kappaB on cisplatin-induced cell death in auditory cell line.	2008	Journal Article
18796142	10.1186/1475-2875-7-179	Ototoxicity of artemether/lumefantrine in the treatment of falciparum malaria: a randomized trial.	2008	Comparative Study
19086304	10.1080/00016480701805463	The role of peroxiredoxin III in the ototoxic drug-induced mitochondrial apoptosis of cochlear hair cells.	2008	Journal Article
19082353	10.1016/S1808-8694(15)31381-1	The use of Maytenus ilicifolia to prevent cisplatin-induced ototoxicity.	2008	Journal Article
18758303	10.1097/JTO.0b013e31818396a4	Phase I trial of erlotinib-based multimodality therapy for inoperable stage III non-small cell lung cancer.	2008	Clinical Trial, Phase I
18672044	10.1016/j.heares.2008.07.003	Neurite outgrowth on cultured spiral ganglion neurons induced by erythropoietin.	2008	Journal Article
18670884	10.1007/s10495-008-0242-5	Epicatechin protects auditory cells against cisplatin-induced death.	2008	Journal Article
18602458	10.1016/j.tiv.2008.06.007	Selective inhibition of human heteromeric alpha9alpha10 nicotinic acetylcholine receptors at a low agonist concentration by low concentrations of ototoxic organic solvents.	2008	Journal Article
18584244	10.1007/s10162-008-0126-y	Evidence that cisplatin-induced auditory damage is attenuated by downregulation of pro-inflammatory cytokines via Nrf2/HO-1.	2008	Journal Article
18512096	10.1007/s10162-008-0122-2	Hsp70 inhibits aminoglycoside-induced hair cell death and is necessary for the protective effect of heat shock.	2008	Journal Article
19128589		Vestibular system in infants after systemic therapy with amikacin.	2008	Journal Article
19128584		Deafness associated with acetaminophen and codeine abuse.	2008	Case Reports
18666036		Daptomycin, a lipopeptide antibiotic in clinical practice.	2008	Journal Article
18665032	10.1097/MAO.0b013e31817ef4b7	Clinical effectiveness of ototopical application of mupirocin ointment in methicillin-resistant Staphylococcus aureus otorrhea.	2008	Journal Article
18578524	10.1021/pr8002479	Proteomic analysis of the balance between survival and cell death responses in cisplatin-mediated ototoxicity.	2008	Journal Article
18421716	10.1002/pbc.21580	Neuropsychological outcome following intensity-modulated radiation therapy for pediatric medulloblastoma.	2008	Journal Article
18343619	10.1016/j.jpba.2008.01.047	Analytical methodologies for the determination of cisplatin.	2008	Journal Article
18799819		Taurine modulates calcium influx under normal and ototoxic conditions in isolated cochlear spiral ganglion neurons.	2008	Journal Article
18629305	10.1289/ehp.10467	The protective mechanism of antioxidants in cadmium-induced ototoxicity in vitro and in vivo.	2008	Journal Article
18568512	10.1080/00016480701714244	Time course of apoptotic cell death in guinea pig cochlea following intratympanic gentamicin application.	2008	Comparative Study
18484961	10.1111/j.1742-7843.2008.00238.x	Licochalcone A inhibits the growth of colon carcinoma and attenuates cisplatin-induced toxicity without a loss of chemotherapeutic efficacy in mice.	2008	Journal Article
18440073	10.1016/j.jneumeth.2008.02.004	Whole organ culture of the postnatal sensory inner ear in simulated microgravity.	2008	Journal Article
18485636	10.1016/j.heares.2008.03.007	Effects of systemic versus local gentamicin on the inner ear in the Atlantic cod, Gadus morhua (L.), relevance for fish hearing investigations.	2008	Comparative Study
18408970	10.1007/s10162-008-0118-y	Using the zebrafish lateral line to screen for ototoxicity.	2008	Journal Article
18221994	10.1016/j.leukres.2007.11.039	Irreversible sensorineural hearing loss due to Imatinib.	2008	Case Reports
17888195		Functional and morphological effects of fotemustine on the auditory system of the rat.	2008	Journal Article
18661012		High frequency audiometric study in cancer-cured patients treated with cisplatin.	2008	Journal Article
18653914		Tetany in kala azar patients treated with paromomycin.	2008	Case Reports
18421602	10.1080/00016480701635167	Cisplatin-induced hearing loss does not correlate with intracellular platinum concentration.	2008	Journal Article
18396112	10.1016/j.jchromb.2008.03.016	Determination of amikacin in cerebrospinal fluid by high-performance liquid chromatography with pulsed electrochemical detection.	2008	Journal Article
18343519	10.1016/j.neures.2008.01.009	Neuroprotective effects of T-817MA against noise-induced hearing loss.	2008	Journal Article
18198284	10.1124/mol.107.041814	Salicylate alters the expression of calcium response transcription factor 1 in the cochlea: implications for brain-derived neurotrophic factor transcriptional regulation.	2008	Journal Article
28178500	10.1038/sj.mt.6300379	Protection Against Aminoglycoside-induced Ototoxicity by Regulated AAV Vector-mediated GDNF Gene Transfer Into the Cochlea.	2008	Journal Article
19178659	10.1111/j.1476-5829.2007.00142.x	Cisplatin: a review of toxicities and therapeutic applications.	2008	Journal Article
18334097		Accumulation, fractionation, and analysis of platinum in toxicologically affected tissues after cisplatin, oxaliplatin, and carboplatin administration.	2008	Journal Article
18180779	10.1038/sj.mt.6300379	Protection against aminoglycoside-induced ototoxicity by regulated AAV vector-mediated GDNF gene transfer into the cochlea.	2008	Journal Article
18376265	10.1097/MPH.0b013e31815d1d83	Hearing loss in pediatric oncology patients receiving carboplatin-containing regimens.	2008	Journal Article
18376228	10.1097/COC.0b013e3180684181	Combined resection, intraperitoneal chemotherapy, and whole abdominal radiation for the treatment of malignant peritoneal mesothelioma.	2008	Clinical Trial, Phase I
17657790		Toxicity of two cisplatin-based radiochemotherapy regimens for the treatment of patients with stage III/IV head and neck cancer.	2008	Comparative Study
17457342		Megalin genetic polymorphisms and individual sensitivity to the ototoxic effect of cisplatin.	2008	Journal Article
17278120		A retrospective review of hearing in children with retinoblastoma treated with carboplatin-based chemotherapy.	2008	Journal Article
18281904	10.1097/WNR.0b013e3282f3b0ec	Taurine attenuates aminoglycoside ototoxicity by inhibiting inducible nitric oxide synthase expression in the cochlea.	2008	Journal Article
18819255		Cochlear repair by transplantation of human cord blood CD133+ cells to nod-scid mice made deaf with kanamycin and noise.	2008	Journal Article
18776599		Susceptibility genes for gentamicin-induced vestibular dysfunction.	2008	Journal Article
18759511		Drug-related nephrotoxic and ototoxic reactions : a link through a predictive mechanistic commonality.	2008	Journal Article
18607972	10.1080/00016480801935541	Ototoxic interaction of kanamycin and 3-nitropropionic acid.	2008	Journal Article
18516452		The role of hyperbaric oxygen therapy (hot) as an otoprotection agent against cisplatin ototoxicity.	2008	Journal Article
18259983	10.1080/10408440701845443	Ototoxicity of toluene and styrene: state of current knowledge.	2008	Journal Article
18161505		Gentamicin attenuates gentamicin-induced ototoxicity - self-protection.	2008	Journal Article
18091106		Protection from noise-induced temporary threshold shift by D-methionine is associated with preservation of ATPase activities.	2008	Journal Article
18057873		Augmented ototoxic effect of cisplatin in heterozygotes of the German waltzing guinea pig.	2008	Journal Article
17980524		Gentamicin ototoxicity in the saccule of the lizard Podarcis Sicula induces hair cell recovery and regeneration.	2008	Journal Article
18322423	10.1097/MLG.0b013e318148b275	Ototoxicity of topical moxifloxacin in a chinchilla animal model.	2007	Journal Article
18087627		In vitro activity of isepamicin and other aminoglycosides against clinical isolates of Gram-negative bacteria causing nosocomial bloodstream infections.	2007	Comparative Study
17964097		Streptomycin and gentamicin have no immediate effect on outer hair cell electromotility.	2007	Journal Article
17909450		Effect of N-acetylcysteine on carboplatin-induced ototoxicity and nitric oxide levels in a rat model.	2007	Comparative Study
17906689		The anticancer drug cisplatin induces an intrinsic apoptotic pathway inside the inner ear.	2007	Journal Article
17898673		N-Acetylcysteine as an adjunct for refractory ear infections.	2007	Journal Article
17441933		Absence of tolerance and toxicity to high-dose continuous intravenous furosemide in haemodynamically unstable infants after cardiac surgery.	2007	Comparative Study
17764724		A case-control study on the relationship of hearing function and blood concentrations of lead, manganese, arsenic, and selenium.	2007	Journal Article
17967639		The protective effect of intratympanic dexamethasone on cisplatin-induced ototoxicity in guinea pigs.	2007	Journal Article
17870186		Vestibular system in infants after systemic aminoglycoside therapy.	2007	Journal Article
17594118		Chloroquine ototoxicity.	2007	Journal Article
17869439		Role of inhibitor of apoptosis protein in gentamicin-induced cochlear hair cell damage.	2007	Journal Article
17823555		Mechanisms of cisplatin ototoxicity and progress in otoprotection.	2007	Journal Article
17706797		Recovery from cisplatin-induced ototoxicity: a case report and review.	2007	Case Reports
17653135		Ototoxicity.	2007	Journal Article
17698804		Phase III trial of high-dose sequential chemotherapy with peripheral blood stem cell support compared with standard dose chemotherapy for first-line treatment of advanced ovarian cancer: intergroup trial of the AGO-Ovar/AIO and EBMT.	2007	Clinical Trial, Phase III
17710657		Toxicity prevention with amifostine in pediatric osteosarcoma patients treated with cisplatin and doxorubicin.	2007	Comparative Study
17701890		Identification of genetic variants contributing to cisplatin-induced cytotoxicity by use of a genomewide approach.	2007	Journal Article
17516123		Cisplatin cytotoxicity of auditory cells requires secretions of proinflammatory cytokines via activation of ERK and NF-kappaB.	2007	Journal Article
17450108		Ginkgo biloba extract (EGb 761) protects against cisplatin-induced ototoxicity in rats.	2007	Journal Article
17433058		Ototoxicity after intraperitoneal chemotherapy: a case report.	2007	Case Reports
17700974		Attenuation of streptomycin ototoxicity by tetramethylpyrazine and its effect on K⁺ channels in the outer hair cells of guinea pig cochlea.	2007	Journal Article
17704425		Ototoxicity in a randomized phase III trial of intra-arterial compared with intravenous cisplatin chemoradiation in patients with locally advanced head and neck cancer.	2007	Clinical Trial, Phase III
17666265		Oral ethanol potentiates the loss of outer hair cells in cisplatin-exposed rats.	2007	Journal Article
17457375		Gentamicin-induced ototoxicity in hemodialysis patients is ameliorated by N-acetylcysteine.	2007	Journal Article
17418969		Risk factors of ototoxicity after cisplatin-based chemo-irradiation in patients with locally advanced head-and-neck cancer: a multivariate analysis.	2007	Journal Article
17243113		Cisplatin cytotoxicity in organ of Corti-derived immortalized cells.	2007	Journal Article
17697574		Adeno-associated virus-mediated Bcl-xL prevents aminoglycoside-induced hearing loss in mice.	2007	Journal Article
17497672		Macrophage contribution to the response of the rat organ of Corti to amikacin.	2007	Journal Article
17011831	10.1016/j.cbpc.2006.08.006	Streptomycin action to the mammalian inner ear vestibular organs: comparison between pigmented guinea pigs and rats.	2007	Comparative Study
17493596		Auditory and vestibular defects and behavioral alterations after neonatal administration of streptomycin to Lewis rats: Similarities and differences to the circling (ci2/ci2) Lewis rat mutant.	2007	Journal Article
17582067		Injectable paromomycin for Visceral leishmaniasis in India.	2007	Clinical Trial, Phase III
17551394		Ototoxicity from cisplatin therapy in childhood cancer.	2007	Journal Article
17538173		Phase I clinical trial of oxaliplatin in children and adolescents with refractory solid tumors.	2007	Clinical Trial, Phase I
17503223		HSP-70 as a nonspecific early marker in cisplatin ototoxicity.	2007	Journal Article
17485985		Application of a corticosteroid (Triamcinolon) protects inner ear function after surgical intervention.	2007	Journal Article
17359558		Iloprost-induced sudden hearing loss.	2007	Case Reports
17387707		A protein derived from the fusion of TAT peptide and FNK, a Bcl-x(L) derivative, prevents cochlear hair cell death from aminoglycoside ototoxicity in vivo.	2007	Comparative Study
17595452		Does vitamin E prevent gentamicin-induced ototoxicity?	2007	Journal Article
17525781		Hydrocodone use and sensorineural hearing loss.	2007	Case Reports
17478213		Dexamethasone does not alter in vitro antibacterial efficacy of gentamicin.	2007	Journal Article
17453470		Differential gene expression profiles in salicylate ototoxicity of the mouse.	2007	Journal Article
19071684	10.1016/j.talanta.2006.12.012	Speciation analysis of platinum antitumoral drugs in impacted tissues.	2007	Journal Article
17401008		Early changes in auditory function as a result of platinum chemotherapy: use of extended high-frequency audiometry and evoked distortion product otoacoustic emissions.	2007	Journal Article
17321087		Proteomic analysis of cisplatin-induced cochlear damage: methods and early changes in protein expression.	2007	Journal Article
17224251		Prevention of noise- and drug-induced hearing loss with D-methionine.	2007	Comparative Study
17211286		Protection against cisplatin-induced ototoxicity by adeno-associated virus-mediated delivery of the X-linked inhibitor of apoptosis protein is not dependent on caspase inhibition.	2007	Journal Article
17113254		Mechanisms of cisplatin-induced ototoxicity and prevention.	2007	Journal Article
17098385		Blocking c-Jun-N-terminal kinase signaling can prevent hearing loss induced by both electrode insertion trauma and neomycin ototoxicity.	2007	Journal Article
16978814		Cell death after co-administration of cisplatin and ethacrynic acid.	2007	Journal Article
16844331		Aspirin attenuates gentamicin ototoxicity: from the laboratory to the clinic.	2007	Journal Article
17292570		Differential neurotoxic effects of methylmercury and mercuric sulfide in rats.	2007	Comparative Study
17210216		The role of toxicokinetics in xylene-induced ototoxicity in the rat and guinea pig.	2007	Journal Article
17416198		Interaction of neomycin, tobramycin and amikacin with melanin in vitro in relation to aminoglycosides-induced ototoxicity.	2007	Journal Article
17364358		The role of deferoxamine in the prevention of gentamicin ototoxicity: a histological and audiological study in guinea pigs.	2007	Journal Article
17334299		Prevalence and etiology of hearing loss in rural Nicaraguan children.	2007	Journal Article
17183590		Antiapoptotic mechanism of cannabinoid receptor 2 agonist on cisplatin-induced apoptosis in the HEI-OC1 auditory cell line.	2007	Journal Article
17159233		Behavioral disturbances and hair cell loss in the inner ear following nitrile exposure in mice, guinea pigs, and frogs.	2007	Journal Article
16934423		Effect of geranylgeranylacetone on gentamycin ototoxicity in rat cochlea culture.	2007	Journal Article
17319962		Aerosolized amikacin for treatment of pulmonary Mycobacterium avium infections: an observational case series.	2007	Case Reports
17228018		Cisplatin-induced long-term hearing impairment is associated with specific glutathione s-transferase genotypes in testicular cancer survivors.	2007	Journal Article
17346484	10.1016/S1701-2163(16)32381-7	Is gentamicin ototoxic to the fetus?	2007	Journal Article
17323527		Reversible erythromycin ototoxicity.	2007	Journal Article
17204896		Effect of intratympanic application of aminoglycosides on click-evoked myogenic potentials in Guinea pigs.	2007	Journal Article
17191118		The role of PKCzeta in amikacin-induced apoptosis in the cochlea: prevention by aspirin.	2007	Journal Article
16786347		Ototoxicity in rats exposed to ethylbenzene and to two technical xylene vapours for 13 weeks.	2007	Journal Article
16956741		A direct HPLC method to estimate streptomycin and its putative ototoxic derivative, streptidine, in blood serum: application to streptomycin-treated humans.	2007	Journal Article
18225604		Cochlear NMDA receptor blockade prevents salicylate-induced tinnitus.	2007	Journal Article
17970566		Salicylate ototoxicity and its implications for cochlear microphonic potential generation.	2007	Journal Article
17291254		Cytoreduction and intraperitoneal heated chemotherapy for the treatment of endometrial carcinoma recurrent within the peritoneal cavity.	2007	Journal Article
17266591		Aminoglycoside-induced ototoxicity.	2007	Journal Article
17245062	10.1159/000098849	Protecting the cochlea during stapes surgery: is there a role for corticosteroids?	2007	Journal Article
17390629		Formulation, characterization and pharmacokinetic evaluation of gentamicin sulphate loaded albumin microspheres.	2006	Journal Article
17051332		Dose-dependant radiation-induced apoptosis in a cochlear cell-line.	2006	Journal Article
17050303		Peripherin as a marker for degeneration of spiral ganglion neurons after aminoglycoside ototoxicity.	2006	Journal Article
16788424		Topical application of mitomycin C to the middle ear is ototoxic in the gerbil.	2006	Journal Article
17112453		Review of late complications of treatment and late relapse in testicular cancer.	2006	Journal Article
17071314		Glutathione ester protects against hydroxynonenal-induced loss of auditory hair cells.	2006	Journal Article
17060685		Kinetics of Cisplatin and its monohydrated complex with sulfur-containing compounds designed for local otoprotective administration.	2006	Comparative Study
17019740		Phase II study of oxaliplatin in children with recurrent or refractory medulloblastoma, supratentorial primitive neuroectodermal tumors, and atypical teratoid rhabdoid tumors: a pediatric brain tumor consortium study.	2006	Clinical Trial, Phase II
17005344		JNK signaling in neomycin-induced vestibular hair cell death.	2006	Journal Article
16923710		Gentamicin ototoxicity: clinical features and the effect on the human vestibulo-ocular reflex.	2006	Journal Article
17026822		Salvage chemotherapy in follicular non-Hodgkin's lymphoma: focus on tolerability.	2006	Journal Article
16939554		Topical antibiotic ear drops: are they safe?	2006	Journal Article
16794914		Heat shock inhibits both aminoglycoside- and cisplatin-induced sensory hair cell death.	2006	Journal Article
16758221		Cisplatin ototoxicity and otoprotection with sodium salicylate.	2006	Journal Article
16861256		Meta-analysis of frusemide to prevent or treat acute renal failure.	2006	Journal Article
16921039		Phase III trial of carmustine and cisplatin compared with carmustine alone and standard radiation therapy or accelerated radiation therapy in patients with glioblastoma multiforme: North Central Cancer Treatment Group 93-72-52 and Southwest Oncology Group 9503 Trials.	2006	Clinical Trial, Phase III
18236636		Protection against cisplatin ototoxicity in a Sprague-Dawley rat animal model.	2006	Journal Article
16806962		Oxaliplatin-related neurotoxicity: how and why?	2006	Comparative Study
16781082		Future opportunities in preventing cisplatin induced ototoxicity.	2006	Journal Article
16302218		Continuous or repeated prolonged cisplatin infusions in children: a prospective study on ototoxicity, platinum concentrations, and standard serum parameters.	2006	Journal Article
16086410		Toxicity profile of delayed high dose sodium thiosulfate in children treated with carboplatin in conjunction with blood-brain-barrier disruption.	2006	Journal Article
16779793		Ototoxicity from high-dose use of platinum compounds in patients with neuroblastoma.	2006	Clinical Trial
16831070		Satraplatin: an orally available platinum analog for the treatment of cancer.	2006	Journal Article
16803705		Triamcinolone acetonide protects auditory hair cells from 4-hydroxy-2,3-nonenal (HNE) ototoxicity in vitro.	2006	Journal Article
16569706		High accumulation of platinum-DNA adducts in strial marginal cells of the cochlea is an early event in cisplatin but not carboplatin ototoxicity.	2006	Comparative Study
16525832		Supporting cell proliferation after hair cell injury in mature guinea pig cochlea in vivo.	2006	Journal Article
16805980		Aminoglycoside ototoxicity in three murine strains and effects on NKCC1 of stria vascularis.	2006	Journal Article
16929990		Prevention of aminoglycoside-induced sensorineural hearing loss.	2006	Journal Article
16791039		AAV-mediated delivery of the caspase inhibitor XIAP protects against cisplatin ototoxicity.	2006	Journal Article
16777780		Distortion product otoacoustic emissions: an objective technique for the screening of hearing loss in children treated with platin derivatives.	2006	Journal Article
16721639		Scale for chemotherapy-induced long-term neurotoxicity (SCIN): psychometrics, validation, and findings in a large sample of testicular cancer survivors.	2006	Journal Article
16707850		Leupeptin, a calpain inhibitor, protects inner ear hair cells from aminoglycoside ototoxicity.	2006	Journal Article
16135407		Atypical hearing loss in women with breast cancer receiving adjuvant treatment.	2006	Journal Article
16569399		The adult mouse utricle as an in vitro preparation for studies of ototoxic-drug-induced sensory hair cell death.	2006	Comparative Study
16678019		Heme oxygenase-1 attenuates the cisplatin-induced apoptosis of auditory cells via down-regulation of reactive oxygen species generation.	2006	Journal Article
16464536		Expression of the kidney injury molecule 1 in the rat cochlea and induction by cisplatin.	2006	Comparative Study
16871924		Systemic absorption of gentamicin nasal irrigations.	2006	Journal Article
16406077		Investigation of ototoxic effects of Taxol on a mice model.	2006	Journal Article
16273313		Ototoxicity of cisplatin plus standard radiation therapy vs. accelerated radiation therapy in glioblastoma patients.	2006	Comparative Study
16622266		Sensorineural hearing loss after radiotherapy and chemoradiotherapy: a single, blinded, randomized study.	2006	Clinical Trial, Phase III
16460859		Bromate-induced ototoxicity.	2006	Journal Article
16527030		Effect of oral magnesium supplementation on cisplatin ototoxicity.	2006	Journal Article
16887727		Effects of weight, age, and time on artemether-lumefantrine associated ototoxicity and evidence of irreversibility.	2006	Clinical Trial
16800350		API TB Consensus Guidelines 2006: Management of pulmonary tuberculosis, extra-pulmonary tuberculosis and tuberculosis in special situations.	2006	Journal Article
16376542		Assessment of hearing in very young children receiving carboplatin for retinoblastoma.	2006	Journal Article
16484702		Relationship between cisplatin administration and the development of ototoxicity.	2006	Journal Article
16493523		Amikacin dosing and monitoring in spinal cord injury patients: variation in clinical practice between spinal injury units and differences in experts' recommendations.	2006	Comparative Study
16421885		Sensorineural hearing loss in combined modality treatment of nasopharyngeal carcinoma.	2006	Journal Article
16527011		Sodium thiosulphate impairs the cytotoxic effects of cisplatin on FADU cells in culture.	2006	Journal Article
16467722		The histone deacetylase inhibitor sodium butyrate protects against cisplatin-induced hearing loss in guinea pigs.	2006	Journal Article
16462581		Low incidence of ototoxicity with continuous infusion of cisplatin in the treatment of pediatric germ cell tumors.	2006	Comparative Study
16449030		Ototoxic drugs and sensorineural hearing loss following severe neonatal respiratory failure.	2006	Journal Article
16436714		Loss of the homotypic fusion and vacuole protein sorting or golgi-associated retrograde protein vesicle tethering complexes results in gentamicin sensitivity in the yeast Saccharomyces cerevisiae.	2006	Journal Article
16387280		Quinine levels revisited: the value of routine drug level monitoring for those on parenteral therapy.	2006	Journal Article
16338090		Alteration of activator protein 1 DNA binding activity in gentamicin-induced hair cell degeneration.	2006	Journal Article
16437533		Systemic antibiotics versus topical treatments for chronically discharging ears with underlying eardrum perforations.	2006	Journal Article
16437518		One dose per day compared to multiple doses per day of gentamicin for treatment of suspected or proven sepsis in neonates.	2006	Journal Article
16983183		Audiometric patterns in ototoxicity of intra-arterial Cisplatin chemoradiation in patients with locally advanced head and neck cancer.	2006	Journal Article
16757924		Characteristics and risk factors of cisplatin-induced ototoxicity in testicular cancer patients detected by distortion product otoacoustic emission.	2006	Journal Article
16481813		Hearing genes and cisplatin deafness: a pilot study.	2006	Journal Article
16308249		Protective effect of edaravone against the ototoxicity of Pseudomonas aeruginosa exotoxin A.	2006	Journal Article
16289993		Gentamicin induced nitric oxide-related oxidative damages on vestibular afferents in the guinea pig.	2006	Journal Article
16125245		Cisplatin ototoxicity to the rat inner ear: a role for HMG1 and iNOS.	2006	Journal Article
15971031		Endothelial nitric oxide synthase upregulation in the cochlea of the guinea pig after intratympanic gentamicin injection.	2006	Journal Article
16361562		Neamine inhibits xenografic human tumor growth and angiogenesis in athymic mice.	2005	Journal Article
16465691		Commentary: the pharmacological antioxidant amifostine -- implications of recent research for integrative cancer care.	2005	Journal Article
16398896		Race and sex differences in age-related hearing loss: the Health, Aging and Body Composition Study.	2005	Journal Article
16344669		Auditory and visual toxicity during deferoxamine therapy in transfusion-dependent patients.	2005	Journal Article
16282762		Mechanisms of hair cell death and protection.	2005	Journal Article
16393937		Ototoxicity of carboplatin delivered locally in a monkey brainstem.	2005	Comparative Study
16239342		Pivotal role of Harakiri in the induction and prevention of gentamicin-induced hearing loss.	2005	Journal Article
16450683		Systemic ototoxicity: a review.	2005	Journal Article
16298782		Nitro-L-arginine methyl ester: a potential protector against gentamicin ototoxicity.	2005	Journal Article
16162981		Phase I clinical and pharmacologic study of a 2-weekly administration of cisplatin and gemcitabine in patients with advanced non-small cell lung cancer.	2005	Clinical Trial
16014323		The use of zebrafish for assessing ototoxic and otoprotective agents.	2005	Journal Article
15936782		Effects of the antibiotic gentamicin on nicotinic acetylcholine receptors.	2005	Journal Article
15742177		The protective effect of erdosteine against ototoxicity induced by cisplatin in rats.	2005	Journal Article
15951398		Protection against cisplatin-induced toxicities by N-acetylcysteine and sodium thiosulfate as assessed at the molecular, cellular, and in vivo levels.	2005	Journal Article
15999362		Amifostine does not protect against the ototoxicity of high-dose cisplatin combined with etoposide and bleomycin in pediatric germ-cell tumors: a Children's Oncology Group study.	2005	Journal Article
16080999		Amino acid concentrations in chinchilla cochlear nucleus at different times after carboplatin treatment.	2005	Journal Article
23120177	10.1007/BF03008019	Study of the effects of chemotherapy on auditory function.	2005	Journal Article
16417703		Combined effects of noise and gentamicin on hearing in the guinea pig.	2005	Journal Article
16241022		Once-daily gentamicin dosing of 4 Mg/Kg/dose in neonates.	2005	Journal Article
16081592		Aminoguanidine prevents ototoxicity induced by cisplatin in rats.	2005	Journal Article
16020136		Severe neurotoxicity, ototoxicity and nephrotoxicity following high-dose cisplatin and amifostine.	2005	Case Reports
15953532		The cochlear targets of cisplatin: an electrophysiological and morphological time-sequence study.	2005	Journal Article
15953519		Correlation of increased activities of Na+, K+-ATPase and Ca2+-ATPase with the reversal of cisplatin ototoxicity induced by D-methionine in guinea pigs.	2005	Journal Article
15953516		Reduced expression of sialoglycoconjugates in the outer hair cell glycocalyx after systemic aminoglycoside administration.	2005	Clinical Trial
15798913		L-Carnitine halts apoptosis and myelosuppression induced by carboplatin in rat bone marrow cell cultures (BMC).	2005	Journal Article
15768383		Long-term renal and hearing toxicity of carboplatin in infants treated for localized and unresectable neuroblastoma: results of the SFOP NBL90 study.	2005	Journal Article
15862894		Kanamycin ototoxicity in glutamate transporter knockout mice.	2005	Journal Article
16131024		Partial protection by lipoic acid against carboplantin-induced ototoxicity in rats.	2005	Journal Article
16018495		Pure tone audiograms and possible aminoglycoside-induced hearing loss in belugas (Delphinapterus leucas).	2005	Journal Article
15997833		Melanin potentiates kanamycin-induced inhibition of collagen biosynthesis in human skin fibroblasts.	2005	Journal Article
15925199		Upregulation of HSP by geranylgeranylacetone protects the cochlear lateral wall from endotoxin-induced inflammation.	2005	Journal Article
15660228		Relative ototoxicity of 21 aromatic solvents.	2005	Journal Article
15919504		Severe hearing loss after liver transplantation.	2005	Comparative Study
15855036		Immunohistochemical detection of platinated DNA in the cochlea of cisplatin-treated guinea pigs.	2005	Comparative Study
15855032		Acceleration of cisplatin ototoxicity by perilymphatic application of 4-methylthiobenzoic acid.	2005	Journal Article
15831617		Gentamicin induced ototoxicity during treatment of enterococcal endocarditis: resolution with substitution by netilmicin.	2005	Case Reports
15728228		Vinorelbine plus cisplatin versus docetaxel plus gemcitabine in advanced non-small-cell lung cancer: a phase III randomized trial.	2005	Clinical Trial
15718247		Functional consequences of polyamine synthesis inhibition by L-alpha-difluoromethylornithine (DFMO): cellular mechanisms for DFMO-mediated ototoxicity.	2005	Journal Article
15736038	10.14670/HH-20.357	Streptidine, a metabolic derivative produced after administration of streptomycin in vivo, is vestibulotoxic in rats.	2005	Journal Article
15590729		Paradoxical enhancement of active cochlear mechanics in long-term administration of salicylate.	2005	Comparative Study
15170574		Dose-dependent dual effect of melatonin on ototoxicity induced by amikacin in adult rats.	2005	Journal Article
16028643		Once-daily netilmicin for neutropenic pyrexia in paediatric oncology.	2005	Journal Article
15847949		Role of glucocorticoids in ototopical antibiotic-steroid preparations in the treatment of chronic suppurative otitis media.	2005	Clinical Trial
15721568		Changes in transient receptor potential cation channel superfamily V (TRPV) mRNA expression in the mouse inner ear ganglia after kanamycin challenge.	2005	Journal Article
15721567		Cochlear structure and function after round window application of ototoxins.	2005	Journal Article
15721565		Efferent-mediated adaptation of the DPOAE as a predictor of aminoglycoside toxicity.	2005	Journal Article
15721563		Reduction of acute cisplatin ototoxicity and nephrotoxicity in rats by oral administration of allopurinol and ebselen.	2005	Journal Article
15721555		Argon protects hypoxia-, cisplatin- and gentamycin-exposed hair cells in the newborn rat's organ of Corti.	2005	Journal Article
15672440		NF-kappaB pathway protects cochlear hair cells from aminoglycoside-induced ototoxicity.	2005	Comparative Study
15656952		Prevention of gentamicin induced ototoxicity by trimetazidine in animal model.	2005	Journal Article
15496615		The chemoprotective agent N-acetylcysteine blocks cisplatin-induced apoptosis through caspase signaling pathway.	2005	Journal Article
16419684		Neurochemistry of the peripheral and central auditory system after ototoxic drug exposure: implications for tinnitus.	2005	Journal Article
16286701		Unbiased quantification of Scarpa's ganglion neurons in aminoglycoside ototoxicity.	2005	Journal Article
16109459		Inhibition of the calcium- and voltage-dependent big conductance potassium channel ameliorates cisplatin-induced apoptosis in spiral ligament fibrocytes of the cochlea.	2005	Journal Article
15945505		Cisplatin-induced ototoxicity in osteosarcoma patients: a report from the late effects surveillance system.	2005	Journal Article
15807966		Potential ototoxicity from triamcinolone, neomycin, gramicidin and nystatin (Tri-Adcortyl) cream.	2005	Case Reports
15804144		Combination chemotherapy with carmustine and cisplatin followed by procarbazine, lomustine, and vincristine for adult high-grade astrocytoma.	2005	Journal Article
15799569		Heat shock protein 70 delays gentamicin-induced vestibular hair cell death.	2005	Journal Article
15708492		Minocycline prevents gentamicin-induced ototoxicity by inhibiting p38 MAP kinase phosphorylation and caspase 3 activation.	2005	Journal Article
15604295		Caspase inhibitors, but not c-Jun NH2-terminal kinase inhibitor treatment, prevent cisplatin-induced hearing loss.	2004	Journal Article
15700853		Dysphonia as an unusual toxic event of oxaliplatin-based chemotherapy.	2004	Case Reports
15611401		Long-term effects of carboplatin brainstem infusions on hearing thresholds in monkeys.	2004	Journal Article
15577786		Direct round window application of gentamicin with varying delivery vehicles: a comparison of ototoxicity.	2004	Comparative Study
15571911		Effects of aminoglycoside administration on cochlear elements in human temporal bones.	2004	Journal Article
15567610		Antioxidant protection in a new animal model of cisplatin-induced ototoxicity.	2004	Journal Article
15564826		Intratympanic gentamicin for Menière's disease: a meta-analysis.	2004	Comparative Study
15533169		Simultaneous radio- and chemotherapy for squamous cell carcinoma of the head and neck in daily clinical practice: 5 years experience in a University Hospital.	2004	Journal Article
15390300		Amifostine for children with medulloblastoma treated with cisplatin-based chemotherapy.	2004	Clinical Trial
15547419		Prevention of cisplatin ototoxicity using transtympanic N-acetylcysteine and lactate.	2004	Journal Article
15519518		Predicting cisplatin ototoxicity in children: the influence of age and the cumulative dose.	2004	Journal Article
15504603		Time sequence of degeneration pattern in the guinea pig cochlea during cisplatin administration. A quantitative histological study.	2004	Journal Article
15504599		Minocycline attenuates gentamicin induced hair cell loss in neonatal cochlear cultures.	2004	Journal Article
15467288		Paraquat-induced hair cell damage and protection with the superoxide dismutase mimetic m40403.	2004	Journal Article
15326186		NOX3, a superoxide-generating NADPH oxidase of the inner ear.	2004	Journal Article
15461517		Aminoglycoside antibiotics aggregate to form starch-like fibers on negatively charged surfaces and on phage lambda-DNA.	2004	Journal Article
27811606		Platinum Compound-Related Ototoxicity in Children: Long-Term Follow-Up Reveals Continuous Worsening of Hearing Loss.	2004	Journal Article
15665945		Natural antioxidant L-carnosine inhibits LPO intensification in structures of the auditory analyzer under conditions of chronic exposure to aminoglycoside antibiotics.	2004	Journal Article
15454836		Platinum compound-related ototoxicity in children: long-term follow-up reveals continuous worsening of hearing loss.	2004	Comparative Study
15375498		Hearing function in soft tissue sarcoma patients after treatment with carboplatin: a report from the Late Effects Surveillance System.	2004	Journal Article
15300786		Calpain activity in the amikacin-damaged rat cochlea.	2004	Comparative Study
15760792		Propylthiouracil-induced sensorineural hearing loss associated with antineutrophil cytoplasmic antibodies.	2004	Case Reports
15643740		The protective role of tiopronin in cisplatin ototoxicity in Wistar rats.	2004	Journal Article
15475801		High-dose Cisplatin with amifostine: ototoxicity and pharmacokinetics.	2004	Journal Article
15453532		Effect of corticosteroid on salicylate-induced morphological changes of isolated cochlear outer hair cells.	2004	Journal Article
15365547		Self-protection against aminoglycoside ototoxicity in guinea pigs.	2004	Journal Article
15357042		Vestibular toxicity due to inhaled tobramycin in a patient with renal insufficiency.	2004	Case Reports
15334394		Effects of gentamicin on sensorineural elements of the cochlea in human temporal bones.	2004	Journal Article
15185124		WR-2721 (Amifostine) ameliorates cisplatin-induced hearing loss but causes neurotoxicity in hamsters: dose-dependent effects.	2004	Journal Article
15515489		Effect of aminoglycoside otic drops on isolated cochlear outer hair cells with and without liver extract activation.	2004	Journal Article
15476311		Flavanoid of Drynaria fortunei protects against gentamicin ototoxicity.	2004	Journal Article
15332714		Caffeic acid phenethyl ester ameliorated ototoxicity induced by cisplatin in rats.	2004	Comparative Study
15311369		Use of furosemide and hearing loss in neonatal intensive care survivors.	2004	Journal Article
15278326		Protective effect of aminoguanidine against nephrotoxicity induced by amikacin in rats.	2004	Comparative Study
15318963		Ototoxicity after use of neomycin eardrops is unrelated to A1555G point mutation in mitochondrial DNA.	2004	Case Reports
15251161		Supplementation with antioxidant micronutrients and chemotherapy-induced toxicity in cancer patients treated with cisplatin-based chemotherapy: a randomised, double-blind, placebo-controlled study.	2004	Clinical Trial
15247138		Irreversible ototoxicity associated with difluoromethylornithine.	2004	Case Reports
15243567		Ototoxic protection of sodium thiosulfate: daily vs constant infusion.	2004	Comparative Study
15241236		Permanent gentamicin vestibulotoxicity.	2004	Comparative Study
15231982		Extended-interval aminoglycoside administration for children: a meta-analysis.	2004	Comparative Study
15219317		Protection against cisplatin-induced ototoxicity by N-acetylcysteine in a rat model.	2004	Journal Article
15201951		Low toxicity and anticancer activity of a novel liposomal cisplatin (Lipoplatin) in mouse xenografts.	2004	Journal Article
15200423		Altered NMDA receptor expression in renal toxicity: Protection with a receptor antagonist.	2004	Journal Article
15499183		Molecular aspects of renal handling of aminoglycosides and strategies for preventing the nephrotoxicity.	2004	Journal Article
15357417		Gentamicin pharmacokinetics in the chicken inner ear.	2004	Journal Article
15180462		Aminoglycoside nephrotoxicity.	2004	Comparative Study
15156439		Aminoglycoside toxicity: daily versus thrice-weekly dosing for treatment of mycobacterial diseases.	2004	Clinical Trial
15224867		Protective effects of alpha-tocopherol and tiopronin against cisplatin-induced ototoxicity.	2004	Journal Article
15219046		The role of antioxidants in protection from ototoxic drugs.	2004	Journal Article
15128353		Sudden hearing loss in patients with chronic hepatitis C treated with pegylated interferon/ribavirin.	2004	Clinical Trial
15109710		Time response of carboplatin-induced hearing loss in rat.	2004	Journal Article
15109547		Audiometric changes associated with the treatment of uncomplicated falciparum malaria with co-artemether.	2004	Journal Article
15081879		Protection against cisplatin ototoxicity by adenosine agonists.	2004	Journal Article
15084615		Phase I trial of tirapazamine and cyclophosphamide in children with refractory solid tumors: a pediatric oncology group study.	2004	Clinical Trial
26942826	10.1080/03655230410017111	The role of antioxidants in protection from ototoxic drugs.	2004	Journal Article
15141753		A novel mitochondrial mutation, 1556C --> T, in a Japanese patient with streptomycin-induced tinnitus.	2004	Case Reports
15064639		Protective effect of corticosteroid against the cytotoxicity of aminoglycoside otic drops on isolated cochlear outer hair cells.	2004	Journal Article
14966836		Late effects surveillance system for sarcoma patients.	2004	Clinical Trial
15198381		alpha-Tocopherol protective effects on gentamicin ototoxicity: an experimental study.	2004	Journal Article
15164960		Mechanisms of antibiotic neurotoxicity in renal failure.	2004	Journal Article
15091231		Vitamin E reduces cisplatin ototoxicity.	2004	Clinical Trial
15091230		Supporting cells as a target of cisplatin-induced inner ear damage: therapeutic implications.	2004	Journal Article
15068570		Fatal overdosage with cisplatin.	2004	Case Reports
15054365		Ototoxicity of ototopical antibiotic drops in humans.	2004	Journal Article
14987750		Perilymphatic application of alpha-melanocyte stimulating hormone ameliorates hearing loss caused by systemic administration of cisplatin.	2004	Journal Article
14759801		Antioxidant gene therapy can protect hearing and hair cells from ototoxicity.	2004	Journal Article
14729305		Preferences of kanamycin A towards copper(II). Effect of the resulting complexes on immunological mediators production by human leukocytes.	2004	Journal Article
15806708		Efficacy of an ototoxic aminoglycoside (gentamicin) on the differentiation of the inner ear of cichlid fish.	2004	Journal Article
15515654		Long term audiological evaluation of beta-thalassemic patients.	2004	Journal Article
15163161		Long-term sequelae after cancer therapy--survivorship after treatment for testicular cancer.	2004	Journal Article
15032485		Ototoxicity of a new glycopeptide, norvancomycin with multiple intravenous administrations in guinea pigs.	2004	Journal Article
14763579		Tolerability of N-chlorotaurine in the guinea pig middle ear: a pilot study using an improved application system.	2004	Journal Article
14724489		Round window application of D-methionine, sodium thiosulfate, brain-derived neurotrophic factor, and fibroblast growth factor-2 in cisplatin-induced ototoxicity.	2004	Journal Article
14698086		Round window pH manipulation alters the ototoxicity of systemic cisplatin.	2004	Journal Article
14681830		Maternally inherited aminoglycoside-induced and nonsyndromic deafness is associated with the novel C1494T mutation in the mitochondrial 12S rRNA gene in a large Chinese family.	2004	Journal Article
14644455		Aminoguanidine reduces cisplatin ototoxicity.	2003	Journal Article
14605921		Uptake of gentamicin by bullfrog saccular hair cells in vitro.	2003	Journal Article
14599696		Late dosing with ethacrynic acid can reduce gentamicin concentration in perilymph and protect cochlear hair cells.	2003	Journal Article
14599692		Alterations in the stria vascularis in relation to cisplatin ototoxicity and recovery.	2003	Journal Article
14566101		Cisplatin ototoxicity involves organ of Corti, stria vascularis and spiral ganglion: modulation by alphaMSH and ORG 2766.	2003	Journal Article
14534679		Cisplatin and platinum drugs at the molecular level. (Review).	2003	Journal Article
14974858		Assessment of the protective effects of amifostine against cisplatin-induced toxicity.	2003	Journal Article
14606592		Differing effects on the inner ear of three gentamicin compounds: GM-C1, -C2 and -C1a.	2003	Journal Article
14520103		Protease inhibitors alpha1-antitrypsin and ilomastat are not ototoxic in the chinchilla.	2003	Journal Article
14502062		Ototoxicity: bioprotective mechanisms.	2003	Journal Article
13679429		A peptide inhibitor of c-Jun N-terminal kinase protects against both aminoglycoside and acoustic trauma-induced auditory hair cell death and hearing loss.	2003	Journal Article
14561355		Methodology for studying the effects of topically applied ear drops on otoacoustic emissions in guinea pigs.	2003	Comparative Study
14555405		Carboplatin-induced oxidative injury in rat inferior colliculus.	2003	Journal Article
14506138		Randomized phase I clinical and pharmacologic study of weekly versus twice-weekly dose-intensive cisplatin and gemcitabine in patients with advanced non-small cell lung cancer.	2003	Clinical Trial
13679136		Auditory nerve fibre responses to salicylate revisited.	2003	Journal Article
12907047		The prevalence of neurosensorial hearing loss among cystic fibrosis patients from Hospital de Clínicas de Porto Alegre.	2003	Journal Article
12871655		Local application of sodium thiosulfate prevents cisplatin-induced hearing loss in the guinea pig.	2003	Journal Article
12832658		Acrylonitrile produces transient cochlear function loss and potentiates permanent noise-induced hearing loss.	2003	Journal Article
12875913		Changes in cell proliferation in rat and guinea pig cochlea after aminoglycoside-induced damage.	2003	Comparative Study
12837810		Gemcitabine plus vinorelbine compared with cisplatin plus vinorelbine or cisplatin plus gemcitabine for advanced non-small-cell lung cancer: a phase III trial of the Italian GEMVIN Investigators and the National Cancer Institute of Canada Clinical Trials Group.	2003	Clinical Trial
12948602		Cisplatin ototoxicity in the guinea pig: vestibular and cochlear damage.	2003	Journal Article
12853430		Caspase inhibitors promote vestibular hair cell survival and function after aminoglycoside treatment in vivo.	2003	Journal Article
12855369		Intracochlear administration of thiourea protects against cisplatin-induced outer hair cell loss in the guinea pig.	2003	Journal Article
12855368		Ebselen attenuates cochlear damage caused by acoustic trauma.	2003	Journal Article
12943374		Neomycin-induced hair cell death and rapid regeneration in the lateral line of zebrafish (Danio rerio).	2003	Journal Article
12921131		Quantification of sodium thiosulphate protection on cisplatin-induced toxicities.	2003	Journal Article
12828585		Efficacy and safety of arbekacin for staphylococcal infection in the NICU.	2003	Journal Article
12810998		Disseminated Mycobacterium chelonae cutaneous infection: recalcitrant to combined antibiotic therapy.	2003	Case Reports
12810465		Effect of parenteral aminoglycoside administration on dark cells in the crista ampullaris.	2003	Comparative Study
12760856		Tanshinone (Salviae miltiorrhizae extract) preparations attenuate aminoglycoside-induced free radical formation in vitro and ototoxicity in vivo.	2003	Journal Article
14567400		Distortion product otoacoustic emissions test is useful in children undergoing cisplatin treatment.	2003	Journal Article
12966700		Gentamicin administration in Duchenne patients with premature stop codon. Preliminary results.	2003	Clinical Trial
12797578		Calpain and caspase inhibitors protect vestibular sensory cells from gentamicin ototoxicity.	2003	Journal Article
12797577		Estimation of perilymph concentration of agents applied to the round window membrane by microdialysis.	2003	Journal Article
12742238		Systemic co-treatment with alpha-melanocyte stimulating hormone delays hearing loss caused by local cisplatin administration in guinea pigs.	2003	Journal Article
12736113		Lack of impact of platinum dose intensity on the outcome of ovarian cancer patients. 10-year results of a prospective randomised phase III study comparing carboplatin-cisplatin with cyclophosphamide-cisplatin.	2003	Clinical Trial
12698184		Weekly high-dose cisplatin is a feasible treatment option: analysis on prognostic factors for toxicity in 400 patients.	2003	Journal Article
12859139		The effect of D-methionine on cochlear oxidative state with and without cisplatin administration: mechanisms of otoprotection.	2003	Journal Article
12859138		Antioxidant enzyme levels inversely covary with hearing loss after amikacin treatment.	2003	Journal Article
12859137		Glutathione ester but not glutathione protects against cisplatin-induced ototoxicity in a rat model.	2003	Journal Article
12644815		Adaptive intrapatient dose escalation of cisplatin in combination with low-dose vp16 in patients with nonsmall cell lung cancer.	2003	Clinical Trial
27265333		Effect of α-Tocopherol on Lipid Peroxidation Caused by Cisplatin in Rat Kidney.	2003	Journal Article
15463841		Fosfomycin therapy for multiresistant Pseudomonas aeruginosa in cystic fibrosis.	2003	Journal Article
12820379		Sequence variations of mitochondrial DNA and individual sensitivity to the ototoxic effect of cisplatin.	2003	Journal Article
12725337		Bilateral irreversible hearing loss associated with the combination of carboplatin and paclitaxel chemotherapy: a unusual side effect.	2003	Case Reports
12634456		Synaptophysin immunohistochemistry during vestibular hair cell recovery after gentamicin treatment.	2003	Journal Article
12618314		Influence of pH on the ototoxicity of cisplatin: a round window application study.	2003	Journal Article
12583842		Neurologic complications of chemotherapy for children with cancer.	2003	Journal Article
12623149		Effects of trolox, locally applied on round windows, on cisplatin-induced ototoxicity in guinea pigs.	2003	Comparative Study
12597290		Effects of nimodipine on quinine ototoxicity.	2003	Journal Article
12583887		A novel technique for inducing local inner ear damage.	2003	Journal Article
28425336	10.1080/0036554021000028090	Protective Efect of Brain-derived Neurotrophic Factor Against the Ototoxicity of Pseudomonas aeruginosa Exotoxin A.	2003	Journal Article
14609360		Inhaled tobramycin (TOBI): a review of its use in the management of Pseudomonas aeruginosa infections in patients with cystic fibrosis.	2003	Journal Article
14514973		Protective effect of amifostine against toxicity of paclitaxel and carboplatin in non-small cell lung cancer: a single center randomized study.	2003	Clinical Trial
12849752		Pifithrin-alpha suppresses p53 and protects cochlear and vestibular hair cells from cisplatin-induced apoptosis.	2003	Journal Article
12725542		Treatment of urinary tract infection with gentamicin once or three times daily.	2003	Clinical Trial
12701739		Protective effects of alpha-tocopherol against gentamicin-induced Oto-vestibulo toxicity: an experimental study.	2003	Comparative Study
12625567		Protective effect of brain-derived neurotrophic factor against the ototoxicity of Pseudomonas aeruginosa exotoxin A.	2003	Journal Article
12625566		Neuroprotection of vestibular sensory cells from gentamicin ototoxicity obtained using nitric oxide synthase inhibitors, reactive oxygen species scavengers, brain-derived neurotrophic factors and calpain inhibitors.	2003	Journal Article
12583992		M40403, a superoxide dismutase mimetic, protects cochlear hair cells from gentamicin, but not cisplatin toxicity.	2003	Journal Article
12520253		Newborn hearing screening: tobramycin and vancomycin are not risk factors for hearing loss.	2003	Journal Article
12503934		Sensorineural hearing loss associated with intrathecal vancomycin.	2003	Case Reports
12497204		Ototoxicity, nephrotoxicity and pharmacokinetics of cisplatin and its monohydrated complex in the guinea pig.	2003	Journal Article
12498370		Effects of nimodipine on salicylate ototoxicity.	2002	Journal Article
12472526		Middle ear instillation of gentamicin and streptomycin in chinchillas: electrophysiological appraisal of selective ototoxicity.	2002	Journal Article
12433413		Chinchilla models of selective cochlear hair cell loss.	2002	Journal Article
12433395		Cisplatin-induced apoptosis in auditory cells: role of death receptor and mitochondrial pathways.	2002	Journal Article
12553036		Nuclear-factor kappa B (NF-kappa B)-inducible nitric oxide synthase (iNOS/NOS II) pathway damages the stria vascularis in cisplatin-treated mice.	2002	Journal Article
12372630		Ethacrynic acid rapidly and selectively abolishes blood flow in vessels supplying the lateral wall of the cochlea.	2002	Journal Article
12361877		Ototoxic side-effects of the I(Ks)-channel blocker HMR1556.	2002	Journal Article
12361873		Co-treatment with melanotan-II, a potent melanocortin, does not protect against cisplatin ototoxicity.	2002	Journal Article
12351727		Caspase activation in hair cells of the mouse utricle exposed to neomycin.	2002	Journal Article
12218336		Is isoniazid ototoxic in patients undergoing hemodialysis?	2002	Journal Article
12242138		A pilot case control follow-up study on hearing in children treated with tobramycin in the newborn period.	2002	Journal Article
12213294		Avian brainstem neurogenesis is stimulated during cochlear hair cell regeneration.	2002	Journal Article
12210444		Prospective study of carboplatin-based chemotherapy for pediatric germ cell tumors.	2002	Clinical Trial
12296426		Effect of zinc ion on cadmium-induced auditory changes.	2002	Journal Article
12208542		Ototoxic effects of cisplatin in a Sprague-Dawley rat animal model as revealed by ABR and transiently evoked otoacoustic emission measurements.	2002	Journal Article
12204187		Uncommon vancomycin-induced side effects.	2002	Case Reports
12184599		Cisplatin-induced ototoxicity and pharmacokinetics: preliminary findings in a dog model.	2002	Journal Article
12138146		Prevention of tunneled hemodialysis catheter-related infections using catheter-restricted filling with gentamicin and citrate: a randomized controlled study.	2002	Clinical Trial
12118962		Ciprofloxacin plus piperacillin compared with tobramycin plus piperacillin as empirical therapy in febrile neutropenic patients. A randomized, double-blind trial.	2002	Clinical Trial
12235923		Comparative cochlear toxicities of streptomycin, gentamicin, amikacin and netilmicin in guinea-pigs.	2002	Comparative Study
12169892		Rapid elevation of gentamicin levels in the human labyrinth following intravenous administration.	2002	Journal Article
12165893		The incidence of hearing impairment after successful treatment of neuroblastoma.	2002	Journal Article
12121745		Amikacin ototoxicity enhanced by Ginkgo biloba extract (EGb 761).	2002	Journal Article
12121739		Involvement of the mitochondrial permeability transition in gentamicin ototoxicity.	2002	Journal Article
12102302		Hearing loss and nephrotoxicity in long-term aminoglycoside treatment in patients with tuberculosis.	2002	Journal Article
12095298		Neurotrophin-3 transduction attenuates cisplatin spiral ganglion neuron ototoxicity in the cochlea.	2002	Journal Article
12098580		Melanin potentiates gentamicin-induced inhibition of collagen biosynthesis in human skin fibroblasts.	2002	Journal Article
12486847		Chemical and physical labyrinthectomy for Meniere's disease.	2002	Journal Article
12162365		Functional recovery of anterior semicircular canal afferents following hair cell regeneration in birds.	2002	Journal Article
12087338		Round window application of D-methionine provides complete cisplatin otoprotection.	2002	Comparative Study
12168832		Recovery of hearing following cisplatin ototoxicity in the guinea pig.	2002	Journal Article
12117531		Intra-cochlear administration of dexamethasone attenuates aminoglycoside ototoxicity in the guinea pig.	2002	Journal Article
12053139		Mechanisms of cell death in the injured auditory system: otoprotective strategies.	2002	Journal Article
12011540		Carboplatin induces less apoptosis in the cochlea of guinea pigs than cisplatin.	2002	Journal Article
12003999		Salicylate protects hearing and kidney function from cisplatin toxicity without compromising its oncolytic action.	2002	Journal Article
12150525		Intentional ablation of vestibular function using commercially available topical gentamicin-betamethasone eardrops in patients with Meniere's disease: further evidence for topical eardrop ototoxicity.	2002	Journal Article
12124659		Protective effect of calcium channel blocker verapamil on morphological and functional state of hair cells of the organ of corti in experimental kanamycin-induced ototoxicity.	2002	Journal Article
12062763		Differential ototoxicities induced by lead acetate and tetraethyl lead.	2002	Comparative Study
12062756		Blockade of c-Jun N-terminal kinase pathway attenuates gentamicin-induced cochlear and vestibular hair cell death.	2002	Journal Article
12194157		Neuropathy in an artist exposed to organic solvents in paints: a case study.	2002	Case Reports
12083725		Calpain immunoreactivity and morphological damage in chinchilla inner ears after carboplatin.	2002	Journal Article
12031515		D-Methionine and cisplatin ototoxicity in the guinea pig: D-methionine influences cisplatin pharmacokinetics.	2002	Journal Article
12021507		Simultaneous detection of both nitric oxide and reactive oxygen species in guinea pig vestibular sensory cells.	2002	Journal Article
11996467		Relationship between exposure and toxicity in high-dose chemotherapy with cyclophosphamide, thiotepa and carboplatin.	2002	Journal Article
11895059		Ototoxicity induced by gentamicin and furosemide.	2002	Case Reports
11849779		Intensity-modulated radiation therapy for pediatric medulloblastoma: early report on the reduction of ototoxicity.	2002	Journal Article
11850449		Inhibition of caspases prevents ototoxic and ongoing hair cell death.	2002	Journal Article
11950531		Leupeptin protects cochlear and vestibular hair cells from gentamicin ototoxicity.	2002	Journal Article
11843723		Otoacoustic emissions for monitoring aminoglycoside-induced ototoxicity in children with cystic fibrosis.	2002	Clinical Trial
11738695		Hydroxychloroquine ototoxicity in a child with idiopathic pulmonary haemosiderosis.	2002	Case Reports
12187025		Evaluation of the incidence of sensorineural hearing loss in beta-thalassemia major patients under regular chelation therapy with desferrioxamine.	2002	Journal Article
12083974		Efficacy and tolerability of extended-interval aminoglycoside administration in pediatric patients.	2002	Journal Article
11876587		Brain-derived neurotrophic factor and nitric oxide synthase inhibitor protect the vestibular organ against gentamicin ototoxicity.	2002	Journal Article
11788201		Blockade of c-Jun N-terminal kinase pathway attenuates gentamicin-induced cochlear and vestibular hair cell death.	2002	Journal Article
11754363		Transforming growth factor-alpha-induced cellular changes in organotypic cultures of juvenile, amikacin-treated rat organ of corti.	2002	Journal Article
11745505		Invasive bladder carcinoma: a pilot study of conservative treatment with accelerated radiotherapy and concomitant cisplatin.	2001	Journal Article
11811857		Once daily high-dose gentamicin to prevent infection in open fractures of the tibial shaft: a preliminary investigation.	2001	Journal Article
11802005		Determination of ototoxicity of common otic drops using isolated cochlear outer hair cells.	2001	Comparative Study
11729237	10.1681/ASN.V12122683	Manganese superoxide dismutase attenuates Cisplatin-induced renal injury: importance of superoxide.	2001	Journal Article
11745184		A Phase II trial of cisplatin plus WR-2721 (amifostine) for metastatic breast carcinoma: an Eastern Cooperative Oncology Group Study (E8188).	2001	Clinical Trial
11781046		Apoptosis in the OC-k3 immortalized cell line treated with different agents.	2001	Journal Article
11779309		A case of sensorineural deafness following ingestion of Ecstasy.	2001	Case Reports
11744287		Free radical generation in the cochlea during combined exposure to noise and carbon monoxide: an electrophysiological and an EPR study.	2001	Journal Article
11589975		A comparison of cortisporin and ciprofloxacin otic drops as prophylaxis against post-tympanostomy otorrhea.	2001	Clinical Trial
11711880		A new aspect of aminoglycoside ototoxicity: impairment of cochlear dopamine release.	2001	Journal Article
11801948		Aminoglycoside ototoxicity: a human temporal bone study.	2001	Case Reports
11718240		Doxorubicin ototoxicity is induced in mice by combination treatment with cyclosporin A.	2001	Journal Article
11710476		Ongoing cell death and immune influences on regeneration in the vestibular sensory organs.	2001	Journal Article
11710465		Return of potassium ion channels in regenerated hair cells: possible pathways and the role of intracellular calcium signaling.	2001	Journal Article
11591895		Once-daily versus multiple-daily gentamicin in infants and children.	2001	Clinical Trial
11549711		FM1-43 dye behaves as a permeant blocker of the hair-cell mechanotransducer channel.	2001	Journal Article
11697824		Current and future potential roles of the platinum drugs in the treatment of ovarian cancer.	2001	Journal Article
11688544		Cisplatin ototoxicity in the Sprague Dawley rat evaluated by distortion product otoacoustic emissions.	2001	Journal Article
11604553		Adaptive intrapatient dose escalation of cisplatin in patients with advanced head and neck cancer.	2001	Clinical Trial
11555564		Administration of aerosolized antibiotics in cystic fibrosis patients.	2001	Journal Article
11520632		Does exogenous GM1 ganglioside enhance the effects of electrical stimulation in ameliorating degeneration after neonatal deafness?	2001	Journal Article
11520631		Carboplatin-induced oxidative stress in rat cochlea.	2001	Journal Article
11561984		History of testicular cancer chemotherapy: maximizing efficacy, minimizing toxicity.	2001	Journal Article
11535141		Reversible ototoxic effect of azithromycin and clarithromycin on transiently evoked otoacoustic emissions in guinea pigs.	2001	Journal Article
11506949		Aminoglycoside ototoxicity in adult CBA, C57BL and BALB mice and the Sprague-Dawley rat.	2001	Comparative Study
12067081		Nebulized tobramycin in patients with chronic respiratory infections during clinical evolution of Wegener's granulomatosis.	2001	Clinical Trial
11583387		Drug-induced otoxicity: current status.	2001	Journal Article
11568534		L-n-acetyl-cysteine protection against cisplatin-induced auditory neuronal and hair cell toxicity.	2001	Comparative Study
11437646		Cisplatin ototoxicity: involvement of iron and enhanced formation of superoxide anion radicals.	2001	Journal Article
11550524		Anatomic and morphometric changes to gerbil posterior cristas following transtympanic administration of gentamicin and streptomycin.	2001	Journal Article
11409421		Gentamicin treatment of Duchenne and Becker muscular dystrophy due to nonsense mutations.	2001	Journal Article
11407910		HSV amplicon-mediated neurotrophin-3 expression protects murine spiral ganglion neurons from cisplatin-induced damage.	2001	Journal Article
11376818		Evoked otoacoustic emissions--an approach for monitoring cisplatin induced ototoxicity in children.	2001	Journal Article
11474137		Overexpression of copper/zinc-superoxide dismutase protects from kanamycin-induced hearing loss.	2001	Journal Article
11359155		Delayed, reversible hearing loss caused by difluoromethylornithine (DFMO).	2001	Journal Article
11425200		Methylcobalamin as antagonist to transient ototoxic action of gentamicin.	2001	Journal Article
11425199		Nitric oxide in guinea pig vestibular sensory cells following gentamicin exposure in vitro.	2001	Journal Article
11423224		Perilymphatic application of cisplatin over several days in albino guinea pigs: dose-dependency of electrophysiological and morphological effects.	2001	Journal Article
11423223		Quinine-induced alterations of electrically evoked otoacoustic emissions and cochlear potentials in guinea pigs.	2001	Journal Article
11423218		Effects of gentamicin and pH on [Ca2+]i in apical and basal outer hair cells from guinea pigs.	2001	Journal Article
11405249		Round window membrane delivery of L-methionine provides protection from cisplatin ototoxicity without compromising chemotherapeutic efficacy.	2001	Journal Article
11396152		Detection of single-stranded DNA (ssDNA) in the vestibule of guinea pigs after the application of cisplatinum (CDDP).	2001	Journal Article
11348833		Disruption of cochlear potentials by chemical asphyxiants. Cyanide and carbon monoxide.	2001	Journal Article
11297239		Delayed sodium thiosulfate as an otoprotectant against carboplatin-induced hearing loss in patients with malignant brain tumors.	2001	Journal Article
11283825		Intratympanic gentamicin therapy for vertigo in nonserviceable ears.	2001	Clinical Trial
11245407		The ototoxic effects induced in rats by treatment for 12 weeks with 2-butenenitrile, 3-butenenitrile and cis-2-pentenenitrile.	2001	Journal Article
11223308		Hair cell regeneration and recovery of auditory thresholds following aminoglycoside ototoxicity in Bengalese finches.	2001	Comparative Study
11168867		Single-daily ceftriaxone plus amikacin versus thrice-daily ceftazidime plus amikacin as empirical treatment of febrile neutropenia in children with cancer.	2001	Clinical Trial
14964951		Vestibulotoxicity and ototoxicity of gentamicin in newborns at risk.	2001	Journal Article
14964948		The effects of leupeptin on cochlear blood flow, auditory sensitivity, and histology.	2001	Journal Article
12689449		Absence of hair cell protection by exogenous FGF-1 and FGF-2 delivered to guinea pig cochlea in vivo.	2001	Journal Article
11564051		The therapeutic monitoring of antimicrobial agents.	2001	Journal Article
11554626		Accelerated chemotherapy in the treatment of urothelial cancer.	2001	Clinical Trial
11488999		The integration of paclitaxel and new platinum compounds in the treatment of advanced ovarian cancer.	2001	Journal Article
11349764		Effects of common topical otic preparations on the morphology of isolated cochlear outer hair cells.	2001	Comparative Study
11314720		Objective method for differentiating between drug-induced vestibulotoxicity and cochleotoxicity.	2001	Journal Article
11284941		The use of antibiotic-containing bead chains in the treatment of chronic bone infections.	2001	Journal Article
11270488		Pharmacological models for inner ear therapy with emphasis on nitric oxide.	2001	Journal Article
11249048		Combination chemotherapy with docetaxel and cisplatin for locally advanced and metastatic gastric cancer.	2001	Clinical Trial
11137357		TEOAE monitoring of Cisplatin induced ototoxicity in guinea pigs: the protective effect of vitamin B treatment.	2001	Journal Article
11134210		Carboplatin/ifosfamide window therapy for osteosarcoma: results of the St Jude Children's Research Hospital OS-91 trial.	2001	Journal Article
11124453		Dose response of carboplatin-induced hearing loss in rats: antioxidant defense system.	2001	Journal Article
11124452		Effects of alpha-tocopherol on cisplatin-induced ototoxicity in guinea pigs.	2001	Journal Article
11134593		Lysosomal augmentation during aminoglycoside uptake in cochlear hair cells.	2000	Journal Article
11770143		Regeneration of the mammalian vestibular sensory epithelium following gentamicin-induced damage.	2000	Journal Article
11210167		Comparison of in vitro growth-inhibitory activity of carboplatin and cisplatin on leukemic cells and hematopoietic progenitors: the myelosuppressive activity of carboplatin may be greater than its antileukemic effect.	2000	Comparative Study
11149742		Use of amifostine as a chemoprotectant during high-dose chemotherapy in autologous peripheral blood stem cell transplantation.	2000	Case Reports
11123168		Pharmacological protection of auditory function against noise and hypoxia with MK 801.	2000	Journal Article
11115087		Protection from ototoxicity of intraperitoneal gentamicin in guinea pig.	2000	Journal Article
11114707		Ototoxicity after high-dose chemotherapy with cyclophosphamide, thiotepa and carboplatin followed by stem cell transplantation in patients with breast cancer.	2000	Journal Article
11033258		Acute changes in cochlear potentials due to cisplatin.	2000	Journal Article
11023713		Audiological evaluation in adult beta-thalassemia major patients under regular chelation treatment.	2000	Comparative Study
10980487		Projections from the medial geniculate body to primary auditory cortex in neonatally deafened cats.	2000	Journal Article
11200585		The reinnervation of regenerated hair cells in the basilar papilla of chicks after kanamycin ototoxicity.	2000	Journal Article
11132710		Blood-perilymph barrier and ototoxicity: an in vivo study in the rat.	2000	Journal Article
11129736		Nitric oxide synthase inhibitor reduces the apoptotic change in the cisplatin-treated cochlea of guinea pigs.	2000	Journal Article
11129735		Expression of myeloperoxidase in the inner ear of cisplatin-treated guinea pigs.	2000	Journal Article
11013280		Phase III comparative study of high-dose cisplatin versus a combination of paclitaxel and cisplatin in patients with advanced non-small-cell lung cancer.	2000	Clinical Trial
10978834		Combined effects of exposure to styrene and ethanol on the auditory function in the rat.	2000	Journal Article
11093607		Ototoxic interaction between noise and pheomelanin: distortion product otoacoustic emissions after acoustical trauma in chloroquine-treated red, black, and albino guinea pigs.	2000	Journal Article
11092997		Ceftriaxone is an efficient component of antimicrobial regimens in the prevention and initial management of infections in end-stage renal disease.	2000	Journal Article
11081456		Glutathione S-transferase genetic polymorphisms and individual sensitivity to the ototoxic effect of cisplatin.	2000	Journal Article
10985895		High-dose platinum versus standard dose in advanced ovarian carcinoma: a randomized trial from the Gynecologic Cooperative Group of the French Comprehensive Cancer Centers (FNCLCC).	2000	Clinical Trial
10983954		Vestibular and cochlear ototoxicity of topical antiseptics assessed by evoked potentials.	2000	Journal Article
10962190		Auditory plasticity and hyperactivity following cochlear damage.	2000	Journal Article
10962181		Central nervous system plasticity during hair cell loss and regeneration.	2000	Journal Article
10899696		D-Methionine attenuates inner hair cell loss in carboplatin-treated chinchillas.	2000	Journal Article
10925178		mRNA expression of kidney-specific ClC-K1 chloride channel in single-cell reverse transcription-polymerase chain reaction analysis of outer hair cells of rat cochlea.	2000	Journal Article
11039868		Topical aminoglycoside ototoxicity: attempting to protect the cochlea.	2000	Comparative Study
10913379		The treatment of cranial germ cell tumours.	2000	Journal Article
10915767		A biochemical basis for the inherited susceptibility to aminoglycoside ototoxicity.	2000	Journal Article
10912698		Effect of high-dose cisplatin on auditory brainstem responses and otoacoustic emissions in laboratory animals.	2000	Comparative Study
10912697		Effect of protective agents against cisplatin ototoxicity.	2000	Comparative Study
10892700		In vivo interaction of cis-platinum and fosfomycin on squamous cell carcinoma.	2000	Journal Article
10869460		Characterization of the ototoxicity of difluoromethylornithine and its enantiomers.	2000	Comparative Study
10854574		Vinpocetine protects from aminoglycoside antibiotic-induced hearing loss in guinea pig in vivo.	2000	Journal Article
10861021		Complementary roles of neurotrophin 3 and a N-methyl-D-aspartate antagonist in the protection of noise and aminoglycoside-induced ototoxicity.	2000	Journal Article
10912957		Nitric oxide synthase inhibitor suppresses the ototoxic side effect of cisplatin in guinea pigs.	2000	Journal Article
10871754		Effect of transgenic GDNF expression on gentamicin-induced cochlear and vestibular toxicity.	2000	Journal Article
10858004		Cisplatin ototoxicity, increased DPOAE amplitudes, and magnesium deficiency. Distortion product otoacoustic emissions.	2000	Case Reports
10831874		Histological effects of co-administration of an ACTH((4-9)) analogue, ORG 2766, on cisplatin ototoxicity in the albino guinea pig.	2000	Journal Article
10831873		Cisplatin-induced ototoxicity: morphological evidence of spontaneous outer hair cell recovery in albino guinea pigs?	2000	Journal Article
10831872		Dose-dependent effect of 8-day cisplatin administration upon the morphology of the albino guinea pig cochlea.	2000	Journal Article
10828794		Extended high-frequency ototoxicity induced by the first administration of cisplatin.	2000	Journal Article
10841344		Microglia-like cells in rat organ of Corti following aminoglycoside ototoxicity.	2000	Journal Article
10821231		Temporal bone studies of the human peripheral vestibular system. Aminoglycoside ototoxicity.	2000	Journal Article
10771193		In vitro effects of hydrogen peroxide on the cochlear neurosensory epithelium of the guinea pig.	2000	Journal Article
10778901		Irreversible sensorineural hearing loss as a result of azithromycin ototoxicity. A case report.	2000	Case Reports
10748326		Antioxidants attenuate gentamicin-induced free radical formation in vitro and ototoxicity in vivo: D-methionine is a potential protectant.	2000	Journal Article
10741857		Inhibition of inducible nitric oxide synthase lowers the cochlear damage by lipopolysaccharide in guinea pigs.	2000	Journal Article
10715580		Oxidative stress-induced apoptosis of cochlear sensory cells: otoprotective strategies.	2000	Journal Article
11603760		Expression of heat shock protein 72 in rat cochlea with cisplatin-induced acute ototoxicity.	2000	Journal Article
10749517		Clinical pharmacokinetics and pharmacodynamics of isepamicin.	2000	Journal Article
10733183		Assessment of vestibular ototoxicity of ear drops by recording of vestibular evoked potentials to acceleration impulses.	2000	Journal Article
10709968		Ototoxicity caused by cisplatin is ameliorated by melatonin and other antioxidants.	2000	Journal Article
10718325		Reversible cisplatin ototoxicity in the albino guinea pig.	2000	Journal Article
10675502		Interaction of cisplatin with planar model membranes - dose dependent change in electrical characteristics.	2000	Journal Article
10675634		Cisplatin-induced hearing loss: influence of the mode of drug administration in the guinea pig.	2000	Comparative Study
10661332		Postoperative neoadjuvant chemotherapy before radiotherapy as compared to immediate radiotherapy followed by maintenance chemotherapy in the treatment of medulloblastoma in childhood: results of the German prospective randomized trial HIT '91.	2000	Clinical Trial
10678781		A role of glutamate in drug-induced ototoxicity: in vivo microdialysis study combined with on-line enzyme fluorometric detection of glutamate in the guinea pig cochlea.	2000	Journal Article
10661503		Disruption of mdr1a p-glycoprotein gene results in dysfunction of blood-inner ear barrier in mice.	2000	Journal Article
12689476		A review of the effects of selective inner hair cell lesions on distortion product otoacoustic emissions, cochlear function and auditory evoked potentials.	2000	Journal Article
12689438		The role of glutathione in carboplatin ototoxicity in the chinchilla.	2000	Journal Article
11045311		Use of bolus intraperitoneal aminoglycosides for treating peritonitis in end-stage renal disease patients receiving continuous ambulatory peritoneal dialysis and continuous cycling peritoneal dialysis.	2000	Clinical Trial
10984140		Hydroxychloroquine ototoxicity in a patient with rheumatoid arthritis.	2000	Case Reports
10944833		Bacteriology of chronic otitis media in Dar es Salaam, Tanzania.	2000	Journal Article
10757560		Expression of inducible nitric oxide synthase (iNOS/NOS II) in the vestibule of guinea pigs after the application of cisplatin.	2000	Journal Article
10710871		Comparison of ofloxacin otic solution with oral amoxycillin plus chloramphenicol ear drop in treatment of chronic suppurative otitis media with acute exacerbation.	2000	Clinical Trial
10664037		Effect of cisplatin on the expression of glutathione-S-transferase in the cochlea of the rat.	2000	Journal Article
10656463		Delayed administration of sodium thiosulfate in animal models reduces platinum ototoxicity without reduction of antitumor activity.	2000	Journal Article
10627579		Rescue of hearing, auditory hair cells, and neurons by CEP-1347/KT7515, an inhibitor of c-Jun N-terminal kinase activation.	2000	Journal Article
10626598		Ototoxicity caused by aminoglycosides is ameliorated by melatonin without interfering with the antibiotic capacity of the drugs.	2000	Journal Article
10613786		Falsely elevated serum tobramycin concentrations in cystic fibrosis patients treated with concurrent intravenous and inhaled tobramycin.	2000	Case Reports
10629769		Calpain inhibitors protect auditory sensory cells from hypoxia and neurotrophin-withdrawal induced apoptosis.	1999	Journal Article
10613387		An individualized, sensitive frequency range for early detection of ototoxicity.	1999	Comparative Study
10597739		Mature results of a prospective randomized trial comparing a three-weekly with an accelerated weekly schedule of cisplatin in advanced ovarian carcinoma.	1999	Clinical Trial
10588857		Late toxicity following curative treatment of testicular cancer.	1999	Journal Article
10580222		Effects of cis-platinum chemotherapy on otoacoustic emissions: the development of an objective screening protocol. Third place--Resident Clinical Science Award 1998.	1999	Journal Article
10575113		Tonotopic changes in 2-deoxyglucose activity in chick cochlear nucleus during hair cell loss and regeneration.	1999	Journal Article
10842610		Intratympanic therapy for Ménière's disease. High-concentration gentamicin with round-window protection.	1999	Journal Article
10842609		Dynamic studies of ototoxicity in mature avian auditory epithelium.	1999	Journal Article
10842607		The role of antioxidants in protection from impulse noise.	1999	Journal Article
10842603		Role of neurotrophins and lectins in prevention of ototoxicity.	1999	Journal Article
10842600		Glial cell line-derived neurotrophic factor. Potential for otoprotection.	1999	Journal Article
10842595		Evaluation of cisplatin ototoxicity in a rat animal model.	1999	Journal Article
10842594		Protection and spontaneous recovery from cisplatin-induced hearing loss.	1999	Journal Article
10842592		Selective loss of inner hair cells and type-I ganglion neurons in carboplatin-treated chinchillas. Mechanisms of damage and protection.	1999	Journal Article
10842591		Ototoxicity. Amelioration by protective agents.	1999	Journal Article
10842584		Acute and chronic effects of aminoglycosides on cochlear hair cells.	1999	Journal Article
10842581		Free radicals and hearing. Cause, consequence, and criteria.	1999	Journal Article
10842580		Insights into ototoxicity. Analogies to nephrotoxicity.	1999	Journal Article
10842579		Global problem of drug-induced hearing loss.	1999	Journal Article
10595663		Otoacoustic emissions--an approach for monitoring aminoglycoside induced ototoxicity in children.	1999	Journal Article
10591076		Inhibition of gap junctional coupling in cochlear supporting cells by gentamicin.	1999	Journal Article
10569412		Ototoxic impact of cisplatin in pediatric oncology patients.	1999	Journal Article
10569399		Application of antioxidants and other agents to prevent cisplatin ototoxicity.	1999	Journal Article
10545628		Capability of serum to convert streptomycin to cytotoxin in patients with aminoglycoside-induced hearing loss.	1999	Journal Article
10536212		Expression of BDNF and TrkB mRNAs in the crista neurosensory epithelium and vestibular ganglia following ototoxic damage.	1999	Journal Article
10900093		Heregulin enhances regenerative proliferation in postnatal rat utricular sensory epithelium after ototoxic damage.	1999	Journal Article
10591510		L- and D- methionine provide equivalent long term protection against CDDP-induced ototoxicity in vivo, with partial in vitro and in vivo retention of antineoplastic activity.	1999	Journal Article
10554048		Pharmacokinetics and therapeutic drug monitoring of gentamicin in the elderly.	1999	Journal Article
10526861		Effects of chronic tobramycin treatment on distortion product otoacoustic emissions.	1999	Journal Article
10511636		Aminoglycosides activate oxygen metabolites production in the cochlea of mature and developing rats.	1999	Journal Article
10490915		Polyamine-like actions of aminoglycosides at recombinant N-methyl-D-aspartate receptors.	1999	Journal Article
10542926		Systemic absorption of gentamicin in the management of active mucosal chronic otitis media.	1999	Journal Article
10452374		Age-related sensitivity to cisplatin ototoxicity in gerbils.	1999	Journal Article
10443830		Fosfomycin does not inhibit the tumoricidal efficacy of cisplatinum.	1999	Journal Article
10440193		A phase I study of chemoembolization with cisplatin, thiotepa, and lipiodol for primary and metastatic liver cancer.	1999	Clinical Trial
10431119		Prolonged use of pancuronium bromide and sensorineural hearing loss in childhood survivors of congenital diaphragmatic hernia.	1999	Journal Article
10424676		Effects of BDNF and NT-3 on hair cell survival in guinea pig cochlea damaged by kanamycin treatment.	1999	Journal Article
10375702		Degeneration and gliosis in rat retina and central nervous system following 3,3'-iminodipropionitrile exposure.	1999	Journal Article
10448431		Ototoxicity of sodium nitroprusside is not due to nitric oxide.	1999	Comparative Study
10440486		Toluene and styrene intoxication route in the rat cochlea.	1999	Comparative Study
10439167		Multimodality therapy in advanced paranasal sinus carcinoma: superior long-term results.	1999	Clinical Trial
10435736		Toxicity of single daily dose gentamicin in stem cell transplantation.	1999	Journal Article
10431887		Comparison of vestibular and cochlear ototoxicity from transtympanic streptomycin administration.	1999	Comparative Study
10431882		Ototoxicity resulting from combined administration of metronidazole and gentamicin.	1999	Comparative Study
10418821		Salicylate attenuates gentamicin-induced ototoxicity.	1999	Journal Article
10416864		Study of the gerbil utricular macula following treatment with gentamicin, by use of bromodeoxyuridine and calmodulin immunohistochemical labelling.	1999	Journal Article
10416861		Distribution and time course of hair cell regeneration in the pigeon utricle.	1999	Journal Article
10401847		Ototoxicity of topical gentamicin preparations.	1999	Case Reports
10401837		Glutamate-like immunoreactivity during hair cell recovery after gentamicin exposure in the chinchilla vestibular sensory periphery.	1999	Journal Article
10390201		Prospective evaluation of the effect of an aminoglycoside dosing regimen on rates of observed nephrotoxicity and ototoxicity.	1999	Clinical Trial
10442192		Randomized study of a short course of weekly cisplatin with or without amifostine in advanced head and neck cancer. EORTC Head and Neck Cooperative Group.	1999	Clinical Trial
10410341		Middle ear instillation of gentamicin and streptomycin in chinchillas: morphologic appraisal of selective ototoxicity.	1999	Journal Article
10404451		Once versus twice daily amikacin in neonates: prospective study on toxicity.	1999	Clinical Trial
10392547		Cisplatin ototoxicity in developing gerbils.	1999	Journal Article
10362343		Cisplatin ototoxicity: the importance of baseline audiometry.	1999	Journal Article
10353934		Once-daily gentamicin dosing in newborn infants.	1999	Comparative Study
10416224		Oxidant mechanisms in gentamicin nephrotoxicity.	1999	Journal Article
10360638		The sulfhydryl containing compounds WR-2721 and glutathione as radio- and chemoprotective agents. A review, indications for use and prospects.	1999	Journal Article
10355609		Effect of 4-methylthiobenzoic acid on cisplatin-induced ototoxicity in the rat.	1999	Journal Article
10337971		The protective effect of brain-derived neurotrophic factor after gentamicin ototoxicity.	1999	Comparative Study
10363922		The bacterial Neo gene confers neomycin resistance to mammalian cochlear hair cells.	1999	Journal Article
10216172		Effects of growth factors on the hair cells after ototoxic treatment of the neonatal mammalian cochlea in vitro.	1999	Journal Article
10327171		Dizocilpine attenuates streptomycin-induced vestibulotoxicity in rats.	1999	Journal Article
10474673		Metronidazole ototoxicity--report of two cases.	1999	Case Reports
10348271		Future directions in gynecologic cancer.	1999	Journal Article
10332533		Ototoxicity associated with vinblastine.	1999	Case Reports
10231137		Sequential cycles of high-dose chemotherapy with dose escalation of carboplatin with or without paclitaxel supported by G-CSF mobilized peripheral blood progenitor cells: a phase I/II study in advanced ovarian cancer.	1999	Clinical Trial
10227064		Comparison of tobramycin nephrotoxicity in young adult and aged female rats.	1999	Comparative Study
10213451		Concanavalin A protects hair cells against gentamicin ototoxicity in rat cochlear explant cultures.	1999	Journal Article
10094887		Phase II trial of intraperitoneal cisplatin and mitoxantrone in patients with persistent ovarian cancer.	1999	Clinical Trial
10208553		Leupeptin protects sensory hair cells from acoustic trauma.	1999	Journal Article
10190752		The effect of combined administration of cadmium and furosemide on auditory function in the rat.	1999	Journal Article
10095194		Free radicals in the guinea pig inner ear following gentamicin exposure.	1999	Journal Article
10089957		Streptomycin ototoxicity and hair cell regeneration in the adult pigeon utricle.	1999	Comparative Study
10085330		Recovery of the vestibulocolic reflex after aminoglycoside ototoxicity in domestic chickens.	1999	Journal Article
10220857		Dose dependent protection by lipoic acid against cisplatin-induced ototoxicity in rats: antioxidant defense system.	1999	Journal Article
10082293		Intracochlear infusion of buthionine sulfoximine potentiates carboplatin ototoxicity in the chinchilla.	1999	Journal Article
10082286		Increased susceptibility of male rats to kanamycin-induced cochleotoxicity.	1999	Journal Article
10082281		Attenuation of aminoglycoside-induced cochlear damage with the metabolic antioxidant alpha-lipoic acid.	1999	Journal Article
10082280		Cisplatin ototoxicity and the possibly protective effect of alpha-melanocyte stimulating hormone.	1999	Journal Article
10030778		Intravenous azithromycin-induced ototoxicity.	1999	Case Reports
9878779		Aminoglycoside neurotoxicity involves NMDA receptor activation.	1999	Journal Article
12689485		Evidence of a Common Pathway in Noise-Induced Hearing Loss and Carboplatin Ototoxicity.	1999	Journal Article
10587002		Single ototopical application of mesna has no ototoxic effects on guinea pig cochlear hair cells: a morphological study.	1999	Comparative Study
10489862		ABR evaluation of ototoxicity in cancer patients receiving cisplatin or carboplatin.	1999	Journal Article
10461057		Dose intensification of platinum compounds with glutathione protection as induction chemotherapy for advanced ovarian carcinoma.	1999	Journal Article
10445072		4-methylcatechol, a potent inducer of nerve growth factor synthesis, protects spiral ganglion neurons from aminoglycoside ototoxicity--preliminary report.	1999	Comparative Study
10418721		Long-term follow-up of neoadjuvant cisplatin and 5-fluorouracil chemotherapy in bulky squamous cell carcinoma of the cervix.	1999	Clinical Trial
10366030		The electroreceptor organ of the catfish, Ictalurus melas, as a model for cisplatin-induced ototoxicity.	1999	Journal Article
9894965		Phase I evaluation of preirradiation chemotherapy with carmustine and cisplatin and accelerated radiation therapy in patients with high-grade gliomas.	1999	Clinical Trial
9890319		Intermittent versus continuous intraperitoneal glycopeptide/ceftazidime treatment in children with peritoneal dialysis-associated peritonitis. The Mid-European Pediatric Peritoneal Dialysis Study Group (MEPPS).	1999	Clinical Trial
9874468		Mississippi mud in the 1990s: risks and outcomes of vancomycin-associated toxicity in general oncology practice.	1998	Journal Article
20654460		In Vitro Ototoxicity of aminoglycosides and platin derivatives. A semi-automatic assay for sensory hair cell damage in explanted rat organ of corti.	1998	Journal Article
9918419		Clinical experience of fotemustine, cisplatin and high dose tamoxifen in patients with metastatic malignant melanoma.	1998	Clinical Trial
9887233		Perceptions of cisplatin-related toxicity among ovarian cancer patients and gynecologic oncologists.	1998	Comparative Study
9875724		Are aminoglycoside antibiotics excitotoxic?	1998	Journal Article
9872137		Evidence for loss and recovery of chick brainstem auditory neurons during gentamicin-induced cochlear damage and regeneration.	1998	Journal Article
9869217		Phase I and pharmacokinetic study of preirradiation chemotherapy with BCNU, cisplatin, etoposide, and accelerated radiation therapy in patients with high-grade glioma.	1998	Clinical Trial
9862923		Recovery of semicircular canal primary afferent activity in the pigeon after streptomycin ototoxicity.	1998	Journal Article
9852529		Protection against aminoglycoside otic drop-induced ototoxicity by a spin trap: I. Acute effects.	1998	Journal Article
9852528		Experimental model of cisplatin ototoxicity in chinchillas.	1998	Journal Article
9822146		Characterization of atypical cells in the juvenile rat organ of corti after aminoglycoside ototoxicity.	1998	Journal Article
9928679		Comparative intravenous toxicity of cisplatin solution and cisplatin encapsulated in long-circulating, pegylated liposomes in cynomolgus monkeys.	1998	Comparative Study
9870624		Investigation of topical ciprofloxacin ototoxicity in guinea pigs.	1998	Comparative Study
9834971		Effects of chronic lithium on ototoxicity induced by gentamicin and amikacin in guinea-pigs.	1998	Journal Article
9833965		Round window administration of gentamicin: a new method for the study of ototoxicity of cochlear hair cells.	1998	Journal Article
9819544		Naproxen-associated sudden sensorineural hearing loss.	1998	Case Reports
9806657		Dose intensive combination platinum and cyclophosphamide in the treatment of patients with advanced untreated epithelial ovarian cancer.	1998	Clinical Trial
9772295		Prediction of toxicity but not of clinical course by determining carboplatin exposure in patients with epithelial ovarian cancer treated with a combination of carboplatin and cisplatin.	1998	Clinical Trial
9742264		Adaptation in neonatology of the once-daily concept of aminoglycoside administration: evaluation of a dosing chart for amikacin in an intensive care unit.	1998	Journal Article
9732130		Basal cochlear lesions result in increased amplitude of otoacoustic emissions.	1998	Journal Article
10223612		Acute effects of combined administration of kanamycin and furosemide on the stria vascularis studied by distortion product otoacoustic emission and transmission electron microscopy.	1998	Journal Article
9845029		Use of transient evoked otoacoustic emissions to detect and monitor cochlear damage caused by platinum-containing drugs.	1998	Journal Article
9822908		Protective effects of a neurotrophic ACTH(4-9) analog on cisplatin ototoxicity in relation to the cisplatin dose: an electrocochleographic study in albino guinea pigs.	1998	Journal Article
9822907		Cisplatin ototoxicity. An electrophysiological dose-effect study in albino guinea pigs.	1998	Journal Article
9822901		A semiquantitative analysis of the effects of cisplatin on the rat stria vascularis.	1998	Journal Article
9818694		Severe ototoxicity following carboplatin-containing conditioning regimen for autologous marrow transplantation for neuroblastoma.	1998	Journal Article
9811183		Effects of Ginkgo biloba extract on the cochlear damage induced by local gentamicin installation in guinea pigs.	1998	Journal Article
9799062		Prospective randomized study of once-daily versus twice-daily amikacin regimens in patients with systemic infections.	1998	Clinical Trial
9778281		Transtympanic gentamicin for Meniere's syndrome.	1998	Journal Article
9854499		Neuro- and ototoxicity of high-dose carboplatin treatment in poor prognosis ovarian cancer patients.	1998	Clinical Trial
9840500		Basilar papilla explants: a model to study hair cell regeneration-repair and protection.	1998	Comparative Study
9799987		Comparison of distortion-product and transient evoked otoacoustic emissions with ABR threshold shift in chinchillas with ototoxic damage.	1998	Journal Article
9762501		Ototoxicity and topical eardrops.	1998	Case Reports
9733234		Monitoring and predicting ototoxic damage using distortion-product otoacoustic emissions: pediatric case study.	1998	Case Reports
9731839		Expression of gamma-glutamyl transpeptidase in stage III and IV ovarian surface epithelial carcinomas does not alter response to primary cisplatin-based chemotherapy.	1998	Journal Article
9743957		Preradiation chemotherapy of children and young adults with malignant brain tumors: results of the German pilot trial HIT'88/'89.	1998	Clinical Trial
9706431		Ototoxicity due to hydroxychloroquine: report of two cases.	1998	Case Reports
9700537		The pharmacokinetics and toxicity of once-daily tobramycin therapy in children with cystic fibrosis.	1998	Clinical Trial
9694103		Pharmacokinetics of once-daily gentamicin dosing in pediatric patients.	1998	Clinical Trial
9665261		Topical gentamicin and ethacrynic acid: effects on cochlear function.	1998	Journal Article
9655844		First evidence of otoprotection against carboplatin-induced hearing loss with a two-compartment system in patients with central nervous system malignancy using sodium thiosulfate.	1998	Journal Article
9799894		Further hearing loss during osteoporosis treatment with etidronate.	1998	Case Reports
9669481		Bilateral loss of vestibular function: clinical findings in 53 patients.	1998	Journal Article
9669013		Deafness and prolonged neuromuscular blockade following single-dose peritoneal neomycin irrigation.	1998	Case Reports
9667428		Hair cell regeneration after local application of gentamicin at the round window of the cochlea in the pigeon.	1998	Journal Article
9657511		Quinine pharmacokinetics: ototoxic and cardiotoxic effects in healthy Caucasian subjects and in patients with falciparum malaria.	1998	Journal Article
9655210		Experimental study on the effects of gentamicin injection on the guinea-pig: electrophysiological studies.	1998	Journal Article
9644614		Contralateral suppression of distortion product otoacoustic emissions in children with cystic fibrosis: effects of tobramycin.	1998	Comparative Study
9626603		Clarithromycin with minocycline and clofazimine for Mycobacterium avium intracellulare complex lung disease in patients without the acquired immune deficiency syndrome. GETIM. Groupe d'Etude et de Traitement des Infections à Mycobactéries.	1998	Clinical Trial
9626861		Aminoglycoside ototoxicity and the medial efferent system: II. Comparison of acute effects of different antibiotics.	1998	Comparative Study
9626860		Aminoglycoside ototoxicity and the medial efferent system: I. Comparison of acute and chronic gentamicin treatments.	1998	Journal Article
9591868		Aminoglycoside ototoxicity: prevention in sight?	1998	Journal Article
9591854		Transient-evoked otoacoustic emissions in children after cisplatin chemotherapy.	1998	Journal Article
9582223		Effects of quinine on the excitability and voltage-dependent currents of isolated spiral ganglion neurons in culture.	1998	Journal Article
9547237		Regeneration of cochlear efferent nerve terminals after gentamycin damage.	1998	Journal Article
17168503		Phase II study of carboplatin (CBDCA) in progressive low-grade gliomas.	1998	Journal Article
9588920		The use of 3D conformal radiotherapy (3D CRT) to spare the cochlea in patients with medulloblastoma.	1998	Journal Article
9581394		Mammalian auditory hair cell regeneration/repair and protection: a review and future directions.	1998	Journal Article
9579846		Analysis of risk factors for cisplatin-induced ototoxicity in patients with testicular cancer.	1998	Journal Article
9568606		Amifostine: drug profile and nursing implications of the first pancytoprotectant.	1998	Journal Article
9560111		Vancomycin administration in continuous ambulatory peritoneal dialysis: the risk of ototoxicity.	1998	Journal Article
9560102		Intratumoral cisplatin/epinephrine-injectable gel as a palliative treatment for accessible solid tumors: a multicenter pilot study.	1998	Journal Article
9557770		Loss of cochlear nucleus neurons following aminoglycoside antibiotics or cochlear removal.	1998	Journal Article
9614438		Pharmacokinetics of cisplatin in combined cisplatin and 5-fluorouracil therapy: a comparative study of three different schedules of cisplatin administration.	1998	Clinical Trial
9553969		A method for the induction of a cochlea-specific auditory deprivation in the gerbil (Meriones unguiculatus).	1998	Journal Article
9532413		The potential for complete and durable response in nonglial primary brain tumors in children and young adults with enhanced chemotherapy delivery.	1998	Journal Article
9525243		Development of cochlear sensitivity to aminoglycoside antibiotics.	1998	Journal Article
9520053		Dose-related vestibular and cochlear effects of transtympanic gentamicin.	1998	Comparative Study
9643307		The effect of gentamicin and furosemide given in combination on cochlear potentials in the guinea pig.	1998	Journal Article
9482564		Titration streptomycin therapy in Meniere's disease: long-term results.	1998	Journal Article
9473083		Attenuation of neomycin ototoxicity by iron chelation.	1998	Comparative Study
9879398		Time-dependent response of vestibular hair cells of guinea pigs following high-dose applications of streptomycin.	1998	Journal Article
9879394		Cleavage product from the NO donor NOC-5 and inner ear hair cell damage.	1998	Journal Article
9812247		The pharmacokinetics of once-daily dosing with gentamicin in women with postpartum endometritis.	1998	Journal Article
9561858		Apoptosis of guinea pig cochlear hair cells following chronic aminoglycoside treatment.	1998	Journal Article
9516610		The role of carboplatin in the treatment of small-cell lung cancer.	1998	Journal Article
9515673		Ototoxicity resulting from intracochlear perfusion of Streptococcus pneumoniae in the guinea pig is modified by cefotaxime or amoxycillin pretreatment.	1998	Journal Article
9502571		Charcoal hemoperfusion in a child with vancomycin overdose and chronic renal failure.	1998	Case Reports
9472750		Loss of spiral ganglion cells as primary manifestation of aminoglycoside ototoxicity.	1998	Comparative Study
9472730		Supplemental iron exacerbates aminoglycoside ototoxicity in vivo.	1998	Comparative Study
9391006		Myosin VIIA is required for aminoglycoside accumulation in cochlear hair cells.	1997	Journal Article
9616283		High-dose chemotherapy with carboplatin, etoposide and cyclophosphamide followed by a haematopoietic stem cell rescue in patients with high-risk retinoblastoma: a SFOP and SFGM study.	1997	Journal Article
9496389		Experience with intraperitoneal cisplatin and etoposide and i.v. sodium thiosulphate protection in ovarian cancer patients with either pathologically complete response or minimal residual disease.	1997	Clinical Trial
9447930		Ototoxicity of sodium nitroprusside.	1997	Comparative Study
9447921		Glutathione-dependent antioxidant systems in the mammalian inner ear: effects of aging, ototoxic drugs and noise.	1997	Comparative Study
9429839		A risk-benefit assessment of iron-chelation therapy.	1997	Comparative Study
9389339		Quantification of furosemide from serum and tissues using high-performance liquid chromatography.	1997	Comparative Study
9367459		Pharmacokinetics and safety of tobramycin after once-daily administration in patients with cystic fibrosis.	1997	Comparative Study
9391883		Familial streptomycin ototoxicity in a South African family: a mitochondrial disorder.	1997	Journal Article
9387991		Cochlear pathology induced by aminoglycoside ototoxicity during postnatal maturation in cats.	1997	Journal Article
9387990		Salicylate and quinine affect the central nervous system.	1997	Comparative Study
9374173		Comparison of five agents in protecting the cochlea against the ototoxic effects of cisplatin in the hamster.	1997	Comparative Study
9367235		Correspondence between middle frequency auditory loss in vivo and outer hair cell shortening in vitro.	1997	Comparative Study
9367228		Morphological evidence of ototoxicity of the iron chelator deferoxamine.	1997	Journal Article
9364616		Mechanical responses of the mammalian cochlea.	1997	Journal Article
9362035		Frequency selectivity on aspirin-induced hearing loss in rats with auditory stimulus-induced conditioned suppression.	1997	Journal Article
9353848		Protection by 4-methylthiobenzoic acid against cisplatin-induced ototoxicity: antioxidant system.	1997	Journal Article
9339804		Effects of topical otic preparations on hearing in chronic otitis media.	1997	Clinical Trial
9335396		Cisplatin-induced renal toxicity: possible reversal by N-acetylcysteine treatment.	1997	Case Reports
9425382		A comparison of two amikacin dosing regimens in paediatric surgical patients.	1997	Clinical Trial
9349862		An electrophysiological study of the effects of acute methylmercury chloride exposure on the function of the guinea pig cochlea.	1997	Journal Article
9307323		Apoptosis and hair cell degeneration in the vestibular sensory epithelia of the guinea pig following a gentamicin insult.	1997	Comparative Study
9307320		Up-regulation of adenosine receptors in the cochlea by cisplatin.	1997	Journal Article
9307316		Cisplatin-induced ototoxicity; electrophysiological evidence of spontaneous recovery in the albino guinea pig.	1997	Journal Article
9305250		Ototoxic effects of supradose cisplatin with sodium thiosulfate neutralization in patients with head and neck cancer.	1997	Journal Article
9303151		Use of organotypic cultures of Corti's organ to study the protective effects of antioxidant molecules on cisplatin-induced damage of auditory hair cells.	1997	Comparative Study
9260600		Detection of early ototoxic effect in testicular-cancer patients treated with cisplatin by transiently evoked otoacoustic emission: a pilot study.	1997	Journal Article
9282895		Paracellular transport properties of inner ear barriers do not account for cisplatin toxicity in the rat.	1997	Journal Article
9256891		Phase II evaluation of cisplatin and WR2721 for refractory metastatic breast cancer.	1997	Clinical Trial
9263032		Transforming growth factor alpha treatment alters intracellular calcium levels in hair cells and protects them from ototoxic damage in vitro.	1997	Journal Article
9263025		Quantification of the process of hair cell loss and recovery in the chinchilla crista ampullaris after gentamicin treatment.	1997	Journal Article
9263020		Further evidence for supporting cell conversion in the damaged avian basilar papilla.	1997	Journal Article
9260460		Synergestic effects of noise and aminoglycoside antibiotic (gentamicin) on auditory function in the gerbil.	1997	Journal Article
9246024		Circadian variations in serum levels and the renal toxicity of aminoglycosides in patients.	1997	Journal Article
9228863		Ototoxic effect of erythromycin on cochlear potentials in the guinea pig.	1997	Comparative Study
9223576		Protection from gentamicin ototoxicity by iron chelators in guinea pig in vivo.	1997	Journal Article
29389283	10.1016/S0194-5998(97)70232-8	Changes in Otoacoustic Emissions and Auditory Brain Stem Response after C/s-Platinum Exposure in Gerbils.	1997	Journal Article
9215367		Changes in otoacoustic emissions and auditory brain stem response after cis-platinum exposure in gerbils.	1997	Journal Article
9185101		Use of diuretics in chronic renal failure.	1997	Journal Article
9176804		Safety of topical ear drops containing ototoxic antibiotics.	1997	Journal Article
9192183		Fos-immunoreactive responses in inferior colliculi of rats with experimental audiogenic seizure susceptibility.	1997	Journal Article
9152410		Expression of hygR in transgenic mice causes resistance to toxic effects of hygromycin B in vivo.	1997	Journal Article
9118046		Tandem high dose chemotherapy with autologous bone marrow transplantation for initial relapse of testicular germ cell cancer.	1997	Journal Article
9134134		Ototoxic reactions of quinine in healthy persons and patients with Plasmodium falciparum infection.	1997	Journal Article
9106087		Desferrioxamine ototoxicity in an adult transfusion-dependent population.	1997	Journal Article
9099346		Amifostine for protection from antineoplastic drug toxicity.	1997	Journal Article
9105462		Effect of leukotriene inhibitor on salicylate induced morphologic changes of isolated cochlear outer hair cells.	1997	Journal Article
9105457		Protection of both auditory hair cells and auditory neurons from cisplatin induced damage.	1997	Journal Article
9056039		Comparison of distortion product OAE generation between a patient group requiring frequent gentamicin therapy and control subjects.	1997	Comparative Study
9039999		Mutation in the mitochondrial 12S rRNA gene in two families from Mongolia with matrilineal aminoglycoside ototoxicity.	1997	Journal Article
9815534		Phase I and pharmacokinetic study of tirapazamine (SR 4233) administered every three weeks.	1997	Clinical Trial
9288280		Radiotherapy enhanced ototoxicity of cisplatin in children.	1997	Journal Article
9248736		The effect of sodium thiosulfate on ototoxicity and pharmacokinetics after cisplatin treatment in guinea pigs.	1997	Journal Article
9115709		Gentamicin ototoxicity induced apoptosis of the vestibular hair cells of guinea pigs.	1997	Journal Article
9112037		Cell death caused by the acute effects of aminoglycoside and zinc in the ampullary cristae of guinea pigs.	1997	Journal Article
9107358		When and how to use gentamicin in the treatment of Menière's disease.	1997	Journal Article
9071901		Phase II study of weekly high-dose cisplatin for six cycles in patients with locally advanced squamous cell carcinoma of the head and neck.	1997	Clinical Trial
9039483		Similar pharmacokinetics and differential ototoxicity after administration with cisplatin and transplatin in guinea pigs.	1997	Journal Article
9039482		Blood flow-independent accumulation of cisplatin in the guinea pig cochlea.	1997	Journal Article
9007033		Cochlear protection from carbon monoxide exposure by free radical blockers in the guinea pig.	1997	Journal Article
9001278		Intraotic administration of gentamicin: a new method to study ototoxicity in the crista ampullaris of the bullfrog.	1997	Journal Article
8996652		Risk factors of sensorineural hearing loss in preterm infants.	1997	Journal Article
8996143		Neurotoxicity and ototoxicity of cisplatin plus paclitaxel in comparison to cisplatin plus cyclophosphamide in patients with epithelial ovarian cancer.	1997	Clinical Trial
8989951		Intratympanic gentamicin therapy for Ménière's disease.	1997	Comparative Study
8988741		Long-term survival of patients with recurrent or refractory germ cell tumors after high dose chemotherapy.	1997	Clinical Trial
9017265		Differential cellular distribution of glutathione--an endogenous antioxidant--in the guinea pig inner ear.	1996	Comparative Study
8981187		Efficacy and safety of once-daily amikacin in combination with ceftazidime in critically ill adults with severe gram-negative infections.	1996	Journal Article
8980410		Silibinin protects against cisplatin-induced nephrotoxicity without compromising cisplatin or ifosfamide anti-tumour activity.	1996	Journal Article
8951454		D-methionine provides excellent protection from cisplatin ototoxicity in the rat.	1996	Comparative Study
9863139		Ciliary neurotrophic factor antagonizes gentamicin-induced alterations of electric potentials in auditory pathway in guinea pigs.	1996	Journal Article
8973713		The effect of gentamicin on cytoskeletons in the vestibular sensory cells: a high-resolution scanning electron microscopic investigation.	1996	Journal Article
8973710		The alteration of ultrastructure and immunoreactivity of human embryonic organ of Corti tissue culture after exposure to aminoglycoside (neomycin) ototoxicity.	1996	Journal Article
8951429		Direct effects of intraperilymphatic reactive oxygen species generation on cochlear function.	1996	Journal Article
8918489		Evaluation of long-term toxicity after chemotherapy for testicular cancer.	1996	Journal Article
8859195		Cisplatin administration to gynecologic cancer patients. Long-term effects on hearing.	1996	Comparative Study
8922993		Electrical stimulation activates two different sites within the guinea pig cochlea.	1996	Comparative Study
8970816		Pharmacokinetics of kanamycin in the developing rat.	1996	Comparative Study
8970810		Electrophysiological and morphological evaluation of the acute ototoxicity of sodium nitroprusside.	1996	Journal Article
8921280		Differential damage to auditory neurons and hair cells by ototoxins and neuroprotection by specific neurotrophins in rat cochlear organotypic cultures.	1996	Comparative Study
8892578		Effect of leukotriene inhibitor on otoacoustic emissions in salicylate ototoxicity.	1996	Journal Article
8880186		Direct detection of ototoxicant-induced reactive oxygen species generation in cochlear explants.	1996	Journal Article
8880184		Sensitive developmental periods for kanamycin ototoxic effects on distortion-product otoacoustic emissions.	1996	Journal Article
8879853		Prospective, randomized, controlled study comparing two dosing regimens of gentamicin/oral ciprofloxacin switch therapy for acute pyelonephritis.	1996	Clinical Trial
8878610		Once-daily aminoglycoside therapy: potential ototoxicity.	1996	Case Reports
8887885		Auditory brainstem response (ABR) and effects of furosemide on ABR in conscious F344 rats.	1996	Comparative Study
8864323		Calcium supplementation and ototoxicity in patients receiving cisplatin.	1996	Clinical Trial
8783674		Future development of amifostine in cancer treatment.	1996	Journal Article
8783672		High-dose cisplatin and vinblastine plus amifostine for metastatic non-small cell lung cancer.	1996	Clinical Trial
8703385		A sensitive animal model to assess acute and chronic ototoxic effects.	1996	Journal Article
8862718		A prospective cohort study of the effect of vincristine on audition.	1996	Comparative Study
8831844		Inhibitory effect of erythromycin on ion transport by stria vascularis and vestibular dark cells.	1996	Journal Article
8831842		Cisplatin metabolites and their toxicity on isolated cochlear outer hair cells in vitro.	1996	Journal Article
8683243		Amifostine pretreatment for protection against cyclophosphamide-induced and cisplatin-induced toxicities: results of a randomized control trial in patients with advanced ovarian cancer.	1996	Clinical Trial
8614387		Ototoxicity in children with malignant brain tumors treated with the "8 in 1" chemotherapy protocol.	1996	Clinical Trial
8783082		Ocular torsion monitoring in chemical labyrinthectomy.	1996	Journal Article
8656260		Amifostine, cisplatin, and vinblastine in metastatic non-small-cell lung cancer: a report of high response rates and prolonged survival.	1996	Clinical Trial
8655598		Basic fibroblast growth factor (FGF-2) protects rat cochlear hair cells in organotypical culture from aminoglycoside injury.	1996	Journal Article
8782910		Regenerated hair cells exhibit a transient resistance to aminoglycoside toxicity.	1996	Journal Article
18611729		Preparation, properties and the effects of amikacin, netilmicin and tobramycin in free and liposomal formulations on Gram-negative and Gram-positive bacteria.	1996	Journal Article
8790735		Otoacoustic emission amplification after inner hair cell damage.	1996	Comparative Study
8789814		Variable efficacy of radical scavengers and iron chelators to attenuate gentamicin ototoxicity in guinea pig in vivo.	1996	Journal Article
8762976		Morphological indications of hair cell neodifferentiation in the organ of Corti of amikacin treated rat pups.	1996	Journal Article
8733487		Minimisation of aminoglycoside toxicity in patients with cystic fibrosis.	1996	Clinical Trial
8698156		The utility of acoustic reflex thresholds and other conventional audiologic tests for monitoring cisplatin ototoxicity in the pediatric population.	1996	Journal Article
8626111		The impact of diabetes mellitus on the toxicity of therapy for advanced ovarian cancer.	1996	Journal Article
8623702		The evolution of aminoglycoside therapy: a single daily dose.	1996	Journal Article
8614212		Ototoxicity resulting from combined administration of cisplatin and gentamicin.	1996	Comparative Study
8611435		Pharmacokinetics and pharmacodynamics of carboplatin administered in a high-dose combination regimen with thiotepa, cyclophosphamide and peripheral stem cell support.	1996	Journal Article
9390792		Activation of aminoglycoside antibiotics to cytotoxins.	1996	Journal Article
8774643		Cisplatin/5-fluorouracil treatment of recurrent cervical carcinoma: a phase II study with long-term follow-up.	1996	Clinical Trial
8736049		Attenuation of aminoglycoside ototoxicity by glutathione.	1996	Journal Article
8725528		Pantothenic acid and coenzyme A in experimental cisplatin-induced ototoxia.	1996	Comparative Study
8723948		In vitro susceptibility of aural isolates of Pseudomonas aeruginosa to commonly used ototopical antibiotics.	1996	Journal Article
8637206		Cisplatin-based chemotherapy after retroperitoneal lymph node dissection in patients with pathological stage II nonseminomatous germ cell tumors.	1996	Journal Article
8630999		In vitro and animal studies of sodium thiosulfate as a potential chemoprotectant against carboplatin-induced ototoxicity.	1996	Journal Article
8868314		Standardized gentamicin dosing enhances peak serum concentrations.	1996	Journal Article
8619231		Effects of superoxide dismutase and U74389G on acute trimethyltin-induced cochlear dysfunction.	1996	Journal Article
8611353		Sensorineural hearing loss in patients reaching chronic renal failure in childhood.	1996	Clinical Trial
8556369		Ototoxicity in hemoglobinopathy patients chelated with desferrioxamine.	1996	Journal Article
8531860		Hearing loss in children with brain tumors treated with cisplatin and carboplatin-based high-dose chemotherapy with autologous bone marrow rescue.	1996	Journal Article
8625244		Comparison between a cisplatin-containing regimen and a carboplatin-containing regimen for recurrent or metastatic bladder cancer patients. A randomized phase II study.	1996	Clinical Trial
9265840		Ototoxicity of aminoglycoside drugs in tuberculosis treatment.	1996	Journal Article
9166498		High-dose cisplatin as neoadjuvant organ-preserving chemotherapy for squamous cell carcinoma of the larynx.	1996	Clinical Trial
9145593		Preoperative treatment of children with chronic suppurative otitis media.	1996	Journal Article
8976821		Exploration of platinum-based dose-intensive chemotherapy strategies with amifostine (Ethyol).	1996	Journal Article
8809338		Monitoring of cisplatin ototoxicity by distortion-product otoacoustic emissions.	1996	Case Reports
8560472		Ototoxicity of tobramycin in young adult and old rats.	1996	Journal Article
8571371		Combined effects of paired solvents on the rat's auditory system.	1995	Journal Article
8681976		Once-daily dosing of aminoglycosides.	1995	Journal Article
8647739		Avian cochlear hair cell regeneration: stereological analyses of damage and recovery from a single high dose of gentamicin.	1995	Journal Article
8647736		Onset of ototoxicity in the cat is related to onset of auditory function.	1995	Comparative Study
8612469		Amifostine. A review of its pharmacodynamic and pharmacokinetic properties, and therapeutic potential as a radioprotector and cytotoxic chemoprotector.	1995	Journal Article
8647725		Damage and recovery of hair cells in fish canal (but not superficial) neuromasts after gentamicin exposure.	1995	Journal Article
8626261		Nephrotoxicity, high frequency ototoxicity, efficacy and serum kinetics of once versus thrice daily dosing of netilmicin in patients with serious infections.	1995	Clinical Trial
8572135		Temporal bone histopathology of cisplatin ototoxicity.	1995	Case Reports
8568514		Neurotrophin-4/5, brain-derived neurotrophic factor, and neurotrophin-3 promote survival of cultured vestibular ganglion neurons and protect them against neurotoxicity of ototoxins.	1995	Journal Article
8573296		Comparative adverse effect profiles of platinum drugs.	1995	Comparative Study
7551886		Neomycin-induced perception deafness following bladder irrigation in patients with end-stage renal disease.	1995	Case Reports
7499942		Cisplatin in children: hearing loss correlates with iris and skin pigmentation.	1995	Comparative Study
7481869		Carboplatin versus cisplatin in ovarian cancer.	1995	Comparative Study
8600130		Effects of kanamycin ototoxicity and hair cell regeneration on the DC endocochlear potential in adult chickens.	1995	Journal Article
8600126		Histological evidence for hair cell regeneration after ototoxic cell destruction with local application of gentamicin in the chinchilla crista ampullaris.	1995	Journal Article
8588672		Ototoxicity of ear drops: a clinical perspective.	1995	Case Reports
8587776		Ototoxicity of the new platinum anticancer agent TRK-710 in comparison with cisplatin.	1995	Comparative Study
8587775		Hearing loss and trace elements Fe2+ and Zn2+ in the perilymph.	1995	Comparative Study
8547697		Ototoxicity and irradiation: additional etiologies of hearing loss in adults.	1995	Case Reports
8535306		Dose escalation study of high-dose carboplatin and etoposide with autologous bone marrow support in patients with recurrent and refractory germ cell tumors.	1995	Clinical Trial
7672700		Combined cisplatin and carboplatin chemotherapy for treatment of advanced epithelial ovarian cancer.	1995	Clinical Trial
8576002		Diet is a risk factor in cisplatin ototoxicity.	1995	Journal Article
8575999		Comparative entry of carboplatin and sucrose in endolymph in the rat cochlea.	1995	Comparative Study
8575991		Base-to-apex gradient of cell proliferation in the chick cochlea following kanamycin-induced hair cell loss.	1995	Journal Article
7561498		Audiological findings in a Phase I protocol investigating the effect of WR 2721, high-dose cisplatin and radiation therapy in patients with locally advanced cervical carcinoma.	1995	Clinical Trial
8573543		Phase II study of a short course of weekly high-dose cisplatin combined with long-term oral etoposide in pleural mesothelioma.	1995	Clinical Trial
8540119		Cisplatin and VP16 in metastatic breast carcinoma as a third-line chemotherapy: a randomized study comparing low versus high doses of cisplatin.	1995	Clinical Trial
7594371		Acute sensorineural hearing loss following intravenous ketoralac administration.	1995	Case Reports
7589918		Mechanism of protection by diethyldithiocarbamate against cisplatin ototoxicity: antioxidant system.	1995	Journal Article
7541235		Intensification of chemotherapy for the treatment of solid tumours: feasibility of a 3-fold increase in dose intensity with peripheral blood progenitor cells and granulocyte colony-stimulating factor.	1995	Journal Article
8622117		A randomised comparison of isepamicin and amikacin in the treatment of bacterial infections in paediatric patients.	1995	Clinical Trial
8622116		An overview of the safety of isepamicin in adults.	1995	Clinical Trial
8622107		Evaluation of the efficacy and safety of isepamicin compared with amikacin in the treatment of nosocomial pneumonia and septicaemia.	1995	Clinical Trial
8622106		Evaluation of the efficacy and safety of isepamicin in the treatment of various bacterial infections.	1995	Clinical Trial
8622105		Comparison of the efficacy and safety of isepamicin and amikacin in the treatment of skin and skin structure infections.	1995	Clinical Trial
8622104		Isepamicin versus amikacin in the treatment of urinary tract infection.	1995	Clinical Trial
8622103		The efficacy and safety of isepamicin compared with amikacin in the treatment of intra-abdominal infections.	1995	Clinical Trial
8622102		Comparison of the efficacy and safety of isepamicin and amikacin in the treatment of acute lower respiratory tract infections caused by gram-negative organisms.	1995	Clinical Trial
8622101		The efficacy and safety of isepamicin and ceftazidime compared with amikacin and ceftazidime in acute lower respiratory tract infection.	1995	Clinical Trial
8567417		The comparative effects of sodium thiosulfate, diethyldithiocarbamate, fosfomycin and WR-2721 on ameliorating cisplatin-induced ototoxicity.	1995	Comparative Study
8567412		Glutathione protection against gentamicin ototoxicity depends on nutritional status.	1995	Journal Article
7771006		Prospective evaluation of neomycin serum concentrations after direct corpora cavernosa irrigation during penile prosthesis placement.	1995	Clinical Trial
7747703		High-dose cisplatin with dipyridamole in advanced non-small cell lung cancer. A Grupo Oncológico Cooperativo del Sur study.	1995	Clinical Trial
7648491		Ototoxicity associated with intravenous bisphosphonate administration.	1995	Case Reports
7479581		Mechanism of cisplatin ototoxicity: antioxidant system.	1995	Journal Article
7636022		Two modes of hair cell loss from the vestibular sensory epithelia of the guinea pig inner ear.	1995	Journal Article
8588623		Enhanced preservation of the auditory nerve following cochlear perfusion with nerve growth factors.	1995	Journal Article
7747908		Effects of compound injection of Pyrola rotundifolia L and Astragalus membranaceus Bge on experimental guinea pigs' gentamicin ototoxicity.	1995	Clinical Trial
7738626		Effect of low-dose prophylactic dopamine on high-dose cisplatin-induced electrolyte wasting, ototoxicity, and epidermal growth factor excretion: a randomized, placebo-controlled, double-blind trial.	1995	Clinical Trial
7653256		Differential effects of gentamicin on the distribution of cochlear function in albino and pigmented guinea pigs.	1995	Comparative Study
7541520		Effect of dextran on gentamicin-induced ototoxicity.	1995	Journal Article
7785834		Ototoxicity assessment of a gentamicin sulfate otic preparation in dogs.	1995	Comparative Study
7714255		Dependence of distortion-product otoacoustic emissions on primary levels in normal and impaired ears. II. Asymmetry in L1,L2 space.	1995	Journal Article
7705704		Treatment of locally advanced cervical cancer with concurrent radiation and intra-arterial chemotherapy.	1995	Clinical Trial
7642453		Direct effects of reactive oxygen species on cochlear outer hair cell shape in vitro.	1995	Journal Article
7634515		Ototoxicity and nephrotoxicity of gentamicin vs netilmicin in patients with serious infections. A randomized clinical trial.	1995	Clinical Trial
8553022		Semiquantitative analysis by scanning electron microscopy of cochlear hair cell damage by ototoxic drugs.	1995	Comparative Study
7793867		Experience with a once-daily aminoglycoside program administered to 2,184 adult patients.	1995	Clinical Trial
7610815		Effect of leukotriene inhibitor on cochlear blood flow in salicylate ototoxicity.	1995	Clinical Trial
7610811		Ototoxicity of topical otomicrobial agents.	1995	Journal Article
7607992		Toxicodynamics and toxicokinetics of amikacin in the guinea pig cochlea.	1995	Comparative Study
7844610		Randomized placebo-controlled multicenter evaluation of diethyldithiocarbamate for chemoprotection against cisplatin-induced toxicities.	1995	Clinical Trial
7775291		Regenerated hair cells in the European starling: are they more resistant to kanamycin ototoxicity than original hair cells?	1995	Comparative Study
7775283		Uptake of amikacin by hair cells of the guinea pig cochlea and vestibule and ototoxicity: comparison with gentamicin.	1995	Journal Article
7759396		Gentamicin once-daily versus thrice-daily in children.	1995	Clinical Trial
7758492		Intravenous administration of gentamicin once daily versus thrice daily in adults.	1995	Clinical Trial
8749130		Bilateral loss of vestibular function.	1995	Journal Article
8749119		Predictive monitoring of high-frequency vestibulo-ocular reflex rehabilitation following gentamicin ototoxicity.	1995	Journal Article
8749113		In vitro electrogenic K secretion in the frog semicircular canal: absence of effect of streptomycin.	1995	Journal Article
8592171		Combination chemotherapy with carmustine and cisplatin before, during, and after radiotherapy for adult malignant gliomas.	1995	Clinical Trial
8543970		Results of a randomized trial comparing intra-arterial cisplatin and intravenous PCNU for the treatment of primary brain tumors in adults: Brain Tumor Cooperative Group trial 8420A.	1995	Clinical Trial
8538189		Development of difluoromethylornithine as a chemoprevention agent for the management of colon cancer.	1995	Clinical Trial
7875017		In vitro activity of isepamicin (Sch 21420), a new aminoglycoside.	1995	Comparative Study
7803021		Ototoxicity of topical ticarcillin and clavulanic acid in the chinchilla.	1995	Journal Article
7610893		Carboplatin ototoxicity in the chinchilla: lesions of the vestibular sensory epithelium.	1995	Journal Article
7610878		Effect of streptomycin on the supporting cells of the utricular macula.	1995	Journal Article
7577096		Protection of normal tissue from the cytotoxic effects of chemotherapy and radiation by amifostine: clinical experiences.	1995	Journal Article
7569379		Transtympanic gentamycin in the treatment of Ménière's disease.	1995	Journal Article
9318022		THE RELATIONSHIP BETWEEN THE LENGTH OF THE CUPULAE OF FREE NEUROMASTS AND FEEDING ABILITY IN LARVAE OF THE WILLOW SHINER GNATHOPOGON ELONGATUS CAERULESCENS (TELEOSTEI, CYPRINIDAE).	1994	Journal Article
7993011		Auditory effect of kanamycin given to newborn guinea pigs whose mothers received kanamycin during pregnancy.	1994	Journal Article
7897777		Topical gentamicin vestibular toxicity.	1994	Case Reports
7525055		Simultaneous dose escalation and schedule intensification of carboplatin-based chemotherapy using peripheral blood progenitor cells and filgrastim: a phase I trial.	1994	Clinical Trial
7979004		Effect of corticosteroid treatment on salicylate ototoxicity.	1994	Journal Article
7838482		Comparative ototoxicity of cisplatin during acute and chronic treatment.	1994	Comparative Study
7992069		Carboplatin in pediatric malignancies.	1994	Journal Article
7973776		Protection of normal tissues from the cytotoxic effects of chemotherapy by amifostine (Ethyol): clinical experiences.	1994	Journal Article
7959273		Phase I trial of cisplatin in combination with glutathione.	1994	Clinical Trial
7931482		Renal tolerance of cisplatin in patients more than 80 years old.	1994	Clinical Trial
8091248		Neurotoxicity of antibacterial therapy.	1994	Journal Article
7817496		Ototoxicity.	1994	Journal Article
11578417		'Moderate-risk' ovarian cancer (stage I, grade 2; stage II, grade 1 or 2) treated with cisplatin chemotherapy (single agent or combination) and pelvi-abdominal irradiation.	1994	Journal Article
7922544		Cisplatin blocks voltage-dependent calcium current in dissociated outer hair cells of guinea-pig cochlea.	1994	Journal Article
7928740		Attenuation of gentamicin ototoxicity by glutathione in the guinea pig in vivo.	1994	Journal Article
8085283		Column-switching high-performance liquid chromatographic determination of vancomycin in serum.	1994	Comparative Study
8076721		High-frequency audiometric monitoring strategies for early detection of ototoxicity.	1994	Journal Article
8064951		Ototoxicity of carboplatin: comparing animal and clinical models at the Hospital for Sick Children.	1994	Comparative Study
7928715		Electron probe microanalysis of gentamicin-induced changes on ionic composition of the vestibular gelatinous membrane.	1994	Journal Article
7521830		Parenteral aminoglycoside therapy. Selection, administration and monitoring.	1994	Journal Article
8172706		Risk factors for ototoxicity due to cisplatin.	1994	Journal Article
8164024		Sequential prophylactic oral and empiric once-daily parenteral antibiotics for neutropenia and fever after high-dose chemotherapy and autologous bone marrow support.	1994	Clinical Trial
8071158		Cochlear function after selective inner hair cell degeneration induced by carboplatin.	1994	Journal Article
8164491		Selective inner hair cell ototoxicity induced by carboplatin.	1994	Journal Article
8075038		Weekly high-dose cisplatin in malignant pleural mesothelioma.	1994	Clinical Trial
8056701		Once-daily gentamicin versus once-daily netilmicin in patients with serious infections--a randomized clinical trial.	1994	Clinical Trial
8046610		Pharmacokinetics of gentamicin in rabbits pretreated with nonsteroidal anti-inflammatory drugs: an interaction study.	1994	Journal Article
8203821		Prevention of cisplatin-induced toxicity by selected dithiocarbamates.	1994	Journal Article
8179516		Albino and pigmented gerbil auditory function: influence of genotype and gentamicin.	1994	Comparative Study
7973504		Induction of selective inner hair cell damage by carboplatin.	1994	Comparative Study
7514588		Ototoxicity in vitro: effects of neomycin, gentamicin, dihydrostreptomycin, amikacin, spectinomycin, neamine, spermine and poly-L-lysine.	1994	Comparative Study
8156402		Acute gentamicin ototoxicity in cochlear outer hair cells of the guinea pig.	1994	Journal Article
11894776		The effects of ototoxic drugs on mechano-electric transduction channels in chick cochlear hair cells.	1994	Journal Article
8290291		Kanamycin depletes cochlear polyamines in the developing rat.	1994	Journal Article
8275441		High doses of intrapleural cisplatin in a case of malignant pleural mesothelioma. Clinical observations and pharmacokinetic analyses.	1994	Case Reports
8179863		Application of a neuroprotective ACTH(4-9) analog to affect cisplatin ototoxicity: an electrocochleographic study in guinea pigs.	1994	Journal Article
8128848		Gentamicin ototoxicity in otoconia: quantitative electron probe X-ray microanalysis.	1994	Journal Article
8117405		Erythromycin ototoxicity in liver transplant patients.	1994	Case Reports
8073220		Distribution of gentamicin to the cochlea of the chicken embryo.	1994	Journal Article
8073219		Insensitivity of the chicken embryo to the ototoxicity of aminoglycoside antibiotics and a loop diuretic.	1994	Journal Article
8043459		Hyperfractionated irradiation and concurrent cisplatin in brain stem tumors: a Pediatric Oncology Group pilot study (9139).	1994	Journal Article
8033300		Phase I study of high-dose cisplatin, ifosfamide, and etoposide.	1994	Clinical Trial
7857625		Experimental, clinical and preventive aspects of ototoxicity.	1994	Journal Article
7506761		Identification of hair cell progenitors and intermitotic migration of their nuclei in the normal and regenerating avian inner ear.	1994	Journal Article
8113137		Dose-response relationships for furosemide ototoxicity in rat.	1993	Comparative Study
8113131		Hair cell regeneration in the European starling (Sturnus vulgaris): recovery of pure-tone detection thresholds.	1993	Journal Article
8276291		High-dose cisplatin carboplatin chemotherapy in primary advanced epithelial ovarian cancer.	1993	Clinical Trial
8233301		High-dose carboplatin in the treatment of hematologic malignancies.	1993	Clinical Trial
8233297		Results of a Southwest Oncology Group phase III trial of carboplatin plus cyclophosphamide versus cisplatin plus cyclophosphamide in advanced ovarian cancer.	1993	Clinical Trial
8410121		Carboplatin plus ifosfamide as salvage treatment of epithelial ovarian cancer: a pilot study.	1993	Journal Article
8403669		Audiometric thresholds in osteomyelitis patients treated with gentamicin-impregnated methylmethacrylate beads (Septopal).	1993	Clinical Trial
8371390		Neomycin toxicity in bladder irrigation.	1993	Case Reports
8363169	10.7326/0003-4819-119-7_Part_1-199310010-00006	Efficacy and toxicity of single daily doses of amikacin and ceftriaxone versus multiple daily doses of amikacin and ceftazidime for infection in patients with cancer and granulocytopenia. The International Antimicrobial Therapy Cooperative Group of the European Organization for Research and Treatment of Cancer.	1993	Clinical Trial
8270950		Freeze fracture analysis of apical membranes in cochlear cultures: differences between basal and apical-coil outer hair cells and effects of neomycin.	1993	Journal Article
8233493		Biochemical basis of aminoglycoside ototoxicity.	1993	Journal Article
8233491		Ototoxicity of vancomycin and analogues.	1993	Journal Article
8233490		Ototoxic liability of erythromycin and analogues.	1993	Journal Article
8233489		Ototoxicity of salicylate, nonsteroidal antiinflammatory drugs, and quinine.	1993	Journal Article
8233488		Ototoxicity of chemotherapeutic agents.	1993	Journal Article
8233484		Aminoglycoside cochlear ototoxicity.	1993	Journal Article
8226340		The vascular component of sodium salicylate ototoxicity in the guinea pig.	1993	Journal Article
8226335		Recovery of CAP threshold and amplitude in chickens following kanamycin ototoxicity.	1993	Comparative Study
8339231		Pre-irradiation chemotherapy and hyperfractionated radiation therapy 66 Gy for children with brain stem tumors. A phase II study of the Pediatric Oncology Group, Protocol 8833.	1993	Clinical Trial
8409715		Gentamicin ototoxicity in continuous ambulatory peritoneal dialysis.	1993	Journal Article
8397891		Ototoxicity associated with salicylates. A brief review.	1993	Journal Article
15125271		Carboplatin ototoxicity: an animal model.	1993	Journal Article
8341099		Irritative spontaneous nystagmus following intratympanic gentamicin for Menière's disease.	1993	Case Reports
8318205		Furosemide ototoxicity is enhanced in analbuminemic rats.	1993	Comparative Study
8318204		Locoregionally advanced paranasal sinus carcinoma. Favorable survival with multimodality therapy.	1993	Journal Article
8238270		Use of poly-l-aspartic acid to inhibit aminoglycoside cochlear ototoxicity.	1993	Comparative Study
8019890		Pharmacokinetics of gentamicin in the sensory hair cells of the organ of Corti: rapid uptake and long term persistence.	1993	Journal Article
8497284		Efficacy of aerosolized tobramycin in patients with cystic fibrosis.	1993	Clinical Trial
8508371		Combined carboplatin and cisplatin. Limited prospects for dose intensification.	1993	Journal Article
8511788		In vitro organotin administration alters guinea pig cochlear outer hair cell shape and viability.	1993	Journal Article
8499098		High-frequency monitoring for early detection of cisplatin ototoxicity.	1993	Journal Article
8360131		Once- versus twice-daily amikacin regimen: efficacy and safety in systemic gram-negative infections. Scandinavian Amikacin Once Daily Study Group.	1993	Clinical Trial
8241967		Cochlear damage in guinea pigs following contralateral sound stimulation with and without gentamicin.	1993	Journal Article
8490836		In vitro and in vivo evaluation of the combination of cisplatin and its analogue carboplatin for platinum dose intensification in ovarian carcinoma.	1993	Clinical Trial
8517131		Neonatal cochlear hearing loss results in developmental abnormalities of the central auditory pathways.	1993	Journal Article
8499323		Response of pediatric low grade gliomas to chemotherapy.	1993	Case Reports
8387576		Evaluation of cisplatin intensity in metastatic non-small-cell lung cancer: a phase III study of the Southwest Oncology Group.	1993	Clinical Trial
8340273		Inhibition of the carbachol-evoked synthesis of inositol phosphates by ototoxic drugs in the rat cochlea.	1993	Journal Article
8340266		Effects of intra-cochlear perfusion of salicylates on cochlear microphonic and other auditory responses in the guinea pig.	1993	Journal Article
8466379		Clinically significant hearing loss in renal allograft recipients treated with intravenous erythromycin.	1993	Journal Article
8464301		Cisplatin-induced ototoxicity: the effect of pigmentation and inhibitory agents.	1993	Journal Article
8410144		cis-diamminedichloroplatinum (CDDP) therapy for brain metastasis of lung cancer. I. Distribution within the central nervous system after intravenous and intracarotid infusion.	1993	Comparative Study
8220286		Clinical monitoring using otoacoustic emissions.	1993	Comparative Study
8503495		Ototoxicity of erythromycin in man: electrophysiologic approach.	1993	Case Reports
8486576		Assessment of potential ototoxicity following high-dose nebulized tobramycin in patients with cystic fibrosis.	1993	Journal Article
8471554		Dose intensification of cisplatin chemotherapy through biweekly administration.	1993	Clinical Trial
8444553		Hearing loss and vestibular dysfunction in childhood from the use of streptomycin in Albania.	1993	Journal Article
8094114		Once versus thrice daily gentamicin in patients with serious infections.	1993	Clinical Trial
8456203		Ototoxicity in dogs and cats.	1993	Journal Article
8445702		The effects of long-term cochlear hearing loss on the functional organization of central auditory pathways.	1993	Journal Article
8381703		Treatment of advanced non-small cell lung cancer with very high-dose cisplatin combined with etoposide and mitomycin C.	1993	Clinical Trial
11578321		Efficacy and toxicity of very high-dose cisplatin in advanced ovarian carcinoma: 4-year survival analysis and neurological follow-up.	1993	Journal Article
8477766		Pharmacodynamics of antimicrobial agents as a basis for determining dosage regimens.	1993	Journal Article
8477204		Cisplatin-CBV with autologous bone marrow transplantation for relapsed Hodgkin's disease.	1993	Clinical Trial
8466750		The effect of nimodipine on salicylate ototoxicity in the rat as revealed by the auditory evoked brain-stem response.	1993	Journal Article
8436482		Evoked otoacoustic emissions and pure tone threshold audiometry in patients receiving cisplatinum therapy.	1993	Journal Article
8435364		High-dose cisplatin and cyclophosphamide with glutathione in the treatment of advanced ovarian cancer.	1993	Clinical Trial
8261581		WR2721 as a modulator of cisplatin- and carboplatin-induced side effects in comparison with other chemoprotective agents: a molecular approach.	1993	Journal Article
8171264		The ototoxic effect of toluene and the influence of noise, acetyl salicylic acid, or genotype. A study in rats and mice.	1993	Journal Article
7828457		Once-a-day administration of amikacin in neonates: assessment of nephrotoxicity and ototoxicity.	1993	Clinical Trial
1486914		Adverse reactions to diuretics.	1992	Journal Article
1474367		Erythromycin associated hearing loss in a patient with prior cis-platinum induced ototoxicity.	1992	Case Reports
1437181		Kanamycin inhibits cochlear-renal ODC in neonatal rats.	1992	Journal Article
1429260		Recovery of vestibular function following hair cell destruction by streptomycin.	1992	Journal Article
1405761		Phase II clinical trial of carboplatin in relapsed and refractory leukemia.	1992	Clinical Trial
1403039		Etoposide and carboplatin in neuroblastoma: a French Society of Pediatric Oncology phase II study.	1992	Clinical Trial
1436928		The aminoglycosides.	1992	Journal Article
1326318		ACTH/MSH like peptides in the treatment of cisplatin neuropathy.	1992	Clinical Trial
1526885		The prophylactic effect of thyroxin on kanamycin ototoxicity in guinea pigs.	1992	Journal Article
1399929		A randomized trial of high-dose ciprofloxacin versus azlocillin and netilmicin in the empirical therapy of febrile neutropenic patients.	1992	Clinical Trial
1390311		Chemotherapy of head and neck cancer.	1992	Journal Article
1510446		Comparison of 5 milligrams of netilmicin per kilogram of body weight once daily versus 2 milligrams per kilogram thrice daily for treatment of gram-negative pyelonephritis in children.	1992	Clinical Trial
1339077		Renal salt wasting in patients treated with high-dose cisplatin, etoposide, and mitomycin in patients with advanced non-small cell lung cancer.	1992	Journal Article
1581592		Audiometric test criteria in the detection of cisplatin ototoxicity.	1992	Journal Article
1571121		Quantitative relationships of the interaction between sound and kanamycin.	1992	Journal Article
1526361		Effects of aminoglycoside antibiotics on the auditory brainstem response and post rotatory nystagmus in rats.	1992	Journal Article
1629050		Effects of organic acids on the edema of the stria vascularis induced by furosemide.	1992	Journal Article
1629046		Hair cell regeneration in the adult budgerigar after kanamycin ototoxicity.	1992	Journal Article
1372350		Long-term effects of chemotherapy in patients with testicular cancer.	1992	Journal Article
1312584		High-dose carboplatin and etoposide with autologous bone marrow transplantation in refractory germ cell cancer: an Eastern Cooperative Oncology Group protocol.	1992	Clinical Trial
1622440		Ophthalmotoxicity and ototoxicity of the new quinolone antibacterial agent levofloxacin in Long Evans rats.	1992	Journal Article
1311026		Preradiation intracarotid cisplatin treatment of newly diagnosed anaplastic gliomas. The CNS Cancer Consortium.	1992	Clinical Trial
1735073		Neuraxis dissemination in pediatric brain tumors. Response to preirradiation chemotherapy.	1992	Clinical Trial
1732426		Treatment of children with progressive or recurrent brain tumors with carboplatin or iproplatin: a Pediatric Oncology Group randomized phase II study.	1992	Clinical Trial
1411626		Current experience with high-dose carboplatin therapy.	1992	Journal Article
1329224		Use of carboplatin in germ cell tumors of the testis.	1992	Journal Article
1731511		Erythromycin ototoxicity: prospective assessment with serum concentrations and audiograms in a study of patients with pneumonia.	1992	Case Reports
1636429		Are glucocorticoids in ear drops ototoxic?	1992	Journal Article
1636428		Effect of round window membrane application of salicylate and indomethacin on hearing and levels of arachidonic acid metabolites in perilymph.	1992	Journal Article
1636424		Cochlear effects of hyaluronan applied on ruptured round window membrane.	1992	Journal Article
1636419		Effect of exogenous arachidonic acid metabolites applied on round window membrane on hearing and their levels in the perilymph.	1992	Journal Article
1604991		Kinetics of gentamicin in cochlear hair cells after chronic treatment.	1992	Journal Article
1547792		Factors influencing ototoxicity in ovarian cancer patients treated with Cis-platinum based chemotherapy.	1992	Journal Article
1449432		Carboplatin and cisplatin ototoxicity in guinea pigs.	1992	Journal Article
1411317		A comparison of netilmicin and tobramycin therapy in patients with renal impairment.	1992	Clinical Trial
1787382		Gentamicin administration via peritoneal dialysis fluid: the risk of ototoxicity.	1991	Journal Article
1773198		Interaction between sound and gentamicin: immediate threshold and stereociliary changes.	1991	Journal Article
1943414		Anatomical correlates of functional recovery in the avian inner ear following aminoglycoside ototoxicity.	1991	Comparative Study
1778878		A prospective randomized study comparing once- versus twice-daily amikacin dosing in critically ill adult and paediatric patients.	1991	Clinical Trial
1771647		Individualizing amikacin regimens: accurate method to achieve therapeutic concentrations.	1991	Comparative Study
1743559		Phase II trial of high-dose cisplatin with sodium thiosulfate nephroprotection in patients with advanced carcinoma of the uterine cervix previously untreated with chemotherapy.	1991	Clinical Trial
1663104		Cisplatin blocks depolarization-induced calcium entry in isolated cochlear outer hair cells.	1991	Journal Article
1925722		Erythromycin ototoxicity: a call to heighten recognition.	1991	Case Reports
1919629		Cisplatin, carboplatin, and cyclophosphamide combination chemotherapy in advanced-stage ovarian carcinoma: an Eastern Cooperative Oncology Group pilot study.	1991	Journal Article
1757292		Effects of streptomycin on development of the apical structures of hair cells in the chick basilar papilla.	1991	Journal Article
1752735		Assessment of cisplatin-induced ototoxicity using derived-band ABRs.	1991	Journal Article
1751584		Chemotherapy and complications in gynecologic cancer.	1991	Journal Article
1655988		Interleukin-2 and high-dose cisplatin in patients with metastatic melanoma: a pilot study.	1991	Journal Article
1873774		A phase II trial of high-dose cisplatin and dacarbazine. Lack of efficacy of high-dose, cisplatin-based therapy for metastatic melanoma.	1991	Clinical Trial
1886448		cis-platinum ototoxicity in children.	1991	Comparative Study
1886439		cis-platinum ototoxicity in children.	1991	Journal Article
1754734		Aminoglycosides versus beta-lactams in gram-negative pneumonia.	1991	Comparative Study
1752795		Turn-specific and pigment-dependent differences in the stria vascularis of normal and gentamicin-treated albino and pigmented guinea pigs.	1991	Comparative Study
1682936		Sensory hair cells of a fish ear: evidence of multiple types based on ototoxicity sensitivity.	1991	Journal Article
1938628		Chronic intracochlear electrical stimulation induces selective survival of spiral ganglion neurons in neonatally deafened cats.	1991	Journal Article
1919647		Cisplatin, ara-C and etoposide (PAE) in the treatment of recurrent childhood brain tumors.	1991	Clinical Trial
1862765		Dose-related alpha-difluoromethylornithine ototoxicity.	1991	Journal Article
1853351		Acute ototoxicity of trialkyltins in the guinea pig.	1991	Journal Article
1742183		Fosfomycin does not reduce cytostatic activity of cis-platinum against human osteosarcoma cell lines in vitro.	1991	Journal Article
1710655		Randomized study of cisplatin dose intensity in poor-risk germ cell tumors: a Southeastern Cancer Study Group and Southwest Oncology Group protocol.	1991	Clinical Trial
1929245		Evidence that amikacin ototoxicity is related to total perilymph area under the concentration-time curve regardless of concentration.	1991	Journal Article
1880082		Cochlear cultures as a model system for studying aminoglycoside induced ototoxicity.	1991	Journal Article
1869596		Pharmacokinetics of tobramycin in pregnant women. Safety and efficacy of a once-daily dose regimen.	1991	Journal Article
2064025		Potentiation of cochlear hair cell loss by acoustic stimulus and gentamicin in the guinea pig.	1991	Journal Article
1906864		Comparative kinetics and efficacy of amikacin administered once or twice daily in the treatment of systemic gram-negative infections.	1991	Clinical Trial
1906861		Clinical and pharmacokinetic study of a single daily dose of amikacin in paediatric patients with severe gram-negative infections.	1991	Clinical Trial
1888154		High dose intensity of cisplatin and etoposide in adenocarcinoma of unknown primary.	1991	Journal Article
1856146		Pharmacokinetic and toxicological evaluation of a once-daily regimen versus conventional schedules of netilmicin and amikacin.	1991	Clinical Trial
1856141		Efficacy and safety of amikacin in systemic infections when given as a single daily dose or in two divided doses. Scandinavian Amikacin Once Daily Study Group.	1991	Clinical Trial
1673834		Effect of ototoxic drug administration to the endolymphatic sac.	1991	Journal Article
2065844		Ototoxicity due to cis-diamminedichloroplatinum in the treatment of ovarian cancer: influence of dosage and schedule of administration.	1991	Clinical Trial
1848154		The use of probenecid as a chemoprotector against cisplatin nephrotoxicity.	1991	Clinical Trial
2035927		Ototoxic potential of gentamicin in ponies.	1991	Journal Article
1992966		Ototoxic reaction to erythromycin.	1991	Case Reports
1848372		Cisplatin chemoprotection and rescue: pharmacologic modulation of toxicity.	1991	Journal Article
1846407		A phase I study of high-dose ifosfamide and escalating doses of carboplatin with autologous bone marrow support.	1991	Clinical Trial
2068897		Comparative study of the effect of gentamicin on the vestibulo-ocular and visual vestibulo-ocular reflexes in the cat.	1991	Comparative Study
2056973		Cisplatin ototoxicity in children: a practical grading system.	1991	Journal Article
2029065		Salicylate ototoxicity: review and synthesis.	1991	Journal Article
2008289		Ototoxicity monitoring with ultra-high frequency audiometry in peritoneal dialysis patients treated with vancomycin or gentamicin.	1991	Journal Article
2007612		Phase-1 trial of high-dose intravenous cisplatin with simultaneous intravenous sodium thiosulfate.	1991	Clinical Trial
1985171		A phase II clinical trial of carboplatin infusion in high-risk acute nonlymphoblastic leukemia.	1991	Clinical Trial
1950546		Ototoxicity of an ototopic preparation--experimental results and clinical facts.	1991	Journal Article
1950534		Ototoxic effect of potassium canrenoate on the guinea pig cochlea.	1991	Journal Article
1950529		Delayed onset of ototoxic effects of gentamicin in treatment of Menière's disease. Rationale for extremely low dose therapy.	1991	Journal Article
1930985		Comparative acute ototoxicity of loop diuretic compounds.	1991	Comparative Study
1930983		Experimental investigations on the influence of anemia on gentamicin ototoxicity.	1991	Journal Article
1930979		Cochlear permeability of neomycin and gentamicin: an immunohistochemical study.	1991	Journal Article
1887777		Hyaluronan applied to lesioned round window membrane is free from cochlear ototoxicity.	1991	Journal Article
1854874		Is intraperitoneal tobramycin ototoxic in CAPD patients?	1991	Journal Article
1843163		Delayed onset of ototoxic effects of gentamicin in patients with Meniére's disease.	1991	Journal Article
1829919		Phase II trial of cisplatin for adenocarcinoma of unknown primary site. IKZ/IKO Clinical Research Group.	1991	Journal Article
1822954		Ototoxicity of cis-platinum and its relationship to eye colour.	1991	Journal Article
1795911		Ototoxicity of vancomycin: an experimental study in guinea pigs.	1991	Journal Article
1763645		Morphological changes to the cochlea in an animal model of profound deafness.	1991	Journal Article
1763622		Effects of systemic and lateral semicircular canal administration of aminoglycosides on normal and hydropic inner ears.	1991	Journal Article
1763620		Circadian rhythm dependent kanamycin-induced hearing loss in rodents assessed by auditory brainstem responses.	1991	Comparative Study
1662964		Inhibition of adenylate-cyclase-coupled G protein complex by ototoxic diuretics and cis-platinum in the inner ear of the guinea pig.	1991	Journal Article
2076973		Interaction of cisplatin and noise on the peripheral auditory system.	1990	Journal Article
2285060		Inner ear effects of topical gentamicin treatment in patients with Menière's disease.	1990	Case Reports
2079453		Aminoglycoside toxicity following antibiotic prophylaxis in cardiac surgery.	1990	Case Reports
2208024		Effect of intraarterial versus intravenous cisplatin in addition to systemic doxorubicin, high-dose methotrexate, and ifosfamide on histologic tumor response in osteosarcoma (study COSS-86).	1990	Clinical Trial
2208023		A phase I trial of cisplatin in hypertonic saline and escalating doses of 5-fluorouracil by continuous intravenous infusion in patients with advanced malignancies.	1990	Journal Article
2281204		Studies on age-dependent plasma platinum pharmacokinetics and ototoxicity of cisplatin.	1990	Journal Article
2277804		Gentamicin ototoxicity: histological and ultrastructural alterations after transtympanic administration.	1990	Journal Article
2240186		Hearing loss--risk factor for cisplatin ototoxicity? Observations.	1990	Journal Article
2167955		Modification of cisplatin toxicity with diethyldithiocarbamate.	1990	Journal Article
2122376		Physiologic status of regenerated hair cells in the avian inner ear following aminoglycoside ototoxicity.	1990	Journal Article
2228803		The ototoxic mechanism of cisplatin.	1990	Journal Article
1696831		'JEB'--a carboplatin based regimen for malignant germ cell tumours in children.	1990	Journal Article
2390421		Screening for aminoglycoside auditory toxicity in the old.	1990	Journal Article
2362532		High-dose cisplatin treatment: hearing loss and plasma concentrations.	1990	Journal Article
2358836		Ototoxicity of preradiation cisplatin for children with central nervous system tumors.	1990	Journal Article
2196530		Aminoglycoside therapy. Current use and future prospects.	1990	Journal Article
2380130		Organic acids do not alter the cochlear effects of ethacrynic acid.	1990	Journal Article
2372498		Ototoxicity of cisplatinum in children and adolescents.	1990	Journal Article
2346126		Dacarbazine-vindesine-cisplatin in disseminated malignant melanoma. A phase I-II trial.	1990	Journal Article
2197052		Nephrotoxic and ototoxic agents.	1990	Journal Article
2161175		Spinal cord toxicity complicating treatment with cisplatin and etoposide.	1990	Case Reports
2112362		Clinical perspectives on ototoxic drugs.	1990	Journal Article
2102477		Potentiation of inner ear damage following electron beam irradiation with CDDP administration.	1990	Journal Article
2360443		Delay in hearing loss following drug administration. A consistent feature of amikacin ototoxicity.	1990	Journal Article
2160140		Ototoxic and nephrotoxic drugs inhibit agonist-induced inositol phosphate formation in rat brain synaptoneurosomes.	1990	Journal Article
2181152		Cisplatin combined with carboplatin: a new way of intensification of platinum dose in the treatment of advanced ovarian cancer. Belgian Study Group for Ovarian Carcinoma.	1990	Journal Article
2319892		Temporal bone findings in a case of bilateral Menière's disease treated by parenteral streptomycin and endolymphatic shunt.	1990	Case Reports
2180271		A randomized phase II study of cisplatin alone versus cisplatin plus disulfiram.	1990	Clinical Trial
1971649		Ceftazidime vs. tobramycin for serious infections in urological patients.	1990	Clinical Trial
2407811		High-dose cisplatin combination chemotherapy in the treatment of advanced epithelial ovarian carcinoma.	1990	Clinical Trial
2406922		Carboplatin in the first-line chemotherapy of ovarian cancer.	1990	Clinical Trial
2406680		Quinine-induced hearing loss.	1990	Case Reports
2375861		Shifts in auditory brainstem response latencies following plasma-level-controlled aminoglycoside therapy.	1990	Journal Article
2311443		Comparative ototoxicity of ribostamycin, dactimicin, dibekacin, kanamycin, amikacin, tobramycin, gentamicin, sisomicin and netilmicin in the inner ear of guinea pigs.	1990	Comparative Study
2310548		The effect of taurine supplementation on the ototoxicity of neomycin in guinea pigs.	1990	Journal Article
2309560		Intermediate filament proteins in the embryonic inner ear of mice under normal conditions and after exposure to ototoxic drugs.	1990	Journal Article
2307024		Relation of dosing regimen to aminoglycoside ototoxicity: evaluation of auditory damage in the guinea pig.	1990	Journal Article
2307023		Aminoglycoside dosing regimen and pharmacokinetic parameters in the guinea pig.	1990	Journal Article
2306798		High-dose cisplatin in disseminated melanoma: a comparison of two schedules.	1990	Comparative Study
2294943		Augmented gentamicin ototoxicity induced by vancomycin in guinea pigs.	1990	Journal Article
2287773		Safety, pharmacokinetics and efficacy of once-a-day netilmicin and amikacin versus their conventional schedules in patients suffering from pelvic inflammatory disease.	1990	Clinical Trial
2282220		Electrophysiological effects of the clinically used local anesthetics lidocaine, lidocaine-prilocaine and phenol on the rat's inner ear.	1990	Journal Article
2275640		Changes of stapedius reflex and hearing threshold in patients receiving high-dose cisplatin treatment.	1990	Case Reports
2274318		Effect of dosing schedule on aminoglycoside ototoxicity: comparative cochlear ototoxicity of amikacin and isepamicin.	1990	Comparative Study
2233516		Clinical trial and pharmacokinetics of carboplatin 560 mg/m2 in children.	1990	Journal Article
2206855		Acute onset deafness in a 4-year-old girl after a single infusion of cis-platinum.	1990	Case Reports
2206854		A pilot study of high-dose carboplatin and pulsed etoposide in the treatment of childhood solid tumors.	1990	Journal Article
2192812		Carboplatin is ototoxic.	1990	Journal Article
2177606		Cisplatin rescue therapy: experience with sodium thiosulfate, WR2721, and diethyldithiocarbamate.	1990	Journal Article
2176134		High-dose cisplatin and mitomycin C in advanced non-small cell lung cancer: a phase II study of the Northern California Oncology Group.	1990	Clinical Trial
2153024		Effect of topical fosfomycin on polymyxin B ototoxicity.	1990	Journal Article
2134738		Ototoxic effect of cisplatin in children with brain tumors.	NA	Journal Article
2108113		Does administration of an aminoglycoside in a single daily dose affect its efficacy and toxicity?	1990	Clinical Trial
2097072		Gentamicin-induced chronotoxicity: use of body temperature as a circadian marker rhythm.	1990	Journal Article
2611090		Concentration-response relationships for salicylate-induced ototoxicity in normal volunteers.	1989	Clinical Trial
2589763		Audiologic threshold monitoring of patients receiving ototoxic drugs. Preliminary report.	1989	Journal Article
2689137		Netilmicin. A review of its antibacterial activity, pharmacokinetic properties and therapeutic use.	1989	Journal Article
2620478		Leukoencephalopathy after cisplatin therapy.	1989	Case Reports
2605127		Desferrioxamine ototoxicity: evaluation of risk factors in thalassaemic patients and guidelines for safe dosage.	1989	Journal Article
2589069		Dynamic changes following combined treatment with gentamicin and ethacrynic acid with and without acoustic stimulation. Cellular uptake and functional correlates.	1989	Journal Article
2585554		Aminoglycoside antibiotics impair calcium entry but not viability and motility in isolated cochlear outer hair cells.	1989	Journal Article
2506912		An animal model of hearing loss from alpha-difluoromethylornithine.	1989	Journal Article
2793613		Differential susceptibility to gentamicin ototoxicity between albino and pigmented guinea pigs.	1989	Comparative Study
2665790		The ototoxicity of ceftazidime in the chinchilla middle ear.	1989	Journal Article
2474060		Ten-year survival and late sequelae in testicular cancer patients treated with cisplatin, vinblastine, and bleomycin.	1989	Journal Article
2764235		Incidence of amikacin ototoxicity: a sigmoid function of total drug exposure independent of plasma levels.	1989	Journal Article
2544349		Neoadjuvant vindesine, etoposide, and cisplatin for locally advanced non-small cell lung cancer. Final report of a phase 2 study.	1989	Journal Article
2720598		"Eight-drugs-in-one-day" chemotherapy administered before and after radiotherapy to adult patients with malignant gliomas.	1989	Journal Article
2715805		Hearing loss in children and young adults receiving cisplatin with or without prior cranial irradiation.	1989	Comparative Study
2658582		Prospective study of amikacin versus netilmicin in the treatment of severe infection in hospitalized patients.	1989	Case Reports
2708843		Netilmicin in the treatment of gram-negative bacteremia: single daily versus multiple daily dosage.	1989	Clinical Trial
2651580		A phase I clinical and pharmacokinetic study of carboplatin and autologous bone marrow support.	1989	Clinical Trial
2540867		Platinum chemotherapy, radiotherapy and the inner ear: implications for "standard" radiation portals.	1989	Case Reports
2923694		Effect of albumin-bound furosemide on the endocochlear potential of the chinchilla. Alleviation of furosemide-induced ototoxicity.	1989	Comparative Study
2655095		Carboplatin in the treatment of ovarian cancer.	1989	Clinical Trial
2541506		Review of therapeutic trials of carboplatin in lung cancer.	1989	Journal Article
2708157		The ototoxic effect of cisplatin on guinea pigs in relation to dosage.	1989	Journal Article
2708156		The combined effect of cisplatin and furosemide on hearing function in guinea pigs.	1989	Journal Article
2650023		Cisplatin nephrotoxicity.	1989	Journal Article
2535320		Protection against salicylate ototoxicity by zinc.	1989	Journal Article
2922768		Toxicity studies with quinine hydrochloride.	1989	Journal Article
2910782		A randomized comparison of a rapid versus prolonged (24 hr) infusion of cisplatin in therapy of squamous cell carcinoma of the uterine cervix: a Gynecologic Oncology Group study.	1989	Clinical Trial
2808293		Vestibular functions in conservatively treated chronic renal failure.	1989	Comparative Study
2649354		Carboplatin. A preliminary review of its pharmacodynamic and pharmacokinetic properties and therapeutic efficacy in the treatment of cancer.	1989	Clinical Trial
2495509		Ototoxicity of antimycotics.	1989	Journal Article
2492203		A phase I study of hepatic arterial infusion using difluoromethylornithine.	1989	Journal Article
2929339		Middle ear ototoxic treatment for inner ear disease.	1989	Journal Article
2921411		Kanamycin induced low-frequency hearing loss in the budgerigar (Melopsittacus undulatus).	1989	Journal Article
2921087		The microbiological efficacy of the combination of fosfomycin and vancomycin against clinically relevant staphylococci.	1989	Journal Article
2913475		Enhanced cis-platinum ototoxicity in children with brain tumours who have received simultaneous or prior cranial irradiation.	1989	Journal Article
2757563		An immunohistochemical method for the study of aminoglycoside ototoxicity in the guinea pig cochlea using decalcified frozen sections.	1989	Journal Article
2751489		Role of high-frequency audiometry in the early detection of ototoxicity. II. Clinical Aspects.	1989	Comparative Study
2730420		An experimental study of vancomycin-induced cochlear damage.	1989	Journal Article
2650722		A comparison of the toxicity and efficacy of cisplatin and carboplatin in advanced ovarian cancer. The Swons Gynaecological Cancer Group.	1989	Clinical Trial
2635545		Structural and physiological change of the bullfrog semicircular canal due to gentamicin intoxication.	1989	Comparative Study
2612232		Ototoxic effects of a pseudodisaccharide aminoglycoside antibiotic, dactimicin, on the inner ears of guinea pigs.	1989	Comparative Study
2591298		Effect of glucarolactam on ototoxicity of aminoglycoside antibiotics in guinea-pigs.	1989	Journal Article
2590860		Cochleovestibular toxicity related to dichloromethotrexate.	1989	Case Reports
2590032		Gentamicin and other ototoxic antibiotics for the transtympanic treatment of Menière's disease.	1989	Journal Article
2586361		Eight-drugs-in-one-day chemotherapy in postirradiated adult patients with malignant gliomas.	1989	Journal Article
2537872		Ototoxicity of ear drops in patients suffering from chronic otitis media.	1989	Journal Article
2536649		Gentamicin alters membrane structure as shown by freeze-fracture of liposomes.	1989	Journal Article
2494640		Long-term tobramycin aerosol therapy in cystic fibrosis.	1989	Journal Article
2475098		Ototoxicity of carboplatin in guinea pigs.	1989	Comparative Study
3264488		Selective lesions of the vestibular labyrinth.	1988	Journal Article
3244344		Ototoxicity of toluene in rats.	1988	Journal Article
3228184		The round window as access route for agents injurious to the inner ear.	1988	Journal Article
3225645		Cis-platinum ototoxicity after radiation treatment: an animal model.	1988	Journal Article
3069423		Carboplatin: a new cisplatin analog.	1988	Journal Article
3178887		Glutathione depletion in the guinea pig and its effect on the acute cochlear toxicity of ethacrynic acid.	1988	Journal Article
3143707		Acute effects of noradrenalin related vasoactive agents on the ototoxicity of aspirin: an experimental study in the guinea pig.	1988	Journal Article
2850191		'Two-route chemotherapy' using intra-arterial cisplatin and intravenous sodium thiosulfate, its neutralizing agent, for hepatic malignancies.	1988	Journal Article
3262982		Relationship between the nephrotoxicity and ototoxicity induced by gentamicin in the guinea pig.	1988	Journal Article
3182412		Effects of cisplatin and thiosulfate upon auditory brainstem responses of guinea pigs.	1988	Journal Article
3057327		Vancomycin ototoxicity and nephrotoxicity. A review.	1988	Journal Article
3398664		Cisplatin ototoxicity in guinea pigs with special reference to toxic effects in the stria vascularis.	1988	Journal Article
3398663		Ototoxicity of high-dose cisplatin by bolus administration in patients with advanced cancers and normal hearing.	1988	Journal Article
3053555		A randomized trial of empirical antibiotic therapy with one of four beta-lactam antibiotics in combination with netilmicin in febrile neutropenic patients.	1988	Clinical Trial
3391815		Pre-radiation chemotherapy for infants and poor prognosis children with medulloblastoma.	1988	Journal Article
3378222		Pharmacokinetic and toxicity evaluation of five-day continuous infusion versus intermittent bolus cis-diamminedichloroplatinum(II) in head and neck cancer patients.	1988	Clinical Trial
3289583		A randomized clinical trial of topical gentamicin after tympanostomy tube placement.	1988	Clinical Trial
3170393		A study of amikacin given once versus twice daily in serious infections.	1988	Clinical Trial
3294318		Medical management of active chronic otitis media: a controlled study.	1988	Clinical Trial
2836565		Prospective randomized trial of high-dose cisplatin and fluorouracil infusion with or without sodium diethyldithiocarbamate in recurrent and/or metastatic squamous cell carcinoma of the head and neck.	1988	Clinical Trial
2484534		Enhanced ototoxicity of gentamicin and salicylate caused by Mg deficiency and Zn deficiency.	1988	Journal Article
3391108		Individualized aminoglycoside dosage regimens in patients with cystic fibrosis.	1988	Journal Article
3261106		Aminoglycoside ototoxicity: influence of dosage regimen on drug uptake and correlation between membrane binding and some clinical features.	1988	Journal Article
3385319		Long-term ototoxic effects of neomycin applied topically in the middle ear: a morphological study in the guinea pig.	1988	Journal Article
3372368		Cochlear pathology of long term neomycin induced deafness in cats.	1988	Journal Article
3360820		Hearing loss following the application of topical neomycin.	1988	Case Reports
3281541		High frequency audiometry in prospective clinical research of ototoxicity due to platinum derivatives.	1988	Journal Article
2966729		Teicoplanin: a new glycopeptide antibiotic complex.	1988	Journal Article
3281604		Salicylate ototoxicity in patients with rheumatoid arthritis: a controlled study.	1988	Clinical Trial
3370060		Quantitative assessment of torasemide ototoxicity.	1988	Journal Article
3348750		Simultaneous investigations of elemental changes in individual cells of the stria vascularis and in endolymph.	1988	Journal Article
3344128		Effects of ototoxic diuretics (loop diuretics) on the endolymphatic sac.	1988	Journal Article
3342465		Very high-dose cisplatin-induced ototoxicity: a preliminary report on early and long-term effects.	1988	Journal Article
3341701		Potentiation of ototoxicity by glutathione depletion.	1988	Journal Article
3338666		Evaluation of bolus cis-platinum and continuous 5-fluorouracil infusion for metastatic and recurrent squamous cell carcinoma of the cervix.	1988	Journal Article
3335097		Local delivery of antibiotics via an implantable pump in the treatment of osteomyelitis.	1988	Journal Article
3232027		Ototoxicity of cisplatin in gynaecological cancer patients.	1988	Comparative Study
3214091		Treatment of fungal infections with semisynthetic derivatives of amphotericin B alpha.	1988	Journal Article
3055805		Furosemide-induced alteration of drug pathway to cochlea.	1988	Journal Article
2975792		The effects of cetrimide and potassium bromate on the potassium ion concentration in the inner ear fluid of the guinea-pig.	1988	Journal Article
2856600		Chromatographically purified vancomycin: therapy of serious infections caused by Staphylococcus aureus and other gram-positive bacteria.	1988	Clinical Trial
3436849		Nutritional status, glutathione levels, and ototoxicity of loop diuretics and aminoglycoside antibiotics.	1987	Journal Article
3503576		Serial studies of auditory neurotoxicity in patients receiving deferoxamine therapy.	1987	Journal Article
3446673		Ototoxicity of indacrinone is stereospecific.	1987	Journal Article
3446672		Comparative ototoxicity of gentamicin in the guinea pig and two strains of rats.	1987	Comparative Study
3424416		Routine methods in toxicology and therapeutic drug monitoring by high performance liquid chromatography: III. A rapid microscale method for determination of furosemide in plasma and urine.	1987	Journal Article
3125950		Inhibition of inner ear ornithine decarboxylase by neomycin in-vitro.	1987	Comparative Study
21264010		Adverse reactions to chloroquine and amodiaquine as used for malaria prophylaxis: a review of the literature.	1987	Journal Article
3669842		Tuberculous otitis media: a clinical record.	1987	Journal Article
3440227		The development of Lhermitte's sign during cisplatin chemotherapy. Possible drug-induced toxicity causing spinal cord demyelination.	1987	Case Reports
3315195		Pediatric phase I trial of carboplatin: a Childrens Cancer Study Group report.	1987	Journal Article
2829633		Ototoxicity of neomycin and polymyxin B following middle ear application in the chinchilla and baboon.	1987	Journal Article
3681123		Intratympanic ototoxicity: influence of post-injection survival period.	1987	Journal Article
3657309		The aminoglycosides: streptomycin, kanamycin, gentamicin, tobramycin, amikacin, netilmicin, and sisomicin.	1987	Journal Article
3657307		Vancomycin.	1987	Journal Article
3309197		Phase I trial of escalating doses of cisplatin in hypertonic saline.	1987	Clinical Trial
3128155		Ophthalmia neonatorum--the Middle Road Hospital perspective.	1987	Journal Article
2443621		Very-high-dose cisplatin with bleomycin infusion as initial treatment of advanced head and neck cancer.	1987	Clinical Trial
3499743		Comparative vestibular toxicity of dibekacin, habekacin and cisplatin.	1987	Journal Article
3317953		Tobramycin in ophthalmology.	1987	Journal Article
2889262		Morphological changes in the vestibular epithelia and ganglion induced by ototoxic drug.	1987	Journal Article
3657630		Hearing loss attributed to desferrioxamine in patients with beta-thalassaemia major.	1987	Journal Article
3038190		Aminoglycoside antibiotics preferentially increase permeability in phosphoinositide-containing membranes: a study with carboxyfluorescein in liposomes.	1987	Comparative Study
3625244		Cisplatin, vinblastine, and mitoguazone chemotherapy for epidermoid and adenocarcinoma of the esophagus.	1987	Comparative Study
3599243		Intra-arterial cisplatin for bladder cancer.	1987	Journal Article
3308592		Synergistic interactions of noise and other ototraumatic agents.	1987	Journal Article
3619292		Cochleotoxic effects of spermine and kanamycin.	1987	Journal Article
3496507		Vestibular ototoxicity of gentamicin assessed by the recording of a short-latency vestibular-evoked response in cats.	1987	Journal Article
3304088		Drug permeability of the endolymphatic sac.	1987	Journal Article
3617152		Therapeutic aminoglycoside monitoring in renal failure patients.	1987	Journal Article
3610836		Interaction of kanamycin A and kanamycin B with phospholipids.	1987	Comparative Study
3113170		Strial prostaglandins and leukotrienes. Biochemical characteristics and interrelationship with furosemide.	1987	Journal Article
3607722		Treatment of astrocytoma with a 5-day cisplatin infusion.	1987	Journal Article
3550341		Advances in oto-immunology: new trends in functional pathology of the temporal bone.	1987	Journal Article
2436117		The species-specific nature of the ototoxicity of dihydrostreptomycin in the patas monkey.	1987	Comparative Study
3494560		Changes in erythromycin pharmacokinetics induced by renal failure.	1987	Comparative Study
3583423		Ototoxicity of cisplatin.	1987	Journal Article
2950960		Ototoxicity of teicoplanin in the guinea pig.	1987	Journal Article
3680049		Three molecular steps of aminoglycoside ototoxicity demonstrated in outer hair cells.	1987	Journal Article
3675301		A functional and histological study of the combined effects of gentamicin and aminooxyacetic acid on the organ of Corti of the guinea pig.	1987	Journal Article
3662925		Pathological findings in the human auditory system following long-standing gentamicin ototoxicity.	1987	Case Reports
3627078		Theophylline-induced changes in the mouse brainstem auditory evoked potential.	1987	Journal Article
3616496		A prospective randomised comparison of cefotaxime vs. netilmicin vs. cefotaxime plus netilmicin in the treatment of hospitalised patients with serious sepsis.	1987	Clinical Trial
3578676		Ethacrynic acid effects on the isolated inner ear: evaluation of the ototoxic potential in an organ culture system.	1987	Journal Article
3570997		Dose-dependent changes in the rat cochlea following aminoglycoside intoxication. I. Physiological study.	1987	Journal Article
3568273		High-dose cisplatin in advanced head and neck cancer.	1987	Journal Article
3564930		Comparative ototoxicity of kanamycin A and kanamycin B in the guinea pig.	1987	Comparative Study
3561328		Resistant and relapsing neuroblastoma: improved response rate with a new multiagent regimen (OC-HDP) including high-dose cisplatinum.	1987	Journal Article
3547005		Neurological manifestations and toxicities of the antituberculosis drugs. A review.	1987	Comparative Study
3451733		Interaction of polyanion against kanamycin ototoxicity.	1987	Comparative Study
3447874		Dactimicin, a new, less toxic aminoglycoside antibiotic active against resistant bacteria.	1987	Comparative Study
3152939		High-dose cisplatin and etoposide in advanced malignancies of childhood.	1987	Journal Article
3032880		Effect of cisplatin on hair cell morphology and lateral wall Na,K-ATPase activity.	1987	Journal Article
3031988		Ototoxicity of an ototopical preparation in a primate.	1987	Journal Article
2951360		Some organic acids attenuate the effects of furosemide on the endocochlear potential.	1987	Journal Article
2445164		An abnormality in the human cochlear vasculature in a case of cis-platinum ototoxicity.	1987	Case Reports
3570684		Auditory brainstem response in young burn-wound patients treated with ototoxic drugs.	1986	Comparative Study
3535719		Relative efficacy and toxicity of netilmicin and tobramycin in oncology patients.	1986	Clinical Trial
3804883		Cefoxitin versus gentamicin and metronidazole in prevention of post-appendicectomy sepsis: a randomized, prospective trial.	1986	Clinical Trial
3793961		Continuous arteriovenous hemofiltration of aminoglycoside antibiotics in critically ill patients.	1986	Journal Article
3788534		Cochleotoxicity of amine groups.	1986	Journal Article
3814212		Antibacterial activity and ototoxicity in guinea pigs, and nephrotoxicity in rats of arbekacin.	1986	Comparative Study
3019845		Peripheral neuropathy and ototoxicity of dichlorodiamineplatinum: instrumental evaluation. Preliminary results.	1986	Journal Article
3777905		Membrane perturbation by aminoglycosides as a simple screen of their toxicity.	1986	Journal Article
3747696		Amelioration of cisplatin-induced ototoxicity by fosfomycin.	1986	Comparative Study
3528727		Vestibular morphological analysis of the effects of cisplatin vs. platinum analogs, CBDCA (JM-8) and CHIP (JM-9).	1986	Comparative Study
3718685		Electrocochleography during intravenous infusion of cisplatin.	1986	Journal Article
3488158		Gentamicin-induced ototoxicity complicating treatment of chronic osteomyelitis.	1986	Case Reports
3752388		Cisplatin: evaluation of its ototoxic potential.	1986	Journal Article
3740717		Ototoxicity of neomycin and its penetration through the round window membrane into the perilymph.	1986	Journal Article
3489440		Comparative uptake of gentamicin, netilmicin, and amikacin in the guinea pig cochlea and vestibule.	1986	Comparative Study
3728532		Antibiotics delivered by an implantable drug pump. A new application for treating osteomyelitis.	1986	Journal Article
3524221		Comparative study of ototoxicity and nephrotoxicity in patients randomly assigned to treatment with amikacin or gentamicin.	1986	Clinical Trial
3524215		Aminoglycoside toxicity in infants and children.	1986	Clinical Trial
3728372		Cisplatin plus cytosine arabinoside in the treatment of squamous cell carcinoma of the head and neck.	1986	Journal Article
3720107		Reimplantation in infection. Elution of gentamicin from cement and beads.	1986	Comparative Study
3521270		Empiric antibiotic therapy for granulocytopenic cancer patients.	1986	Clinical Trial
3521269		A double beta-lactam combination versus an aminoglycoside-containing regimen as empiric antibiotic therapy for febrile granulocytopenic cancer patients.	1986	Clinical Trial
3963982		Erythromycin ototoxicity and acute psychotic reaction in cancer patients with hepatic dysfunction.	1986	Case Reports
3700652		Kinetics of gentamicin uptake and release in the rat. Comparison of inner ear tissues and fluids with other organs.	1986	Comparative Study
3087162		Cost-benefit analysis of an aminoglycoside monitoring service.	1986	Journal Article
3486750		Vestibular toxicity following netilmicin therapy in the neonatal period.	1986	Journal Article
3086808		Ototoxicity of cisplatin vs. platinum analogs CBDCA (JM-8) and CHIP (JM-9).	1986	Journal Article
2426115		High-dose cisplatin and VP-16 with bleomycin, in the management of advanced metastatic germ cell tumors.	1986	Journal Article
3753658		Reversible mechlorethamine-associated hearing loss in a patient with Hodgkin's disease.	1986	Case Reports
3705953		The ototoxicity of repetitive chronic aminoglycoside administration. An experimental study.	1986	Journal Article
3485932		Aminoglycoside ototoxicity.	1986	Clinical Trial
3962651		Cis-platin ototoxicity in previously noise-exposed guinea pigs.	1986	Journal Article
3962650		Comparative ototoxicity of furosemide and piretanide.	1986	Comparative Study
3946576		Ototoxicity of kanamycin in albino and pigmented guinea pigs. II. A scanning electron microscopic study.	1986	Comparative Study
3946575		Ototoxicity of kanamycin in albino and pigmented guinea pigs. I. A morphologic and electrophysiologic study.	1986	Comparative Study
3753295		An experimental study using sodium salicylate to reduce cochlear changes induced by furosemide.	1986	Journal Article
3704541		Irreversible ototoxic effect of erythromycin.	1986	Case Reports
3485852		Ototoxicity of the antiseptic combination chlorhexidine/cetrimide (Savlon): effects on equilibrium and hearing.	1986	Journal Article
3092343		A prospective study of high-frequency auditory function in patients receiving oral neomycin.	1986	Clinical Trial
3015857		Molecular mechanisms of drug-induced hearing loss.	1986	Journal Article
2419818		Deafness after treatment with ear drops containing neomycin, gramicidin and dexamethasone. A case report.	1986	Case Reports
4081322		Ototoxicity of intraventricularly administered gentamicin in adult rabbits.	1985	Journal Article
4088324		Quantitative evaluation of ototoxic side effects of furosemide, piretanide, bumetanide, azosemide and ozolinone in the cat--a new approach to the problem of ototoxicity.	1985	Journal Article
4074978		The ototoxic effects of different doses of gentamicin on the cochlea of pigmented guinea pigs.	1985	Comparative Study
3833863		Cholesterol distribution in cells of the stria vascularis of the mammalian cochlea and some effects of ototoxic diuretics.	1985	Journal Article
2866803		The ototoxic effects of gentamicin on the vestibular maculae in pigmented guinea pigs.	1985	Comparative Study
4040801		Ototoxicity of low- and moderate-dose cisplatin.	1985	Journal Article
4053983		Evaluation of high-dose tobramycin-carbenicillin therapy in pseudomonal infections in cystic fibrosis.	1985	Journal Article
4033342		Furosemide ototoxicity: clinical and experimental aspects.	1985	Journal Article
3934126		A prospective study of adverse reactions associated with vancomycin therapy.	1985	Journal Article
3909801		Ototoxicity from cis-platinum in patients with stages III and IV previously untreated squamous cell cancer of the head and neck.	1985	Clinical Trial
3897942		Gentamycin for prophylaxis of bacterial endocarditis: a review for the dentist.	1985	Journal Article
2988488		Prevention of hearing impairment from infection and ototoxic drugs.	1985	Journal Article
4044414		Progressive ototoxicity of neomycin monitored using derived brainstem response audiometry.	1985	Journal Article
4039131		Acute deafness. A complication of high-dose cisplatin.	1985	Case Reports
3923568		Prostaglandin synthesis by the cochlea of the guinea pig. Influence of aspirin, gentamicin, and acoustic stimulation.	1985	Journal Article
3891114		High dose cisplatin after failure of polychemotherapy containing cisplatin in ovarian cancer. Preliminary results.	1985	Clinical Trial
3975915		Comparative ototoxicity of netilmicin, gentamicin, and tobramycin in cats.	1985	Comparative Study
4040310		Cis-diaminedichloro platinum ototoxicity. An experimental study.	1985	Comparative Study
4038468		High-dose cisplatin in patients with advanced malignancies.	1985	Journal Article
4013729		Alterations of auditory evoked potentials during the course of chloroquine treatment.	1985	Journal Article
4013723		Results of an ultrastructural study comparing stria vascularis with organ of Corti in guinea pigs treated with kanamycin.	1985	Journal Article
10270312		Cost containment through therapeutic substitution of aminoglycosides.	1985	Journal Article
4086385		Structural abnormalities in the stria vascularis following chronic gentamicin treatment.	1985	Journal Article
4066523		An energy-dependent step in aminoglycoside ototoxicity: prevention of gentamicin ototoxicity during reduced endolymphatic potential.	1985	Journal Article
4051876		The effects of paracetamol on frusemide ototoxicity.	1985	Journal Article
4047624		Reduction of cisplatin ototoxicity by fosfomycin in animal model.	1985	Journal Article
4041173		Cisplatin-induced ototoxicity: audiometric findings and experimental cochlear pathology.	1985	Journal Article
4039797		Ototoxicity of cis-diamminedichloroplatinum.	1985	Journal Article
4038427		Ototoxicity of subcutaneously administered aztreonam in neonatal rats.	1985	Journal Article
4038376		Cisplatin ototoxicity in gynecologic cancer patients. A preliminary report.	1985	Journal Article
4016829		Prospective, randomized comparison of the efficacy and safety of netilmicin-clindamycin and tobramycin-clindamycin in the treatment of serious systemic infections.	1985	Clinical Trial
3982812		Low ototoxicity and its mechanism of netilmicin.	1985	Comparative Study
3972753		Inhibitory effects of gentamicin and ethacrynic acid on mammalian microsomal protein synthesis.	1985	Journal Article
3969267		Protective effect of fosfomycin against aminoglycoside ototoxicity.	1985	Journal Article
3899068		The importance of high-tone audiometry in monitoring for ototoxicity.	1985	Case Reports
3887667		An overview of amikacin.	1985	Journal Article
3885674		Intensive treatment of pseudomonas chest infection in cystic fibrosis: a comparison of tobramycin and ticarcillin, and netilmicin and ticarcillin.	1985	Clinical Trial
3864349		Histopathological features of the spiral ganglion and cochlear nerve in temporal bones from three patients with profound hearing loss.	1985	Case Reports
3003019		The effect of loop diuretics upon summating potentials in the guinea pig.	1985	Journal Article
2416729		Abolition of the negative endocochlear potential as a consequence of the gentamicin-furosemide interaction.	1985	Journal Article
6440087		Erythromycin ototoxicity: analysis and conclusions based on 22 case reports.	1984	Case Reports
6398148		Differences in the cochlear degeneration pattern in the guinea pig as a result of gentamicin and cis-platinum intoxication.	1984	Journal Article
6394577		Pharmacokinetics of vancomycin.	1984	Journal Article
6524339		Age-dependent changes in susceptibility to ototoxic hearing loss.	1984	Journal Article
6512095		Noise-induced hearing loss as influenced by other agents and by some physical characteristics of the individual.	1984	Journal Article
6391781		Clinical pharmacokinetics of the antituberculosis drugs.	1984	Journal Article
6391780		Serum level monitoring of antibacterial drugs. A review.	1984	Journal Article
6336580		Further observations of vestibular ototoxicity in the chick: effects of streptomycin on the ampullary sensory epithelium.	1984	Journal Article
6083522		Toxic and drug-induced disorders in otolaryngology.	1984	Journal Article
6487373		Characterization of aminoglycoside-lipid interactions and development of a refined model for ototoxicity testing.	1984	Journal Article
6238929		Observations on the toxicity of the combination of gentamicin and mezlocillin in the treatment of patients with acute leukaemia.	1984	Journal Article
6490573		Dissociation of maximum concentration of kanamycin in plasma and perilymph from ototoxic effect.	1984	Journal Article
6470975		Probenecid reduces cochlear effects and perilymph penetration of furosemide in chinchilla.	1984	Journal Article
6384162		Is misonidazole neurotoxicity altered by the use of phenytoin and/or dexamethasone in RTOG 79-18 and RTOG 79-16?	1984	Clinical Trial
6090371		Phase I trials of WR-2721 and cis-platinum.	1984	Journal Article
6490543		The potentiation of ototoxicity when aminooxyacetic acid and kanamycin are co-administered.	1984	Journal Article
6487853		Vancomycin ototoxicity in patients with normal renal function.	1984	Case Reports
6479502		Nephrotoxic and ototoxic effects of hydroxygentamicin in cats.	1984	Journal Article
6480524		Furosemide selectively reduces one component in rate-level functions from auditory-nerve fibers.	1984	Journal Article
6733318		The ototoxicity of chloroquine sulphate in the guinea pig.	1984	Journal Article
6715985		Chloramphenicol ototoxicity. A case report.	1984	Case Reports
6331211		Ototoxicity of otic drops applied to the middle ear in the chinchilla.	1984	Journal Article
6086545		Inflammatory effects of otic drops on the middle ear.	1984	Journal Article
6715973		Bromocriptine-associated ototoxicity.	1984	Case Reports
6704042		Ototoxic effect of erythromycin therapy.	1984	Case Reports
6425780		Use of streptomycin sulfate in the treatment of Meniere's disease.	1984	Journal Article
6716979		Vancomycin: a rapid HPLC assay for a potent antibiotic.	1984	Journal Article
6697885		Tobramycin-furosemide interaction.	1984	Case Reports
6717758		Impairment in cochlear function produced by chloramphenicol and noise.	1984	Journal Article
6422414		Ototoxic and nephrotoxic effects of combined treatment with cis-diamminedichloroplatinum and kanamycin in the guinea pig.	1984	Comparative Study
6537798		Early detection of cisplatin ototoxicity. Selected case reports.	1984	Case Reports
6732634		Does incubator noise increase risks of aminoglycoside ototoxicity?	1984	Journal Article
6701104		Antimicrobial therapy of febrile children with malignancies and possible sepsis.	1984	Comparative Study
6693800		Clinical monitoring of the effects of gentamicin by electrocochleography.	1984	Case Reports
6690474		Calcium is a competitive inhibitor of gentamicin-renal membrane binding interactions and dietary calcium supplementation protects against gentamicin nephrotoxicity.	1984	Journal Article
6529372		Mechanism of protective effect of fosfomycin against aminoglycoside ototoxicity.	1984	Journal Article
6518944		Effect of 'high-dose' amikacin in children.	1984	Journal Article
6487176		Relationship between ototoxicity of aminoglycoside antibiotics and their transferability into inner ear fluids.	1984	Comparative Study
6441244		Accumulation of drugs on inner ear melanin. Therapeutic and ototoxic mechanisms.	1984	Clinical Trial
6365884		Aminoglycoside toxicity - a review of clinical studies published between 1975 and 1982.	1984	Clinical Trial
6365881		Netilmicin versus tobramycin in multi-centre studies.	1984	Clinical Trial
6365878		The key role of aminoglycosides in antibacterial therapy and prophylaxis.	1984	Journal Article
6146501		The comparative ototoxicities of panimycin and gentamicin in cynomolgus monkeys (Macaca fascicularis).	1984	Comparative Study
6686617		A review of cis-platinum ototoxicity.	1983	Journal Article
6685804		Cis-platinum ototoxicity: clinical experience and temporal bone histopathology.	1983	Journal Article
6658186		Gentamicin ototoxicity dissociated from glucose uptake and utilization.	1983	Journal Article
6637456		Organ culture of the late embryonic inner ear as a model for ototoxicity studies.	1983	Journal Article
6361701		Netilmicin sulfate: a comparative evaluation of antimicrobial activity, pharmacokinetics, adverse reactions and clinical efficacy.	1983	Comparative Study
6357686		Bumetanide: a new loop diuretic (Bumex, Roche Laboratories).	1983	Journal Article
6685094		Audiometric monitoring of cis-platinum ototoxicity.	1983	Comparative Study
6644766		Familial aggregation of streptomycin ototoxicity: autosomal dominant inheritance?	1983	Comparative Study
6643334		A prospective, randomized study of amikacin and gentamicin in serious infections with focus on efficacy, toxicity and duration of serum levels above the MIC.	1983	Clinical Trial
6637512		Comparative ototoxicity of dibekacin and netilmicin in guinea pigs.	1983	Comparative Study
6630105		Netilmicin 150 mg every 12 hours in systemic infections.	1983	Journal Article
6619004		Ethacrynic acid facilitates gentamicin entry into endolymph of the rat.	1983	Journal Article
6191560		Misonidazole combined with large-fraction pelvic irradiation in the treatment of patients with advanced pelvic malignancies. Preliminary report of an ongoing RTOG phase I-II study.	1983	Journal Article
6688110		Morphological changes in the normal and neomycin-perfused guinea pig cochlea following chronic prosthetic implantation.	1983	Comparative Study
6613554		Aspects on the ototoxic potential of netilmicin.	1983	Journal Article
6613550		Effects of perilymphatically perfused gentamicin on microphonic potential, lipid labeling and morphology of cochlear tissues.	1983	Journal Article
6881461		Aminoglycoside ototoxicity in the chick (Gallus domesticus) inner ear: I. The effects of kanamycin and netilmicin on the basilar papilla.	1983	Journal Article
6838109		Alteration of aminoglycoside antibiotic ototoxicity: effect of semistarvation.	1983	Journal Article
6837286		Hyperthermia increases aminoglycoside ototoxicity.	1983	Journal Article
6338150		Ototoxicity: etiology and issues.	1983	Journal Article
6681592		Ototoxicity associated with cis-platinum in three chemotherapy multi-drug regimens.	1983	Journal Article
6337803		Netilmicin (Netromycin, Schering-Plough).	1983	Journal Article
6882279		Transplacental kanamycin ototoxicity in the guinea pig.	1983	Journal Article
6687235		Enhanced cis-platinum neurotoxicity in pediatric patients with brain tumors.	1983	Journal Article
6687194		Weekly Cisplatin during cranial irradiation for malignant melanoma metastatic to brain.	1983	Journal Article
6684750		cis-Diamminedichloroplatinum: a cytostatic with an ototoxic effect.	1983	Journal Article
6682776		Ototoxicity of cis-diamminedichloroplatinum (II): influence of dose, schedule and mode of administration.	1983	Clinical Trial
6651605		The sensitive period for ototoxicity of kanamycin in mice: morphological evidence.	1983	Journal Article
6586053		Comparative ototoxicity of four aminoglycosidic antibiotics during the critical period of cochlear development in the rat. A functional and structural study.	1983	Comparative Study
6352035		A comparative study of netilmicin-cefoxitin and gentamicin-cefoxitin in surgical patients with serious systemic infection.	1983	Clinical Trial
6336862		Antibiotic prophylaxis in large bowel surgery: results of a controlled clinical trial.	1983	Clinical Trial
6310933		Ototoxic effect of an aminoglycoside drug on an immature inner ear.	1983	Journal Article
6088710		A pilot study of cis-diamminedichloroplatinum and radiation therapy in patients with high grade astrocytomas.	1983	Clinical Trial
7159067		Comparative pharmacokinetics of aminoglycoside antibiotics in guinea pigs.	1982	Comparative Study
6983637		Inner ear histopathology in patients treated with cis-platinum.	1982	Case Reports
6983636		Cisplatin vestibular ototoxicity: preliminary report.	1982	Journal Article
6891928		Cisplatin and vindesine combination chemotherapy in advanced malignant melanoma: an EORTC phase II study.	1982	Journal Article
6890409		Cisplatin therapy in recurrent childhood brain tumors.	1982	Journal Article
6889911		Phase II trial of cisplatin (CPDD) in previously treated patients with advanced soft tissue sarcoma.	1982	Comparative Study
10994434		Effects of topical sodium potassium ATPase inhibitors upon endocochlear potential in chinchilla.	1982	Journal Article
7185540		Ototoxicity and pharmacokinetically determined dosages of amikacin in granulocytopenic cancer patients.	1982	Journal Article
7180416		Individual variation and mechanism of kanamycin ototoxicity in rabbits.	1982	Journal Article
7158707		Comparative ototoxicities of gentamicin and netilmicin in three model systems.	1982	Comparative Study
6983809		Ototoxicity of netilmicin.	1982	Journal Article
7142045		Deaf animal models for studies of a multichannel cochlear prosthesis.	1982	Journal Article
7180439		Auditory brainstem responses (ABR) in high-risk neonates.	1982	Journal Article
7178647		Gentamicin binding to the isolated crista ampullaris of the guinea pig.	1982	Journal Article
7149992		Kanamycin induced ototoxicity in the laboratory rat. A comparative morphological and audiometric study.	1982	Comparative Study
7148437		Ototoxicity of kanamycin in developing guinea pigs. An electrophysiological study.	1982	Journal Article
6982875		Ototoxicity of tobramycin in humans - influence of renal impairment.	1982	Journal Article
7134246		Schooling behavior of tadpoles: a potential indicator of ototoxicity.	1982	Journal Article
7131637		Salicylate ototoxicity in the chinchilla: a behavioral and electron microscope study.	1982	Journal Article
7118731		Kanamycin and bumetanide ototoxicity: anatomical, physiological and behavioral correlates.	1982	Journal Article
6765414		Comparison of standard versus pharmacokinetically adjusted amikacin dosing in granulocytopenic cancer patients.	1982	Clinical Trial
6983307		Response of the endolymphatic sac in the guinea pig to neomycin ototoxicity.	1982	Journal Article
7201751		A calcareous concretion in the posterior semicircular duct of a human labyrinth.	1982	Case Reports
7199971		A phase I study of intracarotid artery infusion of cis-Diamminedichloroplatinum(II) in patients with recurrent malignant intracerebral tumors.	1982	Comparative Study
7093568		Analysis of the phamacokinetics of ribostamycin in serum and perilymph of guinea pigs after single and multiple doses.	1982	Journal Article
7093567		The pharmacology of ototoxic drugs.	1982	Journal Article
7093565		The use of pure-tone audiometry in the assessment of gentamicin auditory toxicity.	1982	Journal Article
7093564		Patterns of cochlear degeneration following gentamicin administration in both old and young guinea pigs.	1982	Journal Article
7093562		Ultrastructural and electrophysiological studies of acute ototoxic effects of furosemide.	1982	Journal Article
6980039		Bobbing oscillopsia from gentamicin toxicity.	1982	Journal Article
6813810		Vestibular ototoxicity of prophylactic aminoglycoside antibiotics in head and neck cancer patients.	1982	Journal Article
6281596		Arguments against a mediating role of the adenylate cyclase--cyclic AMP system in the ototoxic action of loop diuretics.	1982	Journal Article
7042998		Pathophysiology of furosemide ototoxicity.	1982	Journal Article
7036923		Aminoglycoside dosing in renal transplant patients. Comparison of nomogram and individualized pharmacokinetic methods in patients with shifting renal function.	1982	Journal Article
6979948		Vestibular ototoxicity in the chick: effects of streptomycin on equilibrium and on ampullary dark cells.	1982	Journal Article
7061347		Interaction of aminooxyacetic acid and ethacrynic acid with intense sound at the level of the cochlea.	1982	Journal Article
7060281		Selective destruction of the outer hair cells in the chinchilla.	1982	Journal Article
6977353		Histopathological findings in clinical gentamicin ototoxicity.	1982	Case Reports
6174496		Effects of ototoxic antibiotics on sensory hair cell functioning.	1982	Journal Article
7199807		Ototoxicity of the anticancer drug cisplatin. An experimental study.	1982	Journal Article
7198012		Ototoxicity in patients receiving cisplatin: importance of dose and method of drug administration.	1982	Journal Article
7159300		Evaluation of ototoxicity of amino-glycoside antibiotics in rabbits.	1982	Comparative Study
7151635		Evaluation of the renal and auditory function of neonates treated with amikacin.	1982	Journal Article
7125634		Measurements of serum gentamycin levels by rapid tests.	1982	Comparative Study
7105827		The use of netilmicin in a district general hospital.	1982	Journal Article
7099580		Ototoxicity of aminoglycoside antibiotics by rapid intravenous injection.	1982	Comparative Study
7084999		Cochlear cytoarchitecture and ribostamycin ototoxicity.	1982	Comparative Study
7064694		A biochemical mechanism of the ototoxic interaction between neomycin and ethacrynic acid.	1982	Journal Article
7038338		The aminoglycosides.	1982	Journal Article
6760967		A survey of prospective, controlled clinical trials of gentamicin, tobramycin, amikacin, and netilmicin.	1982	Clinical Trial
6175163		The ototoxic interaction of viomycin, capreomycin and polymyxin B with ethacrynic acid.	1982	Journal Article
7321720		Freedom from ototoxicity in aminoglycoside treated neonates: a mistaken notion.	1981	Comparative Study
7342284		Effects of antibiotic-diuretic interactions in the guinea pig model of ototoxicity.	1981	Journal Article
7338574		Comparative ototoxicity of bumetanide and furosemide when used in combination with kanamycin.	1981	Comparative Study
7338573		Comparative acute cochlear toxicity of intravenous bumetanide and furosemide in the purebred beagle.	1981	Comparative Study
7338572		Comparison of adverse reactions to bumetanide and furosemide.	1981	Comparative Study
7325304		Alteration of aminoglycoside antibiotic ototoxicity by hyper- and hypohydration.	1981	Journal Article
6801580		Ototoxicity of kanamycin sulfate and the barriers in the inner ear.	1981	Journal Article
7197152		Potentiating effects of cisplatin and ethacrynic acid in ototoxicity.	1981	Journal Article
7185589		The ototoxicity of hydroxygentamicin, a new aminoglycoside antibiotic, in guinea pigs.	1981	Journal Article
6976334		Vestibular ototoxicity in children: a retrospective study of 52 cases.	1981	Journal Article
6799892		Aminoglycoside antibiotics in the treatment of otologic infections.	1981	Journal Article
7256486		Streptomycin ototoxicity in the unborn child.	1981	Journal Article
7241381		Effect of water deprivation and rehydration on gentamicin disposition in the rat.	1981	Journal Article
7020413		Antimicrobial spectrum, pharmacology, adverse effects, and therapeutic use of amikacin sulfate.	1981	Journal Article
6927603		Reappraisal of guidelines for pharmacokinetic monitoring of aminoglycosides.	1981	Journal Article
6792967		Sinusoidal harmonic acceleration.	1981	Journal Article
6973908		Ultrastructural histopathology in a case of human ototoxicity due to loop diuretics.	1981	Case Reports
6895009		Ototoxicity of intracisternal gentamicin in cats.	1981	Journal Article
6791457		Labyrinthine barriers and cochlear homeostasis.	1981	Journal Article
7223791		Increased gentamicin dosage requirements: rapid elimination in 249 gynecology patients.	1981	Journal Article
7282684		Gentamicin-induced ototoxicity in a carefully monitored renal-failure patient.	1981	Case Reports
7224511		Nature of blood-labyrinth barrier in experimental conditions.	1981	Journal Article
6971699		Cis-platinum vestibular toxicity.	1981	Case Reports
6787526		Pathophysiology of the ototoxicity of cis-diamminedichloroplatinum.	1981	Journal Article
6259113		Prophylaxis of kanamycin-induced ototoxicity by a radioprotectant.	1981	Journal Article
7469897		Increased ototoxicity in both young and old mice.	1981	Journal Article
7469887		Comparative ototoxicity of chloramphenicol and kanamycin with ethacrynic acid.	1981	Comparative Study
7217716		Central nervous system toxicity of intraventricularly administered gentamicin in adult rabbits.	1981	Journal Article
6936069		Adjuvant adriamycin and cis-diamminedichloroplatinum (cis-platinum) in primary osteosarcoma.	1981	Journal Article
7469881		Nature and incidence of misonidazole-produced ototoxicity.	1981	Journal Article
7305725		The sensitive period for induction of susceptibility to audiogenic seizures by kanamycin in mice.	1981	Journal Article
7295169		Are aminosugars ototoxic?	1981	Journal Article
7271577		Ototoxicity or teratogenicity. An analysis of drug-induced effects on the early development of the mammalian otocyst.	1981	Journal Article
7035098		Ototoxic drugs and noise.	1981	Journal Article
7034939		Considerations regarding clinical safety and tolerability of antibiotics in serious and nosocomial infections.	1981	Journal Article
7451380		Ultrastructural correlates of selective outer hair cell destruction following kanamycin intoxication in the chinchilla.	1980	Journal Article
7241802		Pharmacokinetics of ribostamycin in healthy volunteers and patients with impaired renal function.	1980	Journal Article
7420681		Clinical nephrotoxicity of tobramycin and gentamicin. A prospective study.	1980	Comparative Study
7440428		Kanamycin ototoxicity and pigmentation in the guinea pig.	1980	Journal Article
7432055		Aminoglycoside ototoxicity in the human.	1980	Comparative Study
7436516		Gentamicin and tobramycin compared in the treatment of mucoid pseudomonas lung infections in cystic fibrosis.	1980	Comparative Study
7401837		The effects of ototoxicity on the auditory brain stem response and the scalp-recorded cochlear microphonic in guinea pigs.	1980	Journal Article
7381633		Pharmacology of furosemide in the premature newborn infant.	1980	Comparative Study
6996549		Treatment of tuberculosis during pregnancy.	1980	Journal Article
7413550		Acute interstitial nephritis associated with gentamicin and lincomycin therapy.	1980	Case Reports
6931321		Netilmicin in the treatment of severe or complicated urinary tract infections.	1980	Journal Article
7377070		Proper use of aminoglycosides.	1980	Journal Article
7368947		Comparative ototoxic effects of RU 25434, amikacin and neomycin in guinea-pigs.	1980	Comparative Study
6994638		Prospective, randomized trial of netilmicin and amikacin, with emphasis on eighth-nerve toxicity.	1980	Clinical Trial
7188880		Phase I-II trial of percutaneous intra-arterial cis-diamminedichloro platinum (II) for regionally confined malignancy.	1980	Journal Article
7369651		Single-cell responses in normal and ototoxic drug-treated gerbils.	1980	Journal Article
7364666		Ototoxicity of kanamycin in developing rats: relationship with the onset of the auditory function.	1980	Journal Article
7359612		Erythromycin ototoxicity.	1980	Case Reports
7355388		Gentamicin dosage requirements: wide interpatient variations in 242 surgery patients with normal renal function.	1980	Journal Article
6992711		Prospective comparative study of efficacy and toxicity of netilmicin and amikacin.	1980	Clinical Trial
7469947		Occurrence of non-ototoxic antibiotic (cephazolin) in the inner ear.	1980	Journal Article
7458761		Hearing loss and inner ear changes in a patient suffering from severe gentamicin ototoxicity.	1980	Case Reports
7458747		Supra-normal sensitivity to ototoxic antibiotic of the developing rat cochlea.	1980	Journal Article
7446080		Potentiation of noise-induced audiogenic seizure risk by salicylate in mice as a function of salicylate-noise exposure interval.	1980	Journal Article
7446078		The nature of the ototoxic actions of ethacrynic acid upon the mammalian endolymph system. II. Structural-functional correlates in the stria vascularis.	1980	Journal Article
7438970		Netilmicin use in pediatric patients.	1980	Journal Article
7425950		Altered objective audiometry in aminoglycosides-treated human neonates.	1980	Journal Article
7425946		Histological evaluation of ototoxic reaction due to some aminoglycoside antibiotics.	1980	Journal Article
7352894		A comparative study of the ototoxicity of gentamicin and gentamicin C1.	1980	Comparative Study
7222190		Hospital acquired gram-negative pneumonias: response rate and dosage requirements with individualized tobramycin therapy.	1980	Journal Article
7010547		Netilmicin: chemical development and overview of clinical research.	1980	Clinical Trial
6970983		Prospective evaluation of vestibular and auditory function in 76 patients treated with netilmicin.	1980	Journal Article
6970982		Netilmicin treatment followed by monitoring of vestibular and auditory function using highly sensitive methods.	1980	Journal Article
6970981		The ototoxic potential of netilmicin compared with amikacin. An animal study in guinea pigs.	1980	Comparative Study
6937967		High dose netilmicin therapy of severe or chronic infections.	1980	Journal Article
6937966		Netilmicin 200 mg twice a day for adult patients with life-threatening infections. A preliminary report.	1980	Journal Article
6937964		Netilmicin therapy of patients with leukaemia or malignant lymphoma.	1980	Journal Article
533261		Antibacterial activities, nephrotoxicity, and ototoxicity of a new aminoglycoside, Win 42122-2.	1979	Journal Article
503379		A comparison of netilmicin and gentamicin in the treatment of pelvic infections.	1979	Clinical Trial
387223		Toxic effects of cis-dichlorodiammineplatinum(II) in man.	1979	Journal Article
490032		Chloroquine ototoxicity--a reversible phenomenon?	1979	Case Reports
553884		High dosage tobramycin treatment of children with cystic fibrosis. Bacteriological effect and clinical ototoxicity.	1979	Journal Article
470725		Cis-dichlorodiammine platinum (II) in advanced ovarian carcinoma.	1979	Journal Article
444050		Ecthyma gangrenosum: survival with individualized antibiotic therapy.	1979	Journal Article
436029		Nephrotoxicity and ototoxicity following irrigation of wounds with neomycin.	1979	Case Reports
435146		Quantitative relationships of the ototoxic interaction of kanamycin and ethacrynic acid.	1979	Journal Article
313657		Vestibular effects of antibiotics introduced in the inner ear. Behavioral and electrophysiological studies in the frog.	1979	Journal Article
438542		Detection of tobramycin- and netilmicin-induced ototoxicity in guinea pigs with evoked action potentials.	1979	Comparative Study
373439		Randomized trial of empiric antibiotic therapy with ticarcillin in combination with gentamicin, amikacin or netilmicin in febrile patients with granulocytopenia and cancer.	1979	Clinical Trial
426575		Empiric therapy for infections in granulocytopenic cancer patients: continuous infusion of amikacin plus cephalothin.	1979	Journal Article
312486		Ototoxicity in neonates treated with gentamicin and kanamycin: results of a four-year controlled follow-up study.	1979	Clinical Trial
761144		Clinical efficacy and toxicity of netilmicin in the treatment of gram-negative infections.	1979	Journal Article
760380		The relationship between the cytotoxicity of kanamycin and ethacrynic acid for mammalian cells in vitro and their ototoxicity in vivo.	1979	Journal Article
532612		Ototoxic effects of the interaction between kanamycin and ethacrynic acid. Cochlear ultrastructure correlated with cochlear potentials and kanamycin levels.	1979	Journal Article
532611		Effects of kanamycin on the auditory evoked responses during postnatal development of the hearing of the rat.	1979	Journal Article
526183		Hair cell degeneration in guinea pigs intoxicated with kanamycin during intrauterine life; a structural and ultrastructural study.	1979	Journal Article
485941		Auditory function in guinea pigs treated with netilmicin and other aminoglycoside antibiotics.	1979	Journal Article
484349		Accumulation of substances with melanin affinity to the internal ear. Therapeutic or ototoxic mechanism?	1979	Journal Article
474119		Effects of local application of ototoxic antibiotics on cochlear potentials in guinea pigs.	1979	Journal Article
363982		Intraventricular administration of amikacin for complicated Gram-negative meningitis and ventriculitis.	1979	Case Reports
118525		Chemotherapy of chronic infections with mucoid Pseudomonas aeruginosa in lower airways of patients with cystic fibrosis.	1979	Journal Article
114151		The evoked cochlear mechanical response in laboratory primates. A preliminary report.	1979	Journal Article
89779		Comparative study of the influence of aminoglycoside antibiotics on the activity of the horizontal semicircular canal in the frog.	1979	Comparative Study
734232		The relationship between kanamycin ototoxicity and glucose transport.	1978	Journal Article
716856		Reduction of the endocochlear potential by the new "loop" diuretic, bumetanide.	1978	Journal Article
715674		The necessity of increased doses of amikacin in burn patients.	1978	Journal Article
309753		Vestibular toxicity of gentamicin. Incidence in patients receiving long-term hemodialysis therapy.	1978	Journal Article
113748		Bioelectric phenomena in the ototoxicity of nitrogen mustard.	1978	Journal Article
697635		Comparative ototoxic liability of netilmicin and gentamicin.	1978	Comparative Study
358884		Gentamicin in 1978.	1978	Journal Article
100086		Impedance audiometry in the squirrel monkey. Sensorineural losses.	1978	Journal Article
707064		A physiological and morphological study of the cochlea of the rat following treatment with atoxyl and neomycin.	1978	Comparative Study
704499		Prudent use of the aminoglycosides.	1978	Journal Article
309268		A prospective study of gentamicin ototoxicity.	1978	Journal Article
696295		Gentamicin-induced mitochondrial damage in inner ear sensory cells of the lizard Calotes versicolor.	1978	Journal Article
696293		A possible involvement of acidic glycosaminoglycans in kanamycin ototoxicity.	1978	Journal Article
352213		Vancomycin revisited.	1978	Journal Article
666303		Pharmacology and efficacy of netilmicin.	1978	Journal Article
350471		Why monitor serum levels of gentamicin?	1978	Journal Article
646445		Deafness and biochemical imbalance after burns treatment with topical antibiotics in young children. Report of 6 cases.	1978	Case Reports
646289		Neomycin ototoxicity.	1978	Case Reports
415674		Gentamicin-resistant bacillary infection. Clinical features and amikacin therapy.	1978	Journal Article
348092		Netilmicin: clinical efficacy, tolerance, and toxicity.	1978	Clinical Trial
747905		cis-Platinum ototoxicity.	1978	Journal Article
657877		Amikacin therapy of serious gram-negative bacillary infections in chronic hemodialysis patients.	1978	Journal Article
648238		Ototoxicity of gentamicin: clinical experience in a children's hospital.	1978	Journal Article
622611		Deafness associated with oral furosemide.	1978	Case Reports
567775		Potentiation and its mechanism of cochlear damage resulting from furosemide and aminoglycoside antibiotics.	1978	Journal Article
357230		Netilmicin: a review of toxicity in laboratory animals.	1978	Journal Article
348089		Platinum complexes in cancer chemotherapy.	1978	Journal Article
114911		Potentiation of kanamycin ototoxicity by a history of noise exposure.	1978	Journal Article
606305		Possible high dosage gentamycin therapy in infected neutropenic patients.	1977	Journal Article
303733		Comparison of caloric and sinusoidal tests in the vestibulotoxic cat.	1977	Comparative Study
335967		Amikacin and cephalothin: empiric regimen for granulocytopenic cancer patients.	1977	Journal Article
147625		Evaluation of spectinomycin and gentamicin in the treatment of hospitalized patients with resistant urinary tract infections.	1977	Comparative Study
304521		Evaluation of nephrotoxic and ototoxic effects of tobramycin in worldwide study.	1977	Journal Article
913899		H. influenzae meningitis treated with ampicillin or chloramphenicol, and subsequent hearing loss.	1977	Case Reports
303038		Quantitative analysis of kanamycin ototoxicosis.	1977	Journal Article
328950		Amikacin therapy. Use against infections caused by gentamicin- and tobramycin-resistant organisms.	1977	Comparative Study
900916		Comparative ototoxicity of amikacin and gentamicin in cats.	1977	Comparative Study
331627		Treatment of complicated urinary tract infections with amikacin: comparison of low and high dosage.	1977	Clinical Trial
577287		Systemic absorption of neomycin irrigating solution.	1977	Journal Article
899753		Comparative surface studies of ototoxic effects of various aminoglycoside antibiotics on the organ of Corti in the guinea pig. A scanning electron microscopic study.	1977	Journal Article
875572		Ototoxicity and the olivocochlear bundle.	1977	Comparative Study
874379		Profound bilateral sensorineural hearing loss during gentamicin therapy.	1977	Case Reports
868912		Amikacin in the treatment of gram-negative pneumonia.	1977	Journal Article
868908		Amikacin therapy for gram-negative septicemia.	1977	Journal Article
868906		Comparative clinical studies of ototoxicity and nephrotoxicity of amikacin and gentamicin.	1977	Clinical Trial
888675		Radioactive labeling of phospholipids and proteins by cochlear perfusion in the guinea pig and the effect of neomycin.	1977	Journal Article
139522		Noxious effects upon cochlear metabolism.	1977	Journal Article
577142		Delayed elimination of the ototoxic compound atoxyl from the inner ear.	1977	Comparative Study
300585		Ototoxic interactions of ethacrynic acid and streptomycin.	1977	Journal Article
319355		Controlled comparison of amikacin and gentamicin.	1977	Clinical Trial
576282		Amikacin therapy for serious gram-negative infection.	1977	Journal Article
835977		Reversible sensorineural hearing loss with intravenous erythromycin lactobionate.	1977	Case Reports
197827		Effects of neomycin on polyphosphoinositides in inner ear tissues and monomolecular films.	1977	Journal Article
65898		The patas monkey as a model for dihydrostreptomycin ototoxicity.	1977	Journal Article
1021451		Comparison of the ototoxic effect of kanamycin on albino and pigmented rats, studied using an operant method.	1976	Comparative Study
999140		Auditory-nerve activity in cats exposed to ototoxic drugs and high-intensity sounds.	1976	Comparative Study
999139		Ultrastructural cochlear changes following acoustic hyperstimulation and ototoxicity.	1976	Comparative Study
993629		Amikacin in obstetric, gynecologic, and neonatal infections: laboratory and clinical studies.	1976	Comparative Study
993623		Amikacin in treatment of infections caused by gram-negative bacteria resistant to gentamicin and other aminoglycosides: clinical and bacteriologic results.	1976	Journal Article
792360		A review of results of clinical trials with amikacin.	1976	Clinical Trial
186696		Treatment with gentamicin monitored by serum antibiotic assay.	1976	Journal Article
1085788		Ototoxicity of tobramycin: a clinical overview.	1976	Journal Article
1084946		The ototoxic effects of ethacrynic acid in man and animals.	1976	Case Reports
1003698		Effects of chronic administration of kanamycin on conditioned suppression to auditory stimulus in rats.	1976	Journal Article
972282		Pharmacokinetics and ototoxicity of gentamicin, tobramycin, and amikacin.	1976	Journal Article
972270		Administration of tobramycin and gentamicin by the intravenous route every 6 hr in patients with normal renal function.	1976	Journal Article
787452		Aspects of the pharmacology and toxicology of tobramycin in animals and humans.	1976	Journal Article
181649		Detection of ototoxicity from drugs applied topically to the middle ear space.	1976	Case Reports
1086087		A clinical study on the ototoxic effects of tobramycin.	1976	Journal Article
938230		Neomycin toxicity revisited.	1976	Case Reports
938024		Ototoxicity of amikacin.	1976	Journal Article
1274553		Damage to Reissner's membrane in the guinea-pig cochlea following acute atoxyl intoxication.	1976	Journal Article
951390		Drug-induced deafness and its treatment.	1976	Journal Article
1249699		Commentary: An appraisal of tobramycin usage in pediatrics.	1976	Journal Article
1053373		Ototoxicity of tobramycin sulfate.	1976	Comparative Study
1017880		Ototoxicity and nephrotoxicity of netilmicin.	1976	Journal Article
789045		Tobramycin: a review of its antibacterial and pharmacokinetic properties and therapeutic use.	1976	Journal Article
1200524		Amikacin therapy for serious gram-negative bacillary infections.	1975	Journal Article
2661		The quantification of kanamycin ototoxicity in the rat using conditioned tone discrimination.	1975	Journal Article
1204792		The influence of pigmentation of rats and guinea-pigs on the ototoxicity of kanamycin and neomycin.	1975	Comparative Study
1202914		Ototoxicity of topically applied gentamicin using a statistical analysis of electrophysiological measurement.	1975	Journal Article
1207541		Ototoxicity of chloramphenicol ear drops with propylene glycol as solvent.	1975	Journal Article
1101761		Amikacin therapy for severe gram-negative sepsis. Emphasis on infections with gentamicin-resistant organisms.	1975	Case Reports
1130763		Treatment of surgical infections with tobramcin.	1975	Clinical Trial
1131123		Ototoxicity with children caused by streptomycin.	1975	Journal Article
1120003		Distribution of labeled chloroquine in the inner ear.	1975	Journal Article
1169743		Aspirin ototoxicity in the guinea pig.	1975	Journal Article
1089388		Permanent deafness associated with furosemide administration.	1975	Journal Article
4206128		Experience in monitoring gentamicin therapy during treatment of serious gram-negative sepsis.	1974	Journal Article
22454868		Prescribing aids for gentamicin.	1974	Journal Article
5035486		Cochlear inner and outer hair cells: functional differences.	1972	Journal Article
14261151		NALIDIXIC ACID (NEGGRAM) IN THE TREATMENT OF URINARY INFECTIONS.	1965	Journal Article
18732406		OTOTOXIC ANTIBIOTICS.	1961	Journal Article
13828609		Auditory thresholds in the rat measured by an operant technique.	1960	Journal Article
13316548		Neomycin in urinary tract infections; a clinical evaluation.	1956	Journal Article
41453918	10.1134/S0006297925602527	Suppressing Mitochondrial ROS Production is Beneficial in Multiple Preclinical Models of Human Disease.	2025	Journal Article
41046290	10.1186/s12974-025-03561-w	NLRP3 inflammasome and hearing loss: from mechanisms to therapies.	2025	Journal Article
39725872	10.1186/s10020-024-01040-1	Hearing modulation affects Alzheimer's disease progression linked to brain inflammation: a study in mouse models.	2024	Journal Article
38053543	10.1055/s-0043-1777069	Study on Screening Core Biomarkers of Noise and Drug-Induced Hearing Loss Based on Transcriptomics.	2023	Journal Article
35938679	10.1152/ajpcell.00453.2021	Hear the sounds: the role of G protein-coupled receptors in the cochlea.	2022	Journal Article
35923608	10.4102/sajhivmed.v23i1.1376	Rechallenge after anti-tuberculosis drug-induced liver injury in a high HIV prevalence cohort.	2022	Journal Article
34849158	10.3892/etm.2021.10965	Fasudil prevents neomycin-induced hair cell damage by inhibiting autophagy through the miR-489/NDP52 signaling pathway in HEI-OC1 cells.	2022	Journal Article
33849947	10.1523/JNEUROSCI.2672-20.2021	Nox3-Derived Superoxide in Cochleae Induces Sensorineural Hearing Loss.	2021	Journal Article
33200354	10.1007/s40272-020-00425-z	Drug-Induced Hearing Loss in Children: An Analysis of Spontaneous Reports in the French PharmacoVigilance Database.	2021	Journal Article
32411461	10.1155/2020/5907839	N-Acetyl Cysteine as an Adjunct in the Treatment of Tuberculosis.	2020	Journal Article
31593579	10.1371/journal.pone.0217951	Analysis of drug-induced hearing loss by using a spontaneous reporting system database.	2019	Journal Article
31328162	10.1126/sciadv.aaw1836	Inflammation up-regulates cochlear expression of TRPV1 to potentiate drug-induced hearing loss.	2019	Journal Article
30196524	10.1007/s12192-018-0938-6	Upregulation of HSP60 expression in the postnatal rat cochlea and rats with drug-induced hearing loss.	2018	Journal Article
29675997	10.1111/jnc.14451	Hearing vulnerability after noise exposure in a mouse model of reactive oxygen species overproduction.	2018	Journal Article
29740652	10.1039/c7bm01181d	Novel SS-31 modified liposomes for improved protective efficacy of minocycline against drug-induced hearing loss.	2018	Journal Article
28479141	10.1016/j.ejphar.2017.05.002	Neurodegenerative effects of azithromycin in differentiated PC12 cells.	2017	Journal Article
27578030	10.1016/j.jiac.2016.07.016	A case of falciparum malaria: Acute hearing loss as the initial symptom.	2017	Case Reports
25216807	10.1016/j.ijporl.2014.08.030	Middle and inner ear malformations in two siblings exposed to valproic acid during pregnancy: a case report.	2014	Case Reports
16021180		Caspase-independent pathways of hair cell death induced by kanamycin in vivo.	2006	Journal Article
15583443		Progressive bilateral sensorineural hearing loss induced by an antithyroid drug.	2004	Case Reports
9760072		Synchronous radiochemotherapy in unfavorable brain tumors of children and young adults.	1998	Clinical Trial
9119753		Reactive oxygen species in chick hair cells after gentamicin exposure in vitro.	1997	Journal Article
2705702		Auditory nerve and brain stem evoked response thresholds in infants treated with gentamicin as neonates.	1989	Journal Article
3428138		Acute cerebellar syndrome, conjunctivitis, and hearing loss associated with low-dose cytarabine administration.	1987	Case Reports
6337228		A controlled study of the reliability of pure tone audiometry for the detection of gentamicin auditory toxicity.	1983	Clinical Trial
7272895		Acute acoustic nerve palsy associated with vincristine therapy.	1981	Case Reports
7444978		Age-dependent sensitivity of the rat to neurotoxic effects of streptomycin.	1980	Journal Article
41103031	10.1016/j.ymthe.2025.10.032	Inhibiting ferroptosis in type I hair cells of the utricle might be a promising strategy for treating cisplatin-induced vestibulotoxicity.	2026	Journal Article
40879998	10.1007/s10162-025-01007-x	An Integrated System for Comprehensive Mouse Peripheral Vestibular Function Evaluation Based on Vestibulo-ocular Reflex.	2025	Journal Article
40198625	10.1371/journal.pone.0320634	Ptgds downregulation protect vestibular hair cells from aminoglycoside-induced vestibulotoxicity.	2025	Journal Article
39764513	10.3389/fnmol.2024.1487364	Characterization of 3,3'-iminodipropionitrile (IDPN) damaged utricle transcriptome in the adult mouse utricle.	2024	Journal Article
38476465	10.3389/fped.2024.1366074	Assessing long-term, vestibulotoxic side effects after gentamicin therapy in neonatal sepsis or infection using video head impulse test.	2024	Journal Article
38387448	10.1159/000537916	Preliminary Evidence for the Effects of Gentamicin on Vertical Semicircular Canals.	2024	Journal Article
36721588	10.7759/cureus.33133	Metronidazole-Induced Encephalopathy (MIE).	2022	Case Reports
32921181	10.1177/0145561320949482	Changes in Vestibular Function in Patients With Head-and-Neck Cancer Undergoing Chemoradiation.	2022	Journal Article
33753422	10.1136/ejhpharm-2020-002588	Tobramycin and vestibulotoxicity: retrospective analysis of four cases.	2022	Journal Article
33368220	10.1002/jcp.30228	Hair cell uptake of gentamicin in the developing mouse utricle.	2021	Journal Article
33422932	10.1016/j.biopha.2020.111185	Suppression of delayed rectifier K<sup>+</sup> channels by gentamicin induces membrane hyperexcitability through JNK and PKA signaling pathways in vestibular ganglion neurons.	2021	Journal Article
33633676	10.3389/fneur.2021.633356	Pre-habilitation Before Vestibular Schwannoma Surgery-Impact of Intratympanal Gentamicin Application on the Vestibulo-Ocular Reflex.	2021	Journal Article
32430772	10.1007/s00405-020-06033-4	Audiovestibular clinician experiences and opinions about cisplatin vestibulotoxicity.	2020	Journal Article
32569143	10.1097/MAO.0000000000002698	Gentamicin Vestibulotoxicity: Further Insights From a Large Clinical Series.	2020	Journal Article
31036991	10.1055/s-0039-1684043	Vestibular Toxicity: Causes, Evaluation Protocols, Intervention, and Management.	2019	Journal Article
29762076	10.1369/0022155418773746	The Degeneration of the Vestibular Efferent Neurons After Intratympanic Gentamicin Administration.	2018	Journal Article
30319960	10.3389/fonc.2018.00363	Vestibulotoxicity Associated With Platinum-Based Chemotherapy in Survivors of Cancer: A Scoping Review.	2018	Journal Article
28084995	10.5152/iao.2016.2181	Cochlear and Vestibular Effects of Combined Intratympanic Gentamicin and Dexamethasone.	2017	Journal Article
27725177	10.1016/j.heares.2016.10.003	Perilymph pharmacokinetics of locally-applied gentamicin in the guinea pig.	2016	Journal Article
27508140	10.1007/s12070-015-0949-x	Clinical Predictors of Streptomycin-Vestibulotoxicity.	2016	Journal Article
25793391	10.1371/journal.pone.0120612	Uptake of fluorescent gentamicin by peripheral vestibular cells after systemic administration.	2015	Journal Article
25436048	10.3342/ceo.2014.7.4.286	Protective effect of metformin on gentamicin-induced vestibulotoxicity in rat primary cell culture.	2014	Journal Article
25135244	10.1186/1745-6215-15-328	Intratympanic gentamicin treatment for Ménière's disease: a randomized, double-blind, placebo-controlled trial on dose efficacy - results of a prematurely ended study.	2014	Journal Article
24758923	10.3390/ijms15046757	Gentamicin blocks the ACh-induced BK current in guinea pig type II vestibular hair cells by competing with Ca²⁺ at the L-type calcium channel.	2014	Journal Article
24350407		Outcomes of MDR/XDR-TB patients treated with linezolid: experience in Thailand.	2013	Journal Article
23899413	10.1016/j.heares.2013.07.013	Gentamicin administration on the stapes footplate causes greater hearing loss and vestibulotoxicity than round window administration in guinea pigs.	2013	Journal Article
21625081	10.1159/000327256	Combined administration of kanamycin and furosemide does not result in loss of vestibular function in Guinea pigs.	2012	Journal Article
20814306	10.1097/MCP.0b013e32833eebfd	Aminoglycoside use in cystic fibrosis: therapeutic strategies and toxicity.	2010	Journal Article
20137805	10.1016/S0140-6736(09)61962-0	Antimicrobial treatment for early, limited Mycobacterium ulcerans infection: a randomised controlled trial.	2010	Journal Article
19896499	10.1016/j.neuro.2009.10.009	Assessment of gentamicin-induced vestibulotoxicity by click and galvanic vestibular-evoked myogenic potentials: a guinea pig investigation.	2010	Journal Article
19301415	10.1002/lary.20145	The effects of sound conditioning on gentamicin-induced vestibulocochlear toxicity in gerbils.	2009	Journal Article
19380701	10.1212/WNL.0b013e3181a18652	Horizontal head impulse test detects gentamicin vestibulotoxicity.	2009	Journal Article
18607923	10.1080/00016480801968534	Vestibulotoxicity as a consequence of systemically administered tobramycin in cystic fibrosis patients.	2009	Journal Article
19029517	10.1212/01.wnl.0000335971.43443.d9	Gentamicin vestibulotoxicity impairs human electrically evoked vestibulo-ocular reflex.	2008	Journal Article
18642321	10.1002/hed.20892	Role of proinflammatory cytokines in cisplatin-induced vestibular hair cell damage.	2008	Journal Article
18648019	10.1345/aph.1L001	Aminoglycoside-induced vestibular injury: maintaining a sense of balance.	2008	Journal Article
17416529		Aminoglycoside antibiotic derivatives: preparation and evaluation of toxicity on cochlea and vestibular tissues and antimicrobial activity.	2007	Journal Article
16626767		D-Methionine attenuated cisplatin-induced vestibulotoxicity through altering ATPase activities and oxidative stress in guinea pigs.	2006	Journal Article
16549744		Hearing loss in patients with vestibulotoxic reactions to gentamicin therapy.	2006	Journal Article
16021460		Intratympanic gentamicin in monolateral Meniere's disease: our experience.	2006	Journal Article
15742260		Vestibular cytotoxicity in gentamicin-treated frogs: a preliminary report.	2005	Journal Article
15475794		Effect of edaravone on streptomycin-induced vestibulotoxicity in the Guinea pig.	2004	Comparative Study
12833591		Comparative vestibulotoxicity of different aminoglycosides in the Guinea pigs.	2003	Comparative Study
12600698		Protective effect of edaravone against streptomycin-induced vestibulotoxicity in the guinea pig.	2003	Journal Article
11288217		Renal failure and vestibular toxicity in an adolescent with cystic fibrosis receiving gentamicin and standard-dose ibuprofen.	2001	Case Reports
11052245		Preliminary results of a new delivery system for gentamicin to the inner ear in patients with Meniere's disease.	2000	Journal Article
10908994		Round window gentamicin mu-catheter--a new therapeutic tool in Ménière's disease.	2000	Journal Article
10612521		Oscillopsia and pseudonystagmus in kidney transplant patients.	1999	Case Reports
10664709		Presumed reduction of vestibular function in unilateral Menière's disease with aminoglycoside eardrops.	1999	Case Reports
10400248		Involvement of nitric oxide in aminoglycoside vestibulotoxicity in guinea pigs.	1999	Journal Article
9807064		Kinetics of gentamicin uptake in the inner ear of Chinchilla langier after middle-ear administration in a sustained-release vehicle.	1998	Journal Article
9667495		Iron chelators protect from aminoglycoside-induced cochleo- and vestibulo-toxicity.	1998	Journal Article
9726669		Unilateral vestibulotoxicity due to systemic gentamicin therapy.	1998	Journal Article
9386244		Bilateral Meniere's disease. Treatment with intramuscular titration streptomycin sulfate.	1997	Journal Article
9390829		Early damage in the chinchilla vestibular sensory epithelium from carboplatin.	1997	Comparative Study
8583847		Quantitative study of vestibulotoxicity induced by gentamicin or cisplatin in the guinea pig.	1996	Journal Article
7620206		Intratympanic gentamicin treatment: preliminary results in two patients with Menière's disease.	1995	Case Reports
7970794		Gentamicin vestibulotoxicity.	1994	Journal Article
8022610		Pharmacologic labyrinthectomy.	1994	Journal Article
8483602		Is cis-platinum vestibulotoxic?	1993	Journal Article
2393560		The impact of different dosing regimens of the aminoglycosides netilmicin and amikacin on vestibulotoxicity in the guinea pig.	1990	Comparative Study
2735389		Perfusion of the inner ear with streptomycin.	1989	Case Reports
3124056		Active head-movement analysis of cisplatin-induced vestibulotoxicity.	1988	Comparative Study
3500381		A study of potential vestibulotoxic effects of once daily versus thrice daily administration of tobramycin.	1987	Clinical Trial
3496573		Clinical features of cisplatin vestibulotoxicity and hearing loss.	1987	Case Reports
3721202		Dizziness, falling, and fainting: differential diagnosis in the aged (Part II).	1986	Journal Article
6108671		Streptomycin-induced defects of the otoconial membrane.	1980	Journal Article
313972		Vestibulo-toxicity of tobramycin.	1979	Case Reports
311609		Gentamicin vestibulotoxicity. Long term disability.	1979	Case Reports
38883494	10.1007/s12070-024-04521-1	Role of Memantine in Limiting Cochleotoxicity in Rats.	2024	Journal Article
31523085		Cochleotoxicity and acute kidney injury secondary to parenteral gentamicin administration in a dog.	2019	Case Reports
27438868		Hearing and Vestibular Function After Preoperative Intratympanic Gentamicin Therapy for Vestibular Schwanomma as Part of Vestibular Prehab.	2016	Journal Article
24008307	10.1159/000351805	Preclinical and clinical studies of unrelieved aural fullness following intratympanic gentamicin injection in patients with intractable Ménière's disease.	2013	Journal Article
18274912	10.1080/00016480701558948	Comparisons of cochleotoxicity among three gentamicin compounds following intratympanic application.	2008	Comparative Study
16801404		Absence of cochleotoxicity measured by standard and high-frequency pure tone audiometry in a trial of once- versus three-times-daily tobramycin in cystic fibrosis patients.	2006	Journal Article
15377947		Transtympanic perfusion: indications and limitations.	2004	Comparative Study
15841993		Effects of middle ear application of Cipro HC Otic Suspension in an animal model.	2004	Journal Article
14710003		Long-term results after interval therapy with intratympanic gentamicin for Menière's disease.	2004	Journal Article
10713493		Cisplatin-induced apoptotic cell death in Mongolian gerbil cochlea.	2000	Journal Article
9112103		Co-administration of the neurotrophic ACTH(4-9) analogue, ORG 2766, may reduce the cochleotoxic effects of cisplatin.	1997	Comparative Study
2069370		Pharmacodynamic parameters and toxicity of netilmicin (6 milligrams/kilogram/day) given once daily or in three divided doses to cancer patients with urinary tract infection.	1991	Clinical Trial
2068914		Early ultrastructural effects of gentamicin cochleotoxicity.	1991	Journal Article
507791		Cochlear toxicity of butikacin (UK-18,892), a new semisynthetic aminoglycoside antibiotic, in guinea pigs.	1979	Comparative Study
39069664	10.1177/02692163241267152	A peripherally acting μ-opioid receptor antagonist for treating opioid-associated tinnitus: A case report.	2024	Case Reports
36090293	10.3389/fnins.2022.763855	Small molecule modulation of the large-conductance calcium-activated potassium channel suppresses salicylate-induced tinnitus in mice.	2022	Journal Article
38627042	10.1136/bcr-2024-260229	Serotonin syndrome presenting as acute dizziness with supine hypertension and orthostatic hypotension.	2024	Case Reports
28451647	10.1016/j.jacep.2016.02.015	Influence of Oral Progesterone Administration on Drug-Induced QT Interval Lengthening: A Randomized, Double-Blind, Placebo-Controlled Crossover Study.	2016	Journal Article
18591121		Drug-induced tardive syndromes.	1999	Journal Article
2311746		Ofloxacin in miliary tuberculosis.	1990	Case Reports
40571418	10.1136/bcr-2025-264904	Metronidazole-induced toxicity of the central and peripheral nervous system.	2025	Journal Article
40443861	10.1093/omcr/omaf024	Metronidazole's hidden impact: decoding cerebellar clues on MRI through a case report.	2025	Case Reports
38176752	10.1136/bcr-2023-256464	Medication-overuse headache overlapping with serotonin syndrome.	2024	Case Reports
36935113	10.1177/07482337231162762	Clinical manifestation score and characterization of cytokines and lymphocytes of dimethylacetamide-induced toxic hepatitis in spandex workers.	2023	Journal Article
33889537	10.5498/wjp.v11.i4.124	Chronic serotonin syndrome: A retrospective study.	2021	Journal Article
41339603	10.1007/s00018-025-05876-6	Nox3 expression and function in retinal ganglion cells and Amacrine cells.	2025	Journal Article
41089024	10.1039/d5cc04271b	Borophene nanosheets bearing antioxidative enzyme-like activities for protection against cisplatin-induced hearing loss.	2025	Journal Article
40684720	10.1016/j.heares.2025.109369	BRCA1 deficiency promotes DNA damage in cochlear hair cells with activation of ATM-p53 pathway independent of CHK2.	2025	Journal Article
40329138	10.1007/s12264-025-01406-3	A Novel Functional Method of Protector Screening for Zebrafish Lateral Line Hair Cells via the Acoustic Escape Response.	2025	Journal Article
40324675	10.1016/j.fct.2025.115513	FKBP51 protects hair cells of utricles from gentamicin-induced toxicity in vitro: possible relation to the activities of NF-κB signaling pathway.	2025	Journal Article
40719825	10.1096/fj.202402325RR	Modulating ATOH1 and POU4F3 Pathways to Enhance Hair Cell Regeneration and Inhibit Ferroptosis in Cochlear Support Cells.	2025	Journal Article
39573930	10.1002/advs.202407067	Programmable NIR Responsive Nanocomposite Enables Noninvasive Intratympanic Delivery of Dexamethasone to Reverse Cisplatin Induced Hearing Loss.	2025	Journal Article
39276841	10.1016/j.tox.2024.153938	Ferroptosis contributes to lead-induced cochlear spiral ganglion neurons injury.	2024	Journal Article
39227158	10.1523/JNEUROSCI.0132-24.2024	BRCA1 Promotes Repair of DNA Damage in Cochlear Hair Cells and Prevents Hearing Loss.	2024	Journal Article
38928015	10.3390/ijms25126305	ERK1/2 Inhibition via the Oral Administration of Tizaterkib Alleviates Noise-Induced Hearing Loss While Tempering down the Immune Response.	2024	Journal Article
38195246	10.1093/biolre/ioae003	Sodium thiosulfate does not protect ovarian reserve from cisplatin-induced gonadotoxicity†.	2024	Journal Article
38377931	10.1016/j.aquatox.2024.106865	Acidified water promotes silver-induced toxicity in zebrafish embryos.	2024	Journal Article
38225752	10.1002/advs.202305682	Personalized Porous Gelatin Methacryloyl Sustained-Release Nicotinamide Protects Against Noise-Induced Hearing Loss.	2024	Journal Article
37100013	10.1016/j.biopha.2023.114704	Piceatannol protects against age-related hearing loss by inhibiting cellular pyroptosis and inflammation through regulated Caspase11-GSDMD pathway.	2023	Journal Article
37026784	10.1097/MAO.0000000000003867	Cytotoxicity of Tetracyclines in Human Tympanic Membrane Fibroblasts.	2023	Journal Article
37529927	10.2217/nnm-2023-0092	Pharmaceutical characterization of probucol bile acid-lithocholic acid nanoparticles to prevent chronic hearing related and similar cellular oxidative stress pathologies.	2023	Journal Article
37031766	10.1016/j.jneumeth.2023.109852	Neomycin-induced deafness in neonatal mice.	2023	Journal Article
37108749	10.3390/ijms24087585	Cisplatin in Ovarian Cancer Treatment-Known Limitations in Therapy Force New Solutions.	2023	Journal Article
36697994	10.1007/s13311-022-01336-2	Anti-inflammatory Therapy Protects Spiral Ganglion Neurons After Aminoglycoside Antibiotic-Induced Hair Cell Loss.	2023	Journal Article
35305848	10.1016/j.anl.2022.03.009	Effects of salicylate derivatives on localization of p.H723R allele product of SLC26A4.	2022	Journal Article
35716551	10.1016/j.jinorgbio.2022.111901	Metformin attenuates cadmium-induced degeneration of spiral ganglion neuron via restoring autophagic flux in primary culture.	2022	Journal Article
35378622	10.1007/s10162-022-00843-5	Effect of Selective Carboplatin-Induced Inner Hair Cell Loss on Temporal Integration in Chinchillas.	2022	Journal Article
34954246	10.1016/j.toxlet.2021.12.012	Methylmercury-induced hair cell loss requires hydrogen peroxide production and leukocytes in zebrafish embryos.	2022	Journal Article
34801666	10.1016/j.freeradbiomed.2021.11.020	Nitric oxide protects against cochlear hair cell damage and noise-induced hearing loss through glucose metabolic reprogramming.	2022	Journal Article
34861207	10.1016/j.ejphar.2021.174662	Cisplatin induces damage of auditory cells: Possible relation with dynamic variation in calcium homeostasis and responding channels.	2022	Journal Article
34146985	10.1016/j.ecoenv.2021.112423	2,2',4,4'-Tetrabromodiphenyl ether (BDE-47) activates Aryl hydrocarbon receptor (AhR) mediated ROS and NLRP3 inflammasome/p38 MAPK pathway inducing necrosis in cochlear hair cells.	2021	Journal Article
34169429	10.1007/s11596-021-2376-4	SOD2 Alleviates Hearing Loss Induced by Noise and Kanamycin in Mitochondrial DNA4834-deficient Rats by Regulating PI3K/MAPK Signaling.	2021	Journal Article
34070066	10.3390/ijms22105307	Effects of Androgen Receptor Inhibition on Kanamycin-Induced Hearing Loss in Rats.	2021	Journal Article
33422722	10.1016/j.heares.2020.108161	Signaling pathways (Notch, Wnt, Bmp and Fgf) have additive effects on hair cell regeneration in the chick basilar papilla after streptomycin injury in vitro: Additive effects of signaling pathways on hair cell regeneration.	2021	Journal Article
33351563	10.1097/MAO.0000000000002948	Cool OtOprotective Ear Lumen (COOL) Therapy for Cisplatin-induced Hearing Loss.	2021	Journal Article
33373328	10.1172/jci.insight.142572	Trk agonist drugs rescue noise-induced hidden hearing loss.	2021	Journal Article
33249295	10.1016/j.aquatox.2020.105703	Vincristine exposure impairs skin keratinocytes, ionocytes, and lateral-line hair cells in developing zebrafish embryos.	2021	Journal Article
32612358	10.2147/IJN.S245188	Artemisinin Loaded mPEG-PCL Nanoparticle Based Photosensitive Gelatin Methacrylate Hydrogels for the Treatment of Gentamicin Induced Hearing Loss.	2020	Journal Article
32234638	10.1016/j.heares.2020.107953	Cellular origin and response of flat epithelium in the vestibular end organs of mice to Atoh1 overexpression.	2020	Journal Article
32061715	10.1016/j.neulet.2020.134838	Tauroursodeoxycholic acid attenuates cisplatin-induced hearing loss in rats.	2020	Journal Article
31945692	10.1016/j.heares.2019.107880	Novel oral multifunctional antioxidant prevents noise-induced hearing loss and hair cell loss.	2020	Journal Article
31800572	10.1371/journal.pone.0223954	The novel aminoglycoside, ELX-02, permits CTNSW138X translational read-through and restores lysosomal cystine efflux in cystinosis.	2019	Journal Article
31260825	10.1016/j.aquatox.2019.105236	Exposure to cadmium causes inhibition of otolith development and behavioral impairment in zebrafish larvae.	2019	Journal Article
30991096	10.1016/j.toxlet.2019.04.016	Salidroside protects inner ear hair cells and spiral ganglion neurons from manganese exposure by regulating ROS levels and inhibiting apoptosis.	2019	Journal Article
30693443	10.1007/s12035-019-1493-6	ROS-Induced Activation of DNA Damage Responses Drives Senescence-Like State in Postmitotic Cochlear Cells: Implication for Hearing Preservation.	2019	Journal Article
30612335	10.1007/s12035-018-1460-7	Amyloid Precursor Protein Mediates Neuronal Protection from Rotenone Toxicity.	2019	Journal Article
31324869	10.1038/s41598-019-47051-5	Transcriptomic analysis of mouse cochleae suffering from gentamicin damage reveals the signalling pathways involved in hair cell regeneration.	2019	Journal Article
31083995	10.1021/acs.jmedchem.8b01325	Design, Synthesis, and Biological Evaluation of a New Series of Carvedilol Derivatives That Protect Sensory Hair Cells from Aminoglycoside-Induced Damage by Blocking the Mechanoelectrical Transducer Channel.	2019	Journal Article
31217747	10.1155/2019/7915730	Rosiglitazone Improves Glucocorticoid Resistance in a Sudden Sensorineural Hearing Loss by Promoting MAP Kinase Phosphatase-1 Expression.	2019	Journal Article
30870364	10.1097/MAO.0000000000002108	Long-Term Follow-Up of Intratympanic Methylprednisolone Versus Gentamicin in Patients With Unilateral Menière's Disease.	2019	Journal Article
30640074	10.1016/j.alcohol.2018.07.008	In vivo assay of the ethanol-induced embryonic hair cell loss and the protective role of the retinoic and folic acid in zebrafish larvae (Danio rerio).	2019	Journal Article
30570608	10.1097/MAO.0000000000002088	SENS-401 Effectively Reduces Severe Acoustic Trauma-Induced Hearing Loss in Male Rats With Twice Daily Administration Delayed up to 96 hours.	2019	Journal Article
30596476	10.7554/eLife.38062	Cumulative mitochondrial activity correlates with ototoxin susceptibility in zebrafish mechanosensory hair cells.	2018	Journal Article
30189620	10.3390/cancers10090311	Insonation of Systemically Delivered Cisplatin-Loaded Microbubbles Significantly Attenuates Nephrotoxicity of Chemotherapy in Experimental Models of Head and Neck Cancer.	2018	Journal Article
30015958	10.3892/mmr.2018.9266	Inhibitory effect of timolol on topical glucocorticoid‑induced skin telangiectasia.	2018	Journal Article
28781154	10.1016/j.anl.2017.07.006	Oral administration of geranylgeranylacetone to protect vestibular hair cells.	2018	Journal Article
29514916	10.1084/jem.20172246	CDK2 inhibitors as candidate therapeutics for cisplatin- and noise-induced hearing loss.	2018	Journal Article
29395614	10.1016/j.heares.2018.01.004	Transcriptomic analysis of chicken cochleae after gentamicin damage and the involvement of four signaling pathways (Notch, FGF, Wnt and BMP) in hair cell regeneration.	2018	Journal Article
29330026	10.1016/j.ntt.2018.01.003	Sound shock response in larval zebrafish: A convenient and high-throughput assessment of auditory function.	2018	Journal Article
28274503	10.1016/j.anl.2017.02.001	Protective effect of an astaxanthin nanoemulsion against neomycin-induced hair-cell damage in zebrafish.	2018	Journal Article
28650045	10.1039/c7bm00224f	Targeted delivery of geranylgeranylacetone to mitochondria by triphenylphosphonium modified nanoparticles: a promising strategy to prevent aminoglycoside-induced hearing loss.	2017	Journal Article
28853245	10.1117/1.JBO.22.8.088001	Treatment of peripheral vestibular dysfunction using photobiomodulation.	2017	Journal Article
28384320	10.1371/journal.pone.0175236	Direct administration of 2-Hydroxypropyl-Beta-Cyclodextrin into guinea pig cochleae: Effects on physiological and histological measurements.	2017	Journal Article
27400677	10.1002/jnr.23824	Structural changes in the inner ear over time studied in the experimentally deafened guinea pig.	2017	Journal Article
27846039	10.1097/MAO.0000000000001276	Activation of IGF1 Signaling in the Cochlea Induces the Transcription of Its Mediators During the Protection of Cochlear Hair Cells Against Aminoglycoside.	2017	Journal Article
28968134	10.1080/15548627.2017.1359449	Autophagy protects auditory hair cells against neomycin-induced damage.	2017	Journal Article
28889125	10.1159/000479218	Brimonidine Protects Auditory Hair Cells from in vitro-Induced Toxicity of Gentamicin.	2017	Journal Article
28033296	10.1097/MD.0000000000005767	Intratympanic steroids injection is effective for the treatment of drop attacks with Ménière's disease and delayed endolymphatic hydrops: A retrospective study.	2016	Journal Article
27787949	10.1111/jnc.13880	Pasireotide prevents nuclear factor of activated T cells nuclear translocation and acts as a protective agent in aminoglycoside-induced auditory hair cell loss.	2016	Journal Article
27717895	10.1016/j.heares.2016.10.001	Quercetin protects against hair cell loss in the zebrafish lateral line and guinea pig cochlea.	2016	Journal Article
27607577	10.1038/cddis.2016.246	MiR-182-5p protects inner ear hair cells from cisplatin-induced apoptosis by inhibiting FOXO3a.	2016	Journal Article
27324827	10.1016/j.jinorgbio.2016.06.012	Chemical basis for the detoxification of cisplatin-derived hydrolysis products by sodium thiosulfate.	2016	Journal Article
27026730	10.1177/0194599816639297	Effects of Memantine on Aminoglycoside-Induced Apoptosis of Spiral Ganglion Cells in Guinea Pigs.	2016	Journal Article
26502298	10.1002/cne.23918	Neomycin damage and regeneration of hair cells in both mechanoreceptor and electroreceptor lateral line organs of the larval Siberian sturgeon (Acipenser baerii).	2016	Journal Article
26718602	10.1016/j.neuroscience.2015.12.031	Prevention of trauma-induced cochlear fibrosis using intracochlear application of anti-inflammatory and antiproliferative drugs.	2016	Journal Article
26688175	10.1016/j.heares.2015.12.001	Hair cell regeneration or the expression of related factors that regulate the fate specification of supporting cells in the cochlear ducts of embryonic and posthatch chickens.	2016	Comparative Study
27957345		Protective Effect of Edaravone on Glutamate-Induced Neurotoxicity in Spiral Ganglion Neurons.	2016	Journal Article
26528886	10.1016/j.neuroscience.2015.10.050	Gentamicin alters Akt-expression and its activation in the guinea pig cochlea.	2015	Journal Article
26561773	10.1016/j.freeradbiomed.2015.11.007	Ecabet sodium alleviates neomycin-induced hair cell damage.	2015	Journal Article
26477751	10.1039/c5mt00226e	Quantitative imaging of platinum based on laser ablation-inductively coupled plasma-mass spectrometry to investigate toxic side effects of cisplatin.	2015	Journal Article
26219586	10.1016/j.ntt.2015.07.004	Assessment of D-methionine protecting cisplatin-induced otolith toxicity by vestibular-evoked myogenic potential tests, ATPase activities and oxidative state in guinea pigs.	2015	Journal Article
25999718	10.2147/IJN.S77912	A single dose of dexamethasone encapsulated in polyethylene glycol-coated polylactic acid nanoparticles attenuates cisplatin-induced hearing loss following round window membrane administration.	2015	Journal Article
25875282	10.1371/journal.pone.0124301	Attenuation of progressive hearing loss in DBA/2J mice by reagents that affect epigenetic modifications is associated with up-regulation of the zinc importer Zip4.	2015	Journal Article
25356760	10.1097/MAO.0000000000000634	Local delivery of brain-derived neurotrophic factor on the perforated round window membrane in Guinea pigs: a possible clinical application.	2015	Journal Article
25687728	10.1097/MAO.0000000000000487	Identification of small molecule inhibitors of cisplatin-induced hair cell death: results of a 10,000 compound screen in the zebrafish lateral line.	2015	Journal Article
25576788	10.1016/j.heares.2014.12.011	Morphological and morphometric characterization of direct transdifferentiation of support cells into hair cells in ototoxin-exposed neonatal utricular explants.	2015	Journal Article
26372952	10.1159/000438918	Metformin Protects Auditory Hair Cells from Gentamicin-Induced Toxicity in vitro.	2015	Journal Article
25871611	10.1159/000374000	Cochlear NMDA receptors as a therapeutic target of noise-induced tinnitus.	2015	Journal Article
25403399	10.1007/s10517-014-2692-9	Effect of gentamicin on the auditory analyzer in sexually immature animals.	2014	Journal Article
25100553	10.1097/WNR.0000000000000241	pRb phosphorylation regulates the proliferation of supporting cells in gentamicin-damaged neonatal avian utricle.	2014	Journal Article
25268135	10.1371/journal.pone.0108146	Role of somatostatin receptor-2 in gentamicin-induced auditory hair cell loss in the Mammalian inner ear.	2014	Journal Article
25253857	10.1523/JNEUROSCI.1014-14.2014	Postnatal expression of neurotrophic factors accessible to spiral ganglion neurons in the auditory system of adult hearing and deafened rats.	2014	Journal Article
24993301	10.1016/j.neulet.2014.06.042	The role of RIP3 mediated necroptosis in ouabain-induced spiral ganglion neurons injuries.	2014	Journal Article
24587875	10.3342/ceo.2014.7.1.13	Protective effect of hexane and ethanol extract of piper longum L. On gentamicin-induced hair cell loss in neonatal cultures.	2014	Journal Article
24153022	10.3851/IMP2693	Safety of cidofovir by intratympanic delivery technique.	2014	Journal Article
24021919	10.1016/j.neuroscience.2013.08.059	Inner ear insult ablates the arousal response to hypoxia and hypercarbia.	2013	Journal Article
24144481	10.1016/j.neuro.2013.10.002	Lead exposure results in hearing loss and disruption of the cochlear blood-labyrinth barrier and the protective role of iron supplement.	2013	Journal Article
24141260	10.1038/srep02996	Cotransfection of Pax2 and Math1 promote in situ cochlear hair cell regeneration after neomycin insult.	2013	Journal Article
24122981		Saving ears and kidneys from cisplatin.	2013	Journal Article
24032567	10.3109/00016489.2013.799777	Therapeutic effect of adeno-associated virus (AAV)-mediated ADNF-9 expression on cochlea of kanamycin-deafened guinea pigs.	2013	Comparative Study
23821348	10.1007/s10162-013-0404-1	Bax, Bcl2, and p53 differentially regulate neomycin- and gentamicin-induced hair cell death in the zebrafish lateral line.	2013	Journal Article
23747541	10.1016/j.heares.2013.05.010	Uptake mechanism of furosemide-loaded pegylated nanoparticles by cochlear cell lines.	2013	Journal Article
23511189	10.1016/j.mcn.2013.03.003	Insulin-like growth factor 1 inhibits hair cell apoptosis and promotes the cell cycle of supporting cells by activating different downstream cascades after pharmacological hair cell injury in neonatal mice.	2013	Journal Article
23069009	10.1016/j.etp.2012.09.006	High doses of cobalt induce optic and auditory neuropathy.	2013	Journal Article
23811456		A model portraying experimental loss of hair cell: the use of distortion product otoacoustic emission in the assessment of rat's ear.	2013	Journal Article
23886424	10.3766/jaaa.24.6.3	Reduction in impulse noise-induced permanent threshold shift with intracochlear application of an NADPH oxidase inhibitor.	2013	Journal Article
23467357	10.1523/JNEUROSCI.3940-12.2013	Functional mechanotransduction is required for cisplatin-induced hair cell death in the zebrafish lateral line.	2013	Journal Article
23429295	10.1038/cddis.2013.33	A combination of cilostazol and Ginkgo biloba extract protects against cisplatin-induced Cochleo-vestibular dysfunction by inhibiting the mitochondrial apoptotic and ERK pathways.	2013	Journal Article
23444481		"In-bone" utricle cultures--a simplified, atraumatic technique for in situ cultures of the adult mouse (Mus musculus) utricle.	2013	Journal Article
23050670	10.3109/00016489.2012.720029	Migration and differentiation of mouse embryonic stem cells transplanted into mature cochlea of rats with aminoglycoside-induced hearing loss.	2013	Comparative Study
23069749	10.1016/j.neuroscience.2012.10.004	α2-adrenergic receptors in spiral ganglion neurons may mediate protective effects of brimonidine and yohimbine against glutamate and hydrogen peroxide toxicity.	2013	Journal Article
24192668	10.1159/000355283	Gentamicin concentration gradients in scala tympani perilymph following systemic applications.	2013	Journal Article
23901169	10.4103/0250-474X.113540	Viability of Human Melanocytes HEMa-LP Exposed to Amikacin and Kanamycin.	2013	Journal Article
23053627	10.1007/s10162-012-0353-0	Quinoline ring derivatives protect against aminoglycoside-induced hair cell death in the zebrafish lateral line.	2012	Journal Article
22967486	10.1016/j.heares.2012.08.002	Screen of FDA-approved drug library reveals compounds that protect hair cells from aminoglycosides and cisplatin.	2012	Journal Article
23100416	10.1523/JNEUROSCI.1588-12.2012	Metalloproteinases and their associated genes contribute to the functional integrity and noise-induced damage in the cochlear sensory epithelium.	2012	Journal Article
22796517	10.1016/j.pharmthera.2012.07.003	Subcellular targets of cisplatin cytotoxicity: an integrated view.	2012	Journal Article
22546275	10.1016/j.toxlet.2012.04.010	Vestibular toxicity of cis-2-pentenenitrile in the rat.	2012	Journal Article
22580201	10.1016/j.neulet.2012.04.057	The effects of A1 and A2A adenosine receptor agonists on kainic acid excitotoxicity in the guinea pig cochlea.	2012	Journal Article
21590781	10.1002/jat.1691	Ultrastructural effects of cisplatin on the inner ear and lateral line system of zebrafish (Danio rerio) larvae.	2012	Journal Article
22085972	10.1159/000333251	Apoptosis-inducing factor is involved in gentamicin-induced vestibular hair cell death.	2012	Comparative Study
22420430		Frequency perception and cell injury in the semicircular canal caused by gentamicin.	2011	Journal Article
21906667	10.1016/j.heares.2011.08.011	Acute effects of gentamicin on the ionic currents of semicircular canal hair cells in the frog.	2011	Journal Article
21810458	10.1016/j.heares.2011.07.007	Fucoidan promotes mechanosensory hair cell regeneration following amino glycoside-induced cell death.	2011	Journal Article
22082490	10.1186/1471-2202-12-114	Simvastatin protects auditory hair cells from gentamicin-induced toxicity and activates Akt signaling in vitro.	2011	Journal Article
22183279		Cisplatin effects on guinea pigs: cochlear histology and genotoxicity.	2011	Journal Article
22080994	10.1179/1743132810Y.0000000027	L-cysteine attenuates peroxynitrite-elicited cytotoxicity to spiral ganglion neurons: possible relation to hearing loss.	2011	Journal Article
22031879	10.1523/JNEUROSCI.2057-11.2011	Inhibition of Notch activity promotes nonmitotic regeneration of hair cells in the adult mouse utricles.	2011	Journal Article
21957099	10.1242/jeb.052894	Role of the lateral line mechanosensory system in directionality of goldfish auditory evoked escape response.	2011	Journal Article
21571041	10.1016/j.neuroscience.2011.04.061	Dexamethasone treatment of tumor necrosis factor-alpha challenged organ of Corti explants activates nuclear factor kappa B signaling that induces changes in gene expression that favor hair cell survival.	2011	Journal Article
21796931		Interaction of amikacin and tobramycin with melanin in the presence of Cu2+ and Zn2+ ions.	2011	Journal Article
21503676	10.1007/s11010-011-0798-1	Blocking caspase-3-dependent pathway preserves hair cells from salicylate-induced apoptosis in the guinea pig cochlea.	2011	Journal Article
21557227	10.1002/lary.21551	Adipose tissue-derived stromal cells protect hair cells from aminoglycoside.	2011	Journal Article
21477330	10.1186/1742-2094-8-30	Expression of tumor necrosis factor-α and interleukin-1β genes in the cochlea and inferior colliculus in salicylate-induced tinnitus.	2011	Journal Article
21366571	10.1111/j.1095-8649.2010.02887.x	Oxytetracycline hydrochloride vital labelling revisited: the case of Dicentrarchus labrax and Diplodus puntazzo.	2011	Journal Article
21463565	10.3766/jaaa.22.2.5	Differential effects of salicylate, quinine, and furosemide on Guinea pig inner and outer hair cell function revealed by the input-output relation of the auditory brainstem response.	2011	Comparative Study
22272115	10.3390/ijms12128982	Lycium barbarum polysaccharides attenuate cisplatin-induced hair cell loss in rat cochlear organotypic cultures.	2011	Journal Article
21099726	10.1097/MAO.0b013e3182009d29	OTO-104: a sustained-release dexamethasone hydrogel for the treatment of otic disorders.	2011	Journal Article
20869986	10.1016/j.neuro.2010.09.003	Curcumin attenuates peroxynitrite-induced neurotoxicity in spiral ganglion neurons.	2011	Comparative Study
20396870	10.1007/s00204-010-0543-7	Perinatal cisplatin exposure induces cochlear apoptosis in newborn guinea pigs.	2011	Journal Article
20816720	10.1016/j.tox.2010.08.014	Prediction of soman-induced cerebral damage by distortion product otoacoustic emissions.	2010	Comparative Study
20544827	10.1002/jnr.22449	Corticotropin-releasing factor-2 activation prevents gentamicin-induced oxidative stress in cells derived from the inner ear.	2010	Journal Article
20556589	10.1007/s11596-010-0364-1	Neurotoxicity of quinolinic acid to spiral ganglion cells in rats.	2010	Journal Article
20082569	10.3109/00016480903428200	Gentamicin-induced spiral ganglion cell death: apoptosis mediated by ROS and the JNK signaling pathway.	2010	Journal Article
20202466	10.1016/j.brainres.2010.02.058	Time sequence of auditory nerve and spiral ganglion cell degeneration following chronic kanamycin-induced deafness in the guinea pig.	2010	Journal Article
19937094	10.1007/s11095-009-0003-3	Kaempferol suppresses cisplatin-induced apoptosis via inductions of heme oxygenase-1 and glutamate-cysteine ligase catalytic subunit in HEI-OC1 cell.	2010	Comparative Study
19715747	10.1016/j.heares.2009.08.008	Mechanisms of rapid sensory hair-cell death following co-administration of gentamicin and ethacrynic acid.	2010	Journal Article
19449223	10.3109/00016480902896147	Effects of MRI contrast agents (Omniscan) on vestibular end organs.	2010	Journal Article
19922082	10.3109/00016480902856604	Effectiveness of different approaches for establishing cisplatin-induced cochlear lesions in mice.	2009	Comparative Study
19688848	10.1002/lary.20602	Hepatocyte growth factor protects auditory hair cells from aminoglycosides.	2009	Journal Article
19435600	10.1016/j.heares.2009.05.001	Central auditory plasticity after carboplatin-induced unilateral inner ear damage in the chinchilla: up-regulation of GAP-43 in the ventral cochlear nucleus.	2009	Journal Article
19515954	10.1152/jn.00288.2009	Regulated expression of surface AMPA receptors reduces excitotoxicity in auditory neurons.	2009	Journal Article
19318119	10.1016/j.neuroscience.2009.02.085	Generation of highly-reactive oxygen species is closely related to hair cell damage in rat organ of Corti treated with gentamicin.	2009	Journal Article
19255807	10.1007/s10162-009-0160-4	Trafficking of systemic fluorescent gentamicin into the cochlea and hair cells.	2009	Journal Article
19294753	10.1002/lary.20058	Somatostatin and gentamicin-induced auditory hair cell loss.	2009	Journal Article
19286452	10.1016/j.heares.2009.03.003	Ebselen attenuates cisplatin-induced ROS generation through Nrf2 activation in auditory cells.	2009	Journal Article
19244277	10.1093/toxsci/kfp043	Neurovestibular toxicities of acrylonitrile and iminodipropionitrile in rats: a comparative evaluation of putative mechanisms and target sites.	2009	Comparative Study
19336890		High-dosage pyridoxine-induced auditory neuropathy and protection with coffee in mice.	2009	Journal Article
18606508	10.1016/j.anl.2008.05.005	Salicylate-induced morphological changes of isolated inner hair cells and outer hair cells from guinea-pig cochlea.	2009	Journal Article
19101043	10.1016/j.ijporl.2008.10.028	The expression of NOB1 in spiral ganglion cells of guinea pig.	2009	Journal Article
18607956	10.1080/00016480802032835	Changes in transient receptor potential vanilloid (TRPV) 1, 2, 3 and 4 expression in mouse inner ear following gentamicin challenge.	2009	Journal Article
18607918	10.1080/00016480802043949	Delayed electrical stimulation and BDNF application following induced deafness in rats.	2009	Journal Article
19655411		Protective effect of ursolic acid from Cornus officinalis on the hydrogen peroxide-induced damage of HEI-OC1 auditory cells.	2009	Journal Article
18812694	10.1159/000156701	Vestibular evoked myogenic potentials are heavily dependent on type I hair cell activity of the saccular macula in guinea pigs.	2009	Journal Article
18833534		Resveratrol protects auditory hair cells from gentamicin toxicity.	2008	Journal Article
18827368		High dosage sildenafil induces hearing impairment in mice.	2008	Journal Article
18758324	10.1097/MLG.0b013e31817c1303	Secondary apoptosis of spiral ganglion cells induced by aminoglycoside: Fas-Fas ligand signaling pathway.	2008	Comparative Study
18496154	10.1097/MLG.0b013e3181739bd9	Gentamicin increases nitric oxide production and induces hearing loss in guinea pigs.	2008	Journal Article
18403086	10.1016/j.tox.2008.03.004	Adenoviral-mediated up-regulation of Otos, a novel specific cochlear gene, decreases cisplatin-induced apoptosis of cultured spiral ligament fibrocytes via MAPK/mitochondrial pathway.	2008	Journal Article
18487027	10.1016/j.heares.2008.03.003	Comparison of activated caspase detection methods in the gentamicin-treated chick cochlea.	2008	Comparative Study
18157569		Sox2 and JAGGED1 expression in normal and drug-damaged adult mouse inner ear.	2008	Journal Article
18057986		Rapid hair cell loss: a mouse model for cochlear lesions.	2008	Journal Article
17890859		Zinc protection against pneumolysin toxicity on rat cochlear hair cells.	2008	Journal Article
17899270		Gentamicin is primarily localized in vestibular type I hair cells after intratympanic administration.	2007	Journal Article
17884185		Long-term effects of chemotherapy for acute lymphoblastic leukemia on the medial olivocochlear bundle: effects of different cumulative doses of gentamicin.	2007	Journal Article
17640851		Ethanolic extract from Hemidesmus indicus (Linn) displays otoprotectant activities on organotypic cultures without interfering on gentamicin uptake.	2007	Journal Article
17882566		Insulin-like growth factor binding protein (IGFBP)-mediated hair cell survival on the mouse utricle exposed to neomycin: the roles of IGFBP-4 and IGFBP-5.	2007	Journal Article
17716843		Closure of supporting cell scar formations requires dynamic actin mechanisms.	2007	Journal Article
17418561		Piperine protects cisplatin-induced apoptosis via heme oxygenase-1 induction in auditory cells.	2007	Journal Article
17394157		Ultrastructural analysis of aminoglycoside-induced hair cell death in the zebrafish lateral line reveals an early mitochondrial response.	2007	Journal Article
17453466		Effects of selective cochlear toxicity and vestibular deafferentation on vestibular evoked myogenic potentials in guinea pigs.	2007	Journal Article
17443814		Regeneration in zebrafish lateral line neuromasts: expression of the neural progenitor cell marker sox2 and proliferation-dependent and-independent mechanisms of hair cell renewal.	2007	Journal Article
17351334		Cell division and maintenance of epithelial integrity in the deafened auditory epithelium.	2007	Comparative Study
17309521		Protective effect of hydrocortisone on iminodipropionitrile-induced neurotoxicity in rats.	2007	Journal Article
17198689		Electrophysiological correlates of progressive sensorineural pathology in carboplatin-treated chinchillas.	2007	Journal Article
17222524		Oxidative stress pathways in the potentiation of noise-induced hearing loss by acrylonitrile.	2007	Journal Article
17109855		Edaravone protects the vestibular periphery from free radical-induced toxicity in response to perilymphatic application of (+/-)-alpha-amino-3-hydroxy-5-methyl-isoxazole-4-propionic acid.	2007	Journal Article
18301716	10.1155/2007/80904	Blockade of cochlear NMDA receptors prevents long-term tinnitus during a brief consolidation window after acoustic trauma.	2007	Journal Article
17259704		Effects of a single high dose of cisplatin on the melanocytes of the stria vascularis in the guinea pig.	2007	Journal Article
17158006		Does erythropoietin augment noise induced hearing loss?	2007	Journal Article
17085952		Vector-mediated delivery of bcl-2 prevents degeneration of auditory hair cells and neurons after injury.	2007	Journal Article
17023056		Neurotoxicity of vincristine on the medial olivocochlear bundle.	2007	Journal Article
17010622		Effect of melanin on netilmicin-induced inhibition of collagen biosynthesis in human skin fibroblasts.	2006	Journal Article
17053865		A PI3K pathway mediates hair cell survival and opposes gentamicin toxicity in neonatal rat organ of Corti.	2006	Journal Article
16698207		Protective effect of Rehmannia glutinosa on the cisplatin-induced damage of HEI-OC1 auditory cells through scavenging free radicals.	2006	Journal Article
16957595		Reduction of inhibition in the inferior colliculus after inner hair cell loss.	2006	Comparative Study
16485034		Flunarizine induces Nrf2-mediated transcriptional activation of heme oxygenase-1 in protection of auditory cells from cisplatin.	2006	Journal Article
16528495		Gentamicin abolishes all cochlear effects of electrical stimulation of the inferior colliculus.	2006	Journal Article
16781097		A comparison of dehydration effects of V2-antagonist (OPC-31260) on the inner ear between systemic and round window applications.	2006	Comparative Study
16764839		Recovery of hair cell function after damage induced by gentamicin in organ culture of rat vestibular maculae.	2006	Journal Article
16819189		Effects of piracetam supplementation on cochlear damage occurring in guinea pigs exposed to irradiation.	2006	Journal Article
16805979		Cochlear function after selective spiral ganglion cells degeneration induced by ouabain.	2006	Journal Article
16521128		Rac/Rho pathway regulates actin depolymerization induced by aminoglycoside antibiotics.	2006	Journal Article
16698693		Brain-derived neurotrophic factor treatment does not improve functional recovery after hair cell regeneration in the pigeon.	2006	Journal Article
16150883		Behavioral and pathological effects in the rat define two groups of neurotoxic nitriles.	2005	Comparative Study
15953529		Disruption and restoration of cell-cell junctions in mouse vestibular epithelia following aminoglycoside treatment.	2005	Journal Article
15858407		Serofendic acid promotes survival of auditory hair cells and neurons of mice.	2005	Journal Article
15823802		Cochlear hair cell loss in single-dose versus continuous round window administration of gentamicin.	2005	Comparative Study
15717301		Hair cell regeneration in sensory epithelia from the inner ear of a urodele amphibian.	2005	Journal Article
16028669		Hepatotoxicity of combined treatment with cisplatin and gentamicin in the guinea pig.	2005	Journal Article
15720143		Ternary complexes of gentamicin with iron and lipid catalyze formation of reactive oxygen species.	2005	Journal Article
15456806		Effects of intratympanic gentamicin on vestibular afferents and hair cells in the chinchilla.	2005	Comparative Study
16374060		Isosorbide delays gentamicin-induced vestibular sensory cell death.	2005	Journal Article
15768804		Role of reactive radicals in degeneration of the auditory system of mice following cisplatin treatment.	2004	Journal Article
15388249		Localization of substance P gene expression for evaluating protective countermeasures against sulfur mustard.	2004	Comparative Study
15389694		Critical signaling events during the aminoglycoside-induced death of sensory hair cells in vitro.	2004	Comparative Study
15464296		RNA expression induced by cisplatin in an organ of Corti-derived immortalized cell line.	2004	Journal Article
15492889		Posture, head stability, and orientation recovery during vestibular regeneration in pigeons.	2004	Journal Article
15232290		A novel animal model of acute cochlear mitochondrial dysfunction.	2004	Comparative Study
15157964		Round window gentamicin application: an inner ear hair cell damage protocol for the mouse.	2004	Journal Article
15224876		(-)-Epigallocatechin-3-gallate protects cultured spiral ganglion cells from H2O2-induced oxidizing damage.	2004	Journal Article
15033382		The clinical free radical scavenger, edaravone, protects cochlear hair cells from acoustic trauma.	2004	Journal Article
15078083		Signaling pathway for apoptosis of vestibular hair cells of mice due to aminoglycosides.	2004	Journal Article
15078076		A fine method of evaluating the physiological function of vestibular hair cells.	2004	Journal Article
14750159		Electron microscopy of degenerative changes in the chick basilar papilla after gentamicin exposure.	2004	Journal Article
15316230		Mechanisms of apoptosis induced by cisplatin in marginal cells in mouse stria vascularis.	2004	Journal Article
14724494		Functional and anatomic alterations in the gentamicin-damaged vestibular system in the guinea pig.	2004	Journal Article
14644458		Developmental differences in susceptibility to neomycin-induced hair cell death in the lateral line neuromasts of zebrafish (Danio rerio).	2003	Journal Article
12948601		Electrophysiological findings in the Sprague-Dawley rat induced by moderate-dose carboplatin.	2003	Journal Article
12943373		Changes in cytochemistry of sensory and nonsensory cells in gentamicin-treated cochleas.	2003	Journal Article
12782811		A novel model for rapid induction of apoptosis in spiral ganglions of mice.	2003	Journal Article
12925816		Comparison of the protective efficacy of neurotrophins and antioxidants for vibration-induced trauma.	2003	Comparative Study
12611506		Solution chemistry of copper(II)-gentamicin complexes: relevance to metal-related aminoglycoside toxicity.	2003	Journal Article
12616196		Gentamicin-induced hair cell death is not dependent on the apoptosis receptor Fas.	2003	Journal Article
12567093		Gentamicin tympanoclysis: effects on the labyrinthine sensory cells.	2003	Journal Article
14643769		Involvement of ras activation in toxic hair cell damage of the mammalian cochlea.	2003	Comparative Study
12453623		Alteration in expression of p27 in auditory epithelia and neurons of mice during degeneration.	2002	Comparative Study
12537762		Nephrotoxicity of combined treatment with cisplatin and gentamicin in the guinea pig: glomerular injury findings.	2002	Comparative Study
12361875		Functional and morphological response of the stria vascularis following a sensorineural hearing loss.	2002	Journal Article
12361869		Rescue of auditory hair cells from aminoglycoside toxicity by Clostridium difficile toxin B, an inhibitor of the small GTPases Rho/Rac/Cdc42.	2002	Journal Article
12151040		Attenuation of iminodipropionitrile induced behavioral syndrome by sodium salicylate in rats.	2002	Journal Article
12209842		Changes in MAP2 and tyrosinated alpha-tubulin expression in cochlear inner hair cells after amikacin treatment in the rat.	2002	Journal Article
12204359		Onset and offset responses from inferior colliculus and auditory cortex to paired noisebursts: inner hair cell loss.	2002	Journal Article
11793356		Survival of bundleless hair cells and subsequent bundle replacement in the bullfrog's saccule.	2002	Journal Article
11950533		Partial recovery of cisplatin-induced hearing loss in the albino guinea pig in relation to cisplatin dose.	2002	Journal Article
11516749		Changes in electrovestibular brainstem responses after aminoglycoside intoxication in guinea pigs.	2001	Journal Article
11407849		Cochlear microphonic potentials: a new recording technique.	2001	Journal Article
11335071		Differential vulnerability of basal and apical hair cells is based on intrinsic susceptibility to free radicals.	2001	Journal Article
11428627		Systemic administration of candidate antivesicants to protect against topically applied sulfur mustard in the mouse ear vesicant model (MEVM).	2000	Journal Article
10964763		Protective effects of phenyl-N-tert-butylnitrone on the potentiation of noise-induced hearing loss by carbon monoxide.	2000	Journal Article
10962178		Deafferentation-induced changes in protein kinase C expression in the rat cochlear nucleus.	2000	Journal Article
10810261		Reversible tobramycin-induced bilateral high-frequency vestibular toxicity.	2000	Case Reports
10807352		Effects of dietary restriction and antioxidants on presbyacusis.	2000	Comparative Study
10758350		Exacerbation of iminodipropionitrile-induced behavioral toxicity, oxidative stress, and vestibular hair cell degeneration by gentamicin in rats.	2000	Journal Article
10713503		Effect of violation of the labyrinth on the sensory epithelium in the chick cochlea.	2000	Journal Article
10601720		Inner hair cell loss leads to enhanced response amplitudes in auditory cortex of unanesthetized chinchillas: evidence for increased system gain.	2000	Journal Article
10601716		Apoptotic death of hair cells in mammalian vestibular sensory epithelia.	2000	Comparative Study
10900095		Morphological and molecular changes in the inner hair cell region of the rat cochlea after amikacin treatment.	1999	Journal Article
10416860		Increase in glutamate-aspartate transporter (GLAST) mRNA during kanamycin-induced cochlear insult in rats.	1999	Journal Article
10082882		Sequential changes in anti-GAL-1 staining of the rat organ of Corti following amikacin exposure.	1999	Journal Article
10188356		The effects of kanamycin injection into the fetal lamb cochlea.	1999	Comparative Study
10022575		Tissue-specific levels and cellular distribution of epidermal growth factor receptors within control and neomycin-damaged neonatal rat Organ of Corti.	1999	Journal Article
10587000		Cystine protects cochlear outer hair cells against glutamate toxicity.	1999	Comparative Study
9743081		Hair cell recovery in the chinchilla crista ampullaris after gentamicin treatment: a quantitative approach.	1998	Journal Article
9721942		Caspase inhibitors prevent cisplatin-induced apoptosis of auditory sensory cells.	1998	Journal Article
9671280		Hair cell recovery in the vestibular sensory epithelia of mature guinea pigs.	1998	Journal Article
9726678		Dose-dependent response of vestibular hair cells of guinea pigs following streptomycin ototoxiation.	1998	Journal Article
9667436		Effects of inner hair cell loss on inferior colliculus evoked potential thresholds, amplitudes and forward masking functions in chinchillas.	1998	Journal Article
9606071		The effect of explantation and neomycin on hair cells and supporting cells in organotypic cultures of the adult guinea-pig utricle.	1998	Comparative Study
9879399		Cycloheximide blocks the toxic effect of streptomycin in guinea pig vestibular hair cells.	1998	Journal Article
9592675		Lipopolysaccharide-induced expression of nitric oxide synthase II in the guinea pig vestibular end organ.	1998	Journal Article
9432072		Effects of chronic administration of kanamycin on the basement membrane anionic sites in the crista ampullaris of guinea pigs.	1998	Journal Article
9388000		Sound damage and gentamicin treatment produce different patterns of damage to the efferent innervation of the chick cochlea.	1997	Comparative Study
9406919		BDNF protection of auditory neurons from cisplatin involves changes in intracellular levels of both reactive oxygen species and glutathione.	1997	Journal Article
9367242		Quantitative relationship of carboplatin dose to magnitude of inner and outer hair cell loss and the reduction in distortion product otoacoustic emission amplitude in chinchillas.	1997	Journal Article
9263027		Does the organ of Corti attempt to differentiate new hair cells after antibiotic intoxication in rat pups?	1997	Journal Article
9263024		Morphological evidence for supporting cell to hair cell conversion in the mammalian utricular macula.	1997	Journal Article
9242586		Effect of methimazole, an FMO substrate and competitive inhibitor, on the neurotoxicity of 3,3'-iminodipropionitrile in male rats.	1997	Journal Article
9199523		Effect of streptomycin intoxication on vestibular nerve regeneration and posture recovery.	1997	Journal Article
9165348		Effects of selective inner hair cell loss on auditory nerve fiber threshold, tuning and spontaneous and driven discharge rate.	1997	Journal Article
9429983		ABR and DPOAE detection of cochlear damage by gentamicin.	1997	Comparative Study
8951456		Influence of chronic kanamycin administration on basement membrane anionic sites in the labyrinth.	1996	Comparative Study
8951453		Gentamicin distribution in the basilar papilla: possible association with regenerated hair cell orientation.	1996	Journal Article
8981398		Prenatal lesioning of vestibular organ by aminoglycosides.	1996	Journal Article
9390811		Outer hair cell activity is not required for the generation of the forward masking curve.	1996	Journal Article
8951428		Cochlear integrity in rats with experimentally induced audiogenic seizure susceptibility.	1996	Journal Article
8837614		Proliferation in the auditory receptor epithelium mediated by a cyclic AMP-dependent signaling pathway.	1996	Journal Article
8880185		The acoustic two-tone distortions 2f1-f2 and f2-f1 and their possible relation to changes in the operating point of the cochlear amplifier.	1996	Journal Article
8817317		Evoked-potential thresholds and cubic distortion product otoacoustic emissions in the chinchilla following carboplatin treatment and noise exposure.	1996	Journal Article
8789807		An RT-PCR analysis of mRNA for growth factor receptors in damaged and control sensory epithelia of rat utricles.	1996	Journal Article
8738260		Deferoxamine improves spatial memory performance following experimental brain injury in rats.	1996	Journal Article
8935647		Very high-dose streptomycin labyrinthectomy.	1996	Case Reports
8735075		The binding site on cochlear stereocilia for antisera raised against renal Na+ channels is blocked by amiloride and dihydrostreptomycin.	1996	Journal Article
8597959		Protection of auditory neurons from aminoglycoside toxicity by neurotrophin-3.	1996	Journal Article
8975003		Secretion of a new basal layer of tectorial membrane following gentamicin-induced hair cell loss.	1995	Comparative Study
7623136		Neurotrophin-4/5 enhances survival of cultured spiral ganglion neurons and protects them from cisplatin neurotoxicity.	1995	Journal Article
8622114		Auditory impairment in guinea pigs treated with isepamicin.	1995	Comparative Study
8622113		Isepamicin (SCH 21420, 1-N-HAPA gentamicin B): microbiological characteristics including antimicrobial potency of spectrum of activity.	1995	Journal Article
8567424		Deafness induced cell size changes in rostral AVCN of the guinea pig.	1995	Comparative Study
7790928		Cell cycle progression in gentamicin-damaged avian cochleas.	1995	Journal Article
7623742		Are the effects of toluene on the vestibulo and opto-ocular motor system inhibited by the action of GABAB antagonist CGP 35348?	1995	Journal Article
7559168		Cochlear effects of indacrinone are not altered by penicillin.	1995	Comparative Study
7544527		NG-methyl-L-arginine protects the guinea pig cochlea from the cytotoxic effects of pneumolysin.	1995	Journal Article
8553023		Scanning electron microscopic observation of dark cells after streptomycin perfusion of the vestibule in guinea pigs.	1995	Journal Article
7610812		Receptor pharmacological models for inner ear therapies with emphasis on glutamate receptors: a survey.	1995	Journal Article
8749111		In vivo regeneration of vestibular hair cells of guinea pig.	1995	Journal Article
7744708		Hair cell replacement in avian vestibular epithelium: supporting cell to type I hair cell.	1995	Journal Article
7662351		Acute hyperpolarization and elongation of cochlear outer hair cells on superfusion with cis-platinum.	1995	Journal Article
7610895		Changes in calcium distribution in the utricular supporting cells of the guinea pig.	1995	Journal Article
7737922		Cochlear pathology following chronic electrical stimulation of the auditory nerve: II. Deafened kittens.	1994	Journal Article
7838481		X-ray microanalysis and ion microscopy of guinea pig cochlea and kidney after cisplatin treatment.	1994	Journal Article
7528737		Scar formation in the vestibular sensory epithelium after aminoglycoside toxicity.	1994	Journal Article
7961178		Failure of forskolin to elevate the endocochlear potential in kanamycin-poisoned animals.	1994	Comparative Study
7970174		Effects of ototoxins on quinuclidinyl benzylate binding in the rat cochlea.	1994	Journal Article
7928742		The effect of nimodipine on cochlear potentials and Na+/K(+)-ATPase activity in normal and hydropic cochleas of the albino guinea pig.	1994	Journal Article
7928739		Sulfhydryl compounds and antioxidants inhibit cytotoxicity to outer hair cells of a gentamicin metabolite in vitro.	1994	Journal Article
8189995		Reduction of streptomycin-induced acute and chronic toxicities.	1994	Comparative Study
7512999		Excitatory amino acid antagonists protect cochlear auditory neurons from excitotoxicity.	1994	Journal Article
8151523		Discharge patterns of chicken cochlear ganglion neurons following kanamycin-induced hair cell loss and regeneration.	1994	Journal Article
7973498		Ultrastructural changes of the vestibular sensory organs after streptomycin application on the lateral canal.	1994	Journal Article
8150729		Plastic changes in ipsi-contralateral differences of auditory cortex and inferior colliculus evoked potentials after injury to one ear in the adult guinea pig.	1994	Journal Article
8024767		Specific glutathione-SH inhibition of toxic effects of metabolized gentamicin on isolated guinea pig hair cells.	1994	Journal Article
8294268		Chronic electrical stimulation reverses deafness-related depression of electrically evoked 2-deoxyglucose activity in the guinea pig inferior colliculus.	1993	Comparative Study
8294265		Profound hearing loss in the cat following the single co-administration of kanamycin and ethacrynic acid.	1993	Journal Article
8294264		Mechanism of lack of development of negative endocochlear potential in guinea pigs with hair cell loss.	1993	Journal Article
8265118		Early morphofunctional alterations induced by cisplatin in the cochlea. A quantitative and electrocochleographic study.	1993	Journal Article
8052802		Phototoxic lesions induced by quinolone antibacterial agents in auricular skin and retina of albino mice.	1993	Journal Article
8122711		Titration streptomycin therapy in Menière's disease: current concepts.	1993	Case Reports
8407607		Neuronal degeneration of primary cochlear and vestibular innervations after local injection of sisomicin in the guinea pig.	1993	Journal Article
8281295		Sulphhydryl-modifying reagents alter ototoxin block of muscarinic receptor-linked phosphoinositide turnover in the cochlea.	1993	Journal Article
8320350		Hair cell regeneration after streptomycin toxicity in the avian vestibular epithelium.	1993	Journal Article
8458749		Hair cell regeneration in the bullfrog vestibular otolith organs following aminoglycoside toxicity.	1993	Journal Article
8432687		Damage and regeneration of hair cell ciliary bundles in a fish ear following treatment with gentamicin.	1993	Comparative Study
8424481		Intramuscular streptomycin effect on dark cells of utricle in guinea pigs.	1993	Journal Article
1358402		Glutamate neurotoxicity in the developing rat cochlea is antagonized by kynurenic acid and MK-801.	1992	Journal Article
1526883		Behavioural evidence for recovery of auditory function in guinea pigs following kanamycin administration.	1992	Journal Article
1575776		Formation of a toxic metabolite from gentamicin by a hepatic cytosolic fraction.	1992	Comparative Study
1733909		Cellular and subcellular localization of tritiated gentamicin in the guinea pig cochlea following combined treatment with ethacrynic acid.	1992	Journal Article
1769915		Hair cell regeneration in the chicken cochlea following aminoglycoside toxicity.	1991	Journal Article
1681996		Kainate and NMDA toxicity for cultured developing and adult rat spiral ganglion neurons: further evidence for a glutamatergic excitatory neurotransmission at the inner hair cell synapse.	1991	Journal Article
2064270		Effects on cochlear morphology of repeated insults to the stria vascularis.	1991	Journal Article
2062150		Toxic effects of cisplatin alone and in combination with gentamicin in stria vascularis of guinea pigs.	1991	Comparative Study
2061225		Hair cell damage and recovery following chronic application of kanamycin in the chick cochlea.	1991	Journal Article
1675495		Comparison of the behavioral teratogenic potential of phenytoin, mephenytoin, ethotoin, and hydantoin in rats.	1991	Comparative Study
2032957		Reduction and recovery of neuronal size in the cochlear nucleus of the chicken following aminoglycoside intoxication.	1991	Journal Article
1953842		Endotoxin induced damage to the cochlea in guinea pigs.	1991	Journal Article
1927492		Effect of gentamicin intoxication on frog behavior.	1991	Journal Article
1927365		Effect of gentamicin on vestibular ganglion.	1991	Journal Article
1759575		Degeneration of the organ of Corti following intravenous administration of cisplatin.	1991	Journal Article
2116404		Cochlear damage and increased threshold in alpha-difluoromethylornithine (DFMO) treated guinea pigs.	1990	Journal Article
2304755		Endolymphatic sac morphology following long-term kanamycin intoxication.	1990	Journal Article
2097713		Efficacy and safety of aminoglycosides once-a-day: experimental and clinical data.	1990	Journal Article
2512556		Evaluation of eighth nerve integrity by the electrically evoked middle latency response.	1989	Journal Article
2596626		Turnover of sulphated macromolecules in the murine endolymphatic sac after long-term kanamycin treatment.	1989	Journal Article
2531137		The time-course of furosemide-induced strial changes in guinea pigs after pretreatment with daltroban.	1989	Journal Article
2793605		The effect of gentamicin-induced hair cell loss on the tight junctions of the reticular lamina.	1989	Journal Article
2787952		Cellular target of streptomycin in the internal ear.	1989	Journal Article
2777365		Cochlear toxicity of streptomycin in man.	1989	Journal Article
2708672		Frequency difference limens in normal and sensorineural hearing impaired chinchillas.	1989	Journal Article
2929338		Sensory hair fusion and glycocalyx changes after gentamicin exposure in the guinea pig.	1989	Journal Article
2590023		Melanin in the inner ear. An experimental study with control and kanamycin-intoxicated colored guinea-pigs.	1989	Journal Article
2467504		Sensory hair fusion and glycocalyx changes following gentamicin exposure in the guinea pig vestibular organs.	1989	Journal Article
3228181		Quinine reduces noxious cochlear effects of furosemide and ethacrynic acid.	1988	Journal Article
3400453		Melanine value in the stria vascularis of pigmented guinea-pigs treated by kanamycin.	1988	Journal Article
3390078		Correlations between cis-platinum dosage and toxicity in a guinea pig model.	1988	Journal Article
3620125		Light microscopic evidence of hair cell regeneration after gentamicin toxicity in chick cochlea.	1987	Journal Article
3577762		The effect of aminoglycoside antibiotics on the lateral line organ of Aplocheilus lineatus (Cyprinodontidae).	1987	Journal Article
3624085		The effect of chronic application of kanamycin on stereocilia and their tip links in hair cells of the guinea pig cochlea.	1987	Journal Article
3570998		Dose-dependent changes in the rat cochlea following aminoglycoside intoxication. II. Histological study.	1987	Journal Article
3501364		Comparative vestibular toxicity study with 3-O-demethylfortimicin A disulfate and gentamicin sulfate in cats.	1987	Comparative Study
3805877		Early morphological and chemical changes induced by cisplatin in the guinea pig organ of Corti.	1986	Journal Article
3542253		Evaluation of the cochleovestibular function in patients treated with carboplatin for ovarian carcinoma.	1986	Journal Article
3755871		Brainstem auditory pathway degeneration associated with chronic cochlear implants in the monkey.	1986	Comparative Study
3739690		Progressive degeneration in the cochlear nucleus after chemical destruction of the cochlea.	1986	Comparative Study
3487910		Vestibulo-ocular reflex (VOR) in guinea pigs. Impairment induced by aminoglycoside antibiotics.	1986	Journal Article
3487305		Comparative oto-vestibular effects in the pigmented guinea pig after dibekacin and netilmicin treatment.	1986	Comparative Study
3011710		Localization of an aminoglycoside (streptomycin) in the inner ear after its systemic administration. A histochemical study using fluorescence microscopy.	1986	Journal Article
3925771		Treatment of streptococcal infective endocarditis.	1985	Journal Article
4062662		Otoconia and neural junctions of type I hair cells in amikacin-treated guinea pigs presenting saccular acoustic responses.	1985	Journal Article
4055536		Outer hair cell loss and supporting cell expansion following chronic gentamicin treatment.	1985	Journal Article
4047625		Statoconia displacement in squirrel monkey ears.	1985	Comparative Study
3876536		Impairment of the chick's grip and balance by streptomycin. A preliminary study.	1985	Journal Article
6464709		Histopathological study of the cochlea with altered perilymph metabolism.	1984	Journal Article
6701807		Morphologic study of effects of kanamycin on the developing cochlea of the rat.	1984	Journal Article
6230750		Increased susceptibility to 6-aminonicotinamide-induced cleft lip of heterozygote Dancer mice.	1984	Journal Article
6537883		Changes in the stria vascularis of the guinea pig due to cis-platinum.	1984	Journal Article
6673810		Effect of xipamide and furosemide on guinea pig cochlear recorded potentials.	1983	Journal Article
6885646		Damage to sensory hairs of inner hair cells after exposure to noise in rabbits without outer hair cells.	1983	Journal Article
6870653		Degeneration of cochlear neurons after amikacin intoxication in the rat.	1983	Journal Article
6602100		Comparative study by scanning electron microscopy on vestibular toxicities of dibekacin, ribostamycin, and other aminoglycoside antibiotics in guinea pigs.	1983	Comparative Study
6616524		Evaluation of cochlear toxicity of aminoglycoside antibiotics in guinea pigs by scanning electron microscopy.	1983	Journal Article
6184939		Spiral ganglion changes after massive aminoglycoside treatment in the guinea pig. Counts and ultrastructure.	1982	Journal Article
7142042		Calcium antagonism and reversibility of gentamicin-induced loss of cochlear microphonics in the guinea pig.	1982	Journal Article
7093563		Chronic effects of loop diuretics on the guinea-pig cochlea.	1982	Journal Article
7436850		Combined effects of noise and kanamycin. Cochlear pathology and pharmacology.	1980	Journal Article
7436102		Effects of neomycin on the waveform of auditory-evoked brain stem potentials in dogs.	1980	Comparative Study
7395508		Electrophysiological monitoring of the cochlea during and after total destruction of the organ of corti.	1980	Journal Article
7434369		Audiotoxicosis in newborn guinea pigs from pregnant ones given sisomicin.	1980	Comparative Study
530709		The penetration of gentamicin and neomycin into perilymph across the round window membrane.	1979	Journal Article
159127		Platinate toxicity: past, present, and prospects.	1979	Journal Article
438615		Interaction of kanamycin and noise exposure.	1979	Journal Article
312587		Conflicting electrophysiological and anatomical data from drug-impaired guinea pig cochleas.	1979	Journal Article
532610		Critical bands following the selective destruction of cochlear inner and outer hair cells.	1979	Journal Article
429887		An evaluation of the use of scanning and transmission electronmicroscopy in a study of the gentamicin-damaged guinea-pig organ of Corti.	1979	Journal Article
226045		Isolation of an aminoglycoside receptor from guinea pig inner ear tissues and kidney.	1979	Journal Article
716862		Combined effects of noise and neomycin. Cochlear changes in the guinea pig.	1978	Journal Article
82507		Behavioral ototoxicology.	1978	Journal Article
696299		Tissue levels of kanamycin in correlation with oto- and nephrotoxicity.	1978	Journal Article
753207		Changes of the stria vascularis induced by ethacrynic acid.	1978	Journal Article
604520		Correlations between ultrastructural findings and electrocochleographic recordings in experimental aminoside intoxication.	1977	Comparative Study
920138		Gentamicin-induced changes in RNA content in sensory and ganglionic cells in the hearing organ of the lizard Calotes versicolor. A cytochemical and morphological investigation.	1977	Journal Article
899754		Metabolic disorder of otoconia after streptomycin intoxication.	1977	Journal Article
948987		The cytochochleogram in atoxyl-treated guinea pigs.	1976	Journal Article
1251709		Toxic effects of gentamicin on the basilar papilla in the lizard Calotes versicolor. A surface study.	1976	Journal Article
1156239		Deafness and renal failure due to potassium bromate poisoning.	1975	Journal Article
809033		Effect of labyrinthectomy on the dynamic vestibulo-ocular counterrol reflex in the rhesus monkey.	1975	Journal Article
1166784		Cochlear damage resulting from kanamycin and furosemide.	1975	Journal Article
1139431		Gentamicin - Progressive cochlear toxicity.	1975	Journal Article
10380736		Cell proliferation in spiral ligament of mouse cochlea damaged by dihydrostreptomycin sulfate.	1999	Journal Article
134476		Adverse reactions to short-course regimens containing streptomycin, isoniazid, pyrazinamide and rifampicin in Hong Kong.	1976	Journal Article
40950931	10.1002/hsr2.71241	Outcomes and Adverse Events of WHO Shorter Regimen in the Treatment of Multi-Drug Resistant Tuberculosis in Bhutan: A Longitudinal Study.	2025	Journal Article
40005998	10.3390/ph18020184	Fluoroquinolone-Mediated Tendinopathy and Tendon Rupture.	2025	Journal Article
40001646	10.3390/bioengineering12020126	Identification of Potential Therapeutic Targets for Sensorineural Hearing Loss and Evaluation of Drug Development Potential Using Mendelian Randomization Analysis.	2025	Journal Article
39532799	10.1007/s12672-024-01549-1	Late side effects of testicular cancer and treatment: a comprehensive review.	2024	Journal Article
38758361	10.1080/1061186X.2024.2349111	Probucol-bile acid nanoparticles: a novel approach and promising solution to prevent cellular oxidative stress in sensorineural hearing loss.	2024	Journal Article
38725150	10.1111/acel.14185	Oxidative stress-related cellular aging causes dysfunction of the Kv3.1/KCNC1 channel reverted by melatonin.	2024	Journal Article
39015638	10.1159/000539453	Hearing Loss in a Patient with Waldenstrom Macroglobulinemia Receiving Bortezomib.	2024	Case Reports
38135344	10.1002/ajmg.a.63510	TREX-1 related Aicardi-Goutières syndrome improved by Janus kinase inhibitor.	2024	Case Reports
38585011	10.3389/fonc.2024.1371878	Long-term survival, toxicities, and the role of chrono-chemotherapy with different infusion rates in locally advanced nasopharyngeal carcinoma patients treated with intensity-modulated radiation therapy: a retrospective study with a 5-year follow-up.	2024	Journal Article
38428726	10.1016/j.neulet.2024.137693	Thermosensitive hydrogel containing ethosuximide-loaded multivesicular liposomes attenuates age-related hearing loss in C57BL/6J mice.	2024	Journal Article
37476961	10.1089/ars.2022.0161	Reactive Oxygen Species-Related Disruptions to Cochlear Hair Cell and Stria Vascularis Consequently Leading to Radiation-Induced Sensorineural Hearing Loss.	2024	Journal Article
38103445	10.1016/j.heares.2023.108916	Combinatorial Atoh1, Gfi1, Pou4f3, and Six1 gene transfer induces hair cell regeneration in the flat epithelium of mature guinea pigs.	2024	Journal Article
37905291	10.7759/cureus.46202	Management of Bevacizumab-Induced Proteinuria Using an Angiotensin Receptor Blocker (ARB) in a Neurofibromatosis Type 2 (NF-2) Patient With Vestibular Schwannoma.	2023	Case Reports
37062025	10.1007/s00439-023-02554-0	Clinical and genome-wide association analysis of chemoradiation-induced hearing loss in nasopharyngeal carcinoma.	2023	Journal Article
37456600	10.4274/tao.2022.2022-6-2	Factors Affecting Permanent Sensorineural Hearing Loss and Bone Conduction in Patients After Receiving Radiotherapy to the Head and Neck Region.	2022	Journal Article
35615000	10.1016/j.omtn.2022.04.014	Specific knockdown of <i>Htra2</i> by CRISPR-CasRx prevents acquired sensorineural hearing loss in mice.	2022	Journal Article
35730503	10.1080/21655979.2022.2071021	MiR-106a facilitates the sensorineural hearing loss induced by oxidative stress by targeting connexin-43.	2022	Journal Article
35175905	10.1164/rccm.202107-1779OC	An All-Oral 6-Month Regimen for Multidrug-Resistant Tuberculosis: A Multicenter, Randomized Controlled Clinical Trial (the NExT Study).	2022	Journal Article
33566468	10.1590/S1677-5538.IBJU.2021.99.06	Otorhinolaryngological adverse effects of urological drugs.	2021	Journal Article
32603516	10.1002/lary.28873	Chloroquine, Hydroxychloroquine and Hearing Loss: A Study in Systemic Lupus Erythematosus Patients.	2021	Journal Article
33041759	10.3389/fnins.2020.561185	A Novel Mouse Model of Aminoglycoside-Induced Hyperacusis and Tinnitus.	2020	Journal Article
32725028	10.1039/d0nr04860g	A metal-organic framework based inner ear delivery system for the treatment of noise-induced hearing loss.	2020	Journal Article
32384426	10.1097/MD.0000000000019763	A phase I/IIa double blind single institute trial of low dose sirolimus for Pendred syndrome/DFNB4.	2020	Clinical Trial, Phase I
32155788	10.3390/jcm9030716	Evaluating the Efficacy of L-N-acetylcysteine and Dexamethasone in Combination to Provide Otoprotection for Electrode Insertion Trauma.	2020	Journal Article
31908415	10.2147/DDDT.S212313	The Role of the Reactive Oxygen Species Scavenger Agent, Astaxanthin, in the Protection of Cisplatin-Treated Patients Against Hearing Loss.	2019	Journal Article
31381817	10.1111/jcpt.13009	Bilateral sensorineural hearing loss induced by regorafenib.	2019	Case Reports
31537428	10.1016/j.amjoto.2019.102289	Low-dose intratympanic gentamicin administration for unilateral Meniere's disease using a method based on clinical symptomatology: Preliminary results.	2019	Clinical Trial
31741924	10.1007/s12070-015-0954-0	Nasopharyngeal Stenosis: A Rare Radiotherapy Complication.	2019	Case Reports
31527426	10.3390/ijerph16183428	Effect of Specific Retinoic Acid Receptor Agonists on Noise-Induced Hearing Loss.	2019	Journal Article
31508383	10.12890/2019_001187	A Case of Binocular Vertical Diplopia after Intratympanic Gentamicin Therapy.	2019	Journal Article
30773607	10.1007/s11940-019-0546-5	Status Epilepticus in the Neonate: Updates in Treatment Strategies.	2019	Journal Article
30172621	10.1016/j.anorl.2018.08.001	Delayed endolymphatic hydrops. Special emphasis on nystagmus associated with episodes and contribution of chemical labyrinthectomy.	2018	Journal Article
29857302	10.1016/j.biopha.2018.05.085	Protective effects of zingerone on oxidative stress and inflammation in cisplatin-induced rat nephrotoxicity.	2018	Journal Article
30069423	10.1089/biores.2018.0017	A New Approach to Treating Neurodegenerative Otologic Disorders.	2018	Journal Article
29846043	10.1002/cam4.1563	Prevention of cisplatin-induced hearing loss in children: Informing the design of future clinical trials.	2018	Journal Article
29642900	10.1186/s12967-018-1471-1	Cisplatin based therapy: the role of the mitogen activated protein kinase signaling pathway.	2018	Journal Article
28511890	10.1016/j.anl.2017.04.004	Intratympanic steroid delivery by an indwelling catheter in refractory severe sudden sensorineural hearing loss.	2018	Journal Article
28733760	10.1007/s00430-017-0512-3	Intrauterine therapy of cytomegalovirus infection with valganciclovir: review of the literature.	2017	Journal Article
28060046	10.1097/INF.0000000000001532	Serious Adverse Reactions From Anti-tuberculosis Drugs Among 599 Children Hospitalized for Tuberculosis.	2017	Journal Article
28333727	10.1097/01.NAJ.0000515218.30710.2c	Long-Term NSAIDs and Acetaminophen Linked to Hearing Loss in Women.	2017	Journal Article
32263549	10.1039/c6tb02360f	Upconversion nanoparticles loaded with eIF4E siRNA and platinum(iv) prodrug to sensitize platinum based chemotherapy for laryngeal cancer and bioimaging.	2017	Journal Article
27833872		Effects of Chemoradiation on Hearing in Patients with Head and Neck Malignancies: Experience at a Tertiary Referral Care Hospital.	2016	Journal Article
27538525	10.1038/srep31695	Curcumin suppresses NTHi-induced CXCL5 expression via inhibition of positive IKKβ pathway and up-regulation of negative MKP-1 pathway.	2016	Journal Article
25217083	10.1007/s00405-014-3288-8	Intratympanic steroids as a salvage treatment for sudden sensorineural hearing loss? A meta-analysis.	2015	Journal Article
26042792	10.1371/journal.pntd.0003823	Efficacy of Rifampin Plus Clofazimine in a Murine Model of Mycobacterium ulcerans Disease.	2015	Journal Article
25058905	10.1016/j.ejphar.2014.07.025	Cisplatin in cancer therapy: molecular mechanisms of action.	2014	Journal Article
25166425	10.1017/S0022215114001807	Progressive, reversible sensorineural hearing loss caused by azathioprine.	2014	Journal Article
25032123	10.1007/s12070-014-0721-7	Distortion Product Otoacoustic Emission (DPOAE) as an Appropriate Tool in Assessment of Otoprotective Effects of Antioxidants in Noise-Induced Hearing Loss (NIHL).	2014	Journal Article
24477826	10.1177/0194599813520398	Intratympanic gentamicin for Meniere's disease: short- and long-term follow-up of two regimens of treatment.	2014	Journal Article
24223197	10.1371/journal.pone.0079817	Addition of exogenous NAD+ prevents mefloquine-induced neuroaxonal and hair cell degeneration through reduction of caspase-3-mediated apoptosis in cochlear organotypic cultures.	2013	Journal Article
23372680	10.1371/journal.pone.0054163	Amelioration of acute sequelae of blast induced mild traumatic brain injury by N-acetyl cysteine: a double-blind, placebo controlled study.	2013	Journal Article
23314138		Mild hypomagnesemia as the most common Cisplatin nephropathy in Iran.	2013	Journal Article
21750343	10.1177/0194599811414496	Low-dose D-methionine and N-acetyl-L-cysteine for protection from permanent noise-induced hearing loss in chinchillas.	2011	Comparative Study
21145191	10.1016/j.jemermed.2010.11.014	Methadone, another cause of opioid-associated hearing loss: a case report.	2011	Case Reports
21327728	10.1007/s00405-011-1523-0	Treatment of sudden sensorineural hearing loss with transtympanic injection of steroids as single therapy: a randomized clinical study.	2011	Comparative Study
20523039	10.1159/000312538	Results of electrocochleography in Ménière's disease after successful vertigo control by single intratympanic gentamicin injection.	2011	Journal Article
20800906	10.1016/j.jneuroim.2010.07.026	Low dose combination steroids control autoimmune mouse hearing loss.	2010	Journal Article
19847455	10.1007/s00405-009-1126-1	Effects of extracochlear gacyclidine perfusion on tinnitus in humans: a case series.	2010	Journal Article
20089010	10.1111/j.1742-1241.2009.02046.x	Otosclerosis 2: the medical management of otosclerosis.	2010	Journal Article
19732818	10.1016/j.heares.2009.08.010	Permanent and transient effects of locally delivered n-acetyl cysteine in a guinea pig model of cochlear implantation.	2010	Journal Article
19940282	10.1093/jnci/djp413	Observational study of prevalence of long-term Raynaud-like phenomena and neurological side effects in testicular cancer survivors.	2009	Comparative Study
19309154	10.1021/jm801640k	Development of novel aminoglycoside (NB54) with reduced toxicity and enhanced suppression of disease-causing premature stop mutations.	2009	Journal Article
18588736	10.1017/S0022215108003162	Effect on hearing of ganciclovir therapy for asymptomatic congenital cytomegalovirus infection: four to 10 year follow up.	2009	Journal Article
19141081	10.1111/j.1471-4159.2009.05871.x	Aminoglycoside-induced histone deacetylation and hair cell death in the mouse cochlea.	2009	Journal Article
18188721	10.1007/s12032-007-0052-6	Mature results of neoadjuvant chemotherapy followed by radiotherapy in nasopharyngeal cancer: is it really old fashioned?	2008	Journal Article
17963663		Sensorineural hearing loss as a probable serious adverse drug reaction associated with low-dose oral azithromycin.	2007	Case Reports
17503229		Intratympanic gentamicin therapy for intractable Ménière's disease.	2007	Journal Article
17414035		Intratympanic methylprednisolone for sudden sensorineural hearing loss.	2007	Journal Article
17221143		Vigabatrin, a GABA transaminase inhibitor, reversibly eliminates tinnitus in an animal model.	2007	Journal Article
17402292		Magnesium therapy in acoustic trauma.	2006	Journal Article
17050305		Low-dose, long-term caroverine administration attenuates impulse noise-induced hearing loss in the rat.	2006	Journal Article
17195427		Topical ocular drug delivery to inner ear disease and sinusitis.	2006	Case Reports
16390557		Plasmapheresis reverses all side-effects of a cisplatin overdose--a case report and treatment recommendation.	2006	Case Reports
16413133		Lithium increases bcl-2 expression in chick cochlear nucleus and protects against deafferentation-induced cell death.	2006	Journal Article
16482940		Treatment of infantile hepatoblastoma and related complications.	2005	Case Reports
17478966		A comparison of the protective effects of systemic administration of a pro-glutathione drug and a Src-PTK inhibitor against noise-induced hearing loss.	2005	Journal Article
16076720		Tinnitus and bilateral sensorineural hearing loss: ankylosing spondylitis or a side-effect of sulphasalazine treatment?	2005	Case Reports
16092542		Coenzyme Q-10 treatment of patients with a 7445A--->G mitochondrial DNA mutation stops the progression of hearing loss.	2005	Journal Article
15640431		Irreversible sensorineural hearing loss due to clarithromycin.	2005	Case Reports
15533151		Reduction in noise-induced temporary threshold shift in humans following oral magnesium intake.	2004	Journal Article
15179223		Difluoromethylornithine-induced reversible hearing loss across a wide frequency range.	2004	Journal Article
14729043		Treatment of monostotic fibrous dysplasia with pamidronate.	2004	Clinical Trial
12742233		Effects of alpha-tocopherol on noise-induced hearing loss in guinea pigs.	2003	Journal Article
12566692		Pharmacokinetics of caroverine in the inner ear and its effects on cochlear function after systemic and local administrations in Guinea pigs.	2003	Journal Article
11889387		Spironolactone blocks glucocorticoid-mediated hearing preservation in autoimmune mice.	2002	Comparative Study
10733182		Profound hearing loss associated with hydrocodone/acetaminophen abuse.	2000	Journal Article
10597214		Platinum organ toxicity and possible prevention in patients with testicular cancer.	1999	Journal Article
9628277		The effects of coenzyme Q10 treatment on maternally inherited diabetes mellitus and deafness, and mitochondrial DNA 3243 (A to G) mutation.	1998	Clinical Trial
9579362		Isepamicin sulfate-induced sensorineural hearing loss in patients with the 1555 A-->G mitochondrial mutation.	1998	Case Reports
8845491		Carboplatin-related idiosyncrasy.	1995	Case Reports
8135325		Oral magnesium intake reduces permanent hearing loss induced by noise exposure.	1994	Clinical Trial
8294261		Osmotic pump implant for chronic infusion of drugs into the inner ear.	1993	Comparative Study
1385050		Late-effects after treatment for germ-cell cancer with cisplatin, vinblastine, and bleomycin.	1992	Clinical Trial
1769908		Electrical stimulation of the auditory nerve in deaf kittens: effects on cochlear nucleus morphology.	1991	Journal Article
1951896		Concomitant cisplatin and hyperfractionated external beam irradiation for advanced malignancy of the head and neck.	1991	Journal Article
2096500		Audiometry as a possible indicator of quinine plasma concentration during treatment of malaria.	1990	Journal Article
2173440		High-dose carboplatin in combination with etoposide (JET regimen) for childhood brain tumors.	1990	Journal Article
2382175		A prospective study of long-term use of amikacin in a paediatrics department. Indications, administration, side-effects, bacterial isolates and resistance.	1990	Journal Article
2109631		Long-term toxicity of chemotherapy for testicular cancer--the cost of cure.	1990	Journal Article
1688614		Lack of late toxicity in patients treated with cisplatin-containing combination chemotherapy for metastatic testicular cancer.	1990	Comparative Study
2635548		Asymmetry of evoked rotatory nystagmus in the guinea pig after experimental induction of endolymphatic hydrops.	1989	Journal Article
3618167		Perilymphatic calcium and VIII nerve action potentials during gentamicin bolus i.v. injections. A preliminary study.	1987	Journal Article
3082642		Phase I study of alpha-difluoromethylornithine and methyl-GAG.	1986	Journal Article
6539589		Analysis of hearing loss due to cis-diamminedichloroplatinum-II.	1984	Journal Article
7054134		Acoustic reflex after experimental lesions to inner and outer hair cells.	1982	Journal Article
7324760		High-dose tobramycin combined with clindamycin or lincomycin in the treatment of septic peritonitis and intraabdominal sepsis.	1981	Journal Article
7244560		Tobramycin therapy of serious infections. Pharmacological aspects and side effects.	1981	Journal Article
4853118		Measurement of side effects of drugs.	1974	Clinical Trial
40809576	10.4314/ahs.v24i2.8	Adverse effects associated with Kanamycin, Amikacin, Capreomycin and Bedaquiline -a VigiAccess™ study.	2024	Journal Article
38279924	10.1080/00016489.2024.2304062	The effect of local dexamethasone on stapedotomy surgery outcomes in patients with otosclerosis.	2024	Journal Article
36119253	10.4103/jfmpc.jfmpc_1927_21	Persisting, unilateral tinnitus 22 days after first dose of an mRNA-based SARS-CoV-2 vaccine.	2022	Case Reports
25413777		Medical and surgical treatments for tinnitus: the efficacy of combined treatment with sulodexide and melatonin.	2015	Journal Article
24931747	10.1016/j.homp.2014.03.002	China rubra for side-effects of quinine: a prospective, randomised study in pregnant women with malaria in Cotonou, Benin.	2014	Journal Article
19958810	10.1016/j.neuroscience.2009.11.048	Behavioral assessment and identification of a molecular marker in a salicylate-induced tinnitus in rats.	2010	Journal Article
18001800		Long-term followup results of 1 cycle of adjuvant bleomycin, etoposide and cisplatin chemotherapy for high risk clinical stage I nonseminomatous germ cell tumors of the testis.	2008	Clinical Trial, Phase II
18004031		Cinchonism in a patient taking Quinine for leg cramps.	2007	Case Reports
16973315		Antidepressant therapy in tinnitus.	2007	Journal Article
17114138		Summary of evidence pointing to a role of the dorsal cochlear nucleus in the etiology of tinnitus.	2006	Journal Article
16612523		Tinnitus treatment with acamprosate: double-blind study.	2005	Journal Article
15949078		Otologic side effects of drugs.	2005	Journal Article
15474106		Intratympanic perfusion for the treatment of tinnitus.	2004	Journal Article
12172772		Cyclosporine-associated facial paralysis in a child with renal transplant.	2002	Case Reports
10500778		Quinine improves results of intensive chemotherapy (IC) in myelodysplastic syndromes (MDS) expressing P-glycoprotein (PGP). Updated results of a randomized study. Groupe Français des Myélodysplasies (GFM) and Groupe GOELAMS.	1999	Clinical Trial
9563663		The current role of local intratympanic gentamicin therapy in the management of unilateral Menière's disease.	1998	Journal Article
1378336		Indications for aspirin as a palliative for tinnitus caused by SOAEs: a case study.	1992	Case Reports
1538445		Cisplatin and 5-fluorouracil in advanced cancer of the penis.	1992	Journal Article
3690526		Phase I clinical investigation of benzisoquinolinedione.	1987	Journal Article
6691886		The effect of the non-steroidal anti-inflammatory drug choline magnesium trisalicylate on gastric mucosal cell exfoliation.	1984	Comparative Study
7017917		Additive clinical effect of indomethacin suppositories during salicylate therapy in rheumatoid patients.	1981	Clinical Trial
39886059	10.1002/ccr3.9399	Pembrolizumab-Induced Secondary Hypocorticism Manifesting as a Transitory Ischemic Attack.	2025	Journal Article
37984050	10.1016/j.amjoto.2023.104116	Efficacy and preservation of hearing with low-dose gentamicin in unilateral meniere's disease: A clinical symptomatology-based study.	2024	Journal Article
35656811	10.1177/00034894221098803	Low Dose Betahistine in Combination With Selegiline Increases Cochlear Blood Flow in Guinea Pigs.	2023	Journal Article
36133817	10.3389/fphar.2022.965432	Unprescribed and unnoticed: Retrospective chart review of adverse events of interactions between antidepressants and over-the-counter drugs.	2022	Journal Article
30362702	10.1021/acschemneuro.8b00300	Molecular Mechanisms of Neurotoxicity Induced by Polymyxins and Chemoprevention.	2019	Journal Article
29861128	10.1016/j.jstrokecerebrovasdis.2018.05.014	Conjugate Eye Deviation Caused by Upper Medial Medullary Infarction: A Case Report.	2018	Case Reports
26780342	10.1007/s00405-015-3889-x	Vestibular results after intratympanic gentamicin therapy in disabling Menière's disease.	2016	Journal Article
23975871	10.1212/WNL.0b013e3182a55f6d	Effect of chlorzoxazone in patients with downbeat nystagmus: a pilot trial.	2013	Journal Article
22283464	10.3109/14992027.2011.645508	Cochlear function in Ménière's disease.	2012	Journal Article
17909448		Treatment of Ménière's disease by low-dosage intratympanic gentamicin application: effect on otolith function.	2007	Comparative Study
17452577		Head-shaking nystagmus in lateral medullary infarction: patterns and possible mechanisms.	2007	Comparative Study
16756965		The systemic application of diazepam facilitates the reacquisition of a well-balanced vestibular function in a unilateral vestibular re-input model with intracochlear tetrodotoxin infusion using an osmotic pump.	2006	Journal Article
14670682		Lipomatous medulloblastoma: a rare adult tumor variant with a uniquely favorable prognosis.	2003	Case Reports
12486598		Changes in the three-dimensional angular vestibulo-ocular reflex following intratympanic gentamicin for Ménière's disease.	2002	Comparative Study
10345150		Ginkgo biloba (EGb 761) in the treatment of equilibrium disorders.	1998	Clinical Trial
8989894		Acute cyanide poisoning: clinical spectrum, diagnosis, and treatment.	1996	Journal Article
1927484		Intratympanic gentamicin therapy for Menière's disease placed by a tubal catheter with systematic isosorbide.	1991	Clinical Trial
3178565		Intratympanic gentamycin therapy for Menière's disease placed by tubal catheter with systemic isosorbide.	1988	Journal Article
3039831		Antiemetic efficacy of nabilone and dexamethasone: a randomized study of patients with lung cancer receiving chemotherapy.	1987	Clinical Trial
7094972		Effect of neomycin sulphate alone and in combination with D-thyroxine on serum lipoproteins in hypercholesterolaemic subjects.	1982	Clinical Trial
938165		Distressing side-effects of minocycline hydrochloride.	1976	Journal Article
14323655		TREATMENT OF INFECTIONS WITH COLISTIMETHATE SODIUM (COLY-MYCIN).	1965	Journal Article
41234378	10.1002/hsr2.71467	The Effectiveness and Safety of Oral N-Acetylcysteine in Combination With Narrow-Band Ultraviolet B (NB-UVB) Phototherapy Compared With NB-UVB Phototherapy Alone in the Treatment of Vitiligo: A Pilot Study.	2025	Journal Article
40304216	10.1002/14651858.CD010145.pub2	Melatonin in cancer treatment.	2025	Journal Article
40200775	10.22074/ijfs.2024.2028815.1687	Efficacy of Hyoscine N-butyl Bromide on Cervical Dilatation Prior to Hysteroscopy Procedure: An Open-Label Randomized Controlled Trial.	2025	Journal Article
39127320	10.1016/j.pharma.2024.08.002	Understanding the side effects of chronic silodosin administration via untargeted metabolomics approach.	2024	Journal Article
39087074	10.3389/fcvm.2024.1401049	Case Report: Amiodarone-induced multi-organ toxicity.	2024	Case Reports
38707045	10.7759/cureus.57535	Hyponatremia With Anticonvulsant Medications: A Narrative Review.	2024	Journal Article
38187991	10.5339/qmj.2023.36	Cerebellar Leukoencephalopathy following Fentanyl Intoxication. A case report and review of the literature.	2023	Case Reports
38166663	10.1186/s12871-023-02377-6	Effect of esketamine on postpartum depression after labor analgesia and potential mechanisms: a randomized, double-blinded controlled trial.	2024	Randomized Controlled Trial
37316424	10.1016/j.oooo.2023.02.012	The use of liquid formulation pentoxifylline and vitamin E in both established and as a prophylaxis for dental extractions "at risk" of osteoradionecrosis.	2023	Journal Article
37682124	10.1097/MD.0000000000035138	Low-dose nalmefene pretreatment reduces etomidate-induced myoclonus: A randomized, double-blind controlled trial.	2023	Randomized Controlled Trial
36126750	10.1016/j.pharma.2022.09.004	A metabolomics study: Could plasma metabolites be a guide for the prevention of tamsulosin side effects?	2023	Journal Article
36660180	10.1155/2023/9440028	Oculogyric Crisis after Initiation of Aripiprazole: A Case Report of an Active Duty Service Member.	2023	Case Reports
35633931	10.1177/20451253221092931	Treatment strategies for clozapine-induced hypotension: a systematic review.	2022	Journal Article
36815960	10.48305/arya.v18i0.2381	Atrioventricular (AV) block and sinus arrest associated with dipyridamole infusion.	2022	Case Reports
35071521	10.12998/wjcc.v10.i1.227	Zinc carnosine-based modified bismuth quadruple therapy <i>vs</i> standard triple therapy for <i>Helicobacter pylori</i> eradication: A randomized controlled study.	2022	Journal Article
34137476	10.1002/mds.28668	A Randomized, Placebo-Controlled Crossover Study with Dipyridamole for Restless Legs Syndrome.	2021	Journal Article
33435995	10.1186/s13018-020-02195-3	Distribution of the T12 erector spinal muscle plane block in the dorsal region guided by ultrasound.	2021	Journal Article
32166452	10.1007/s00066-020-01598-9	Treatment strategies to prevent and reduce gynecomastia and/or breast pain caused by antiandrogen therapy for prostate cancer : Statement from the DEGRO working group prostate cancer.	2020	Journal Article
30697066	10.2147/CMAR.S180802	Comparative study of adjuvant chemotherapeutic efficacy of docetaxel plus cyclophosphamide and doxorubicin plus cyclophosphamide in female breast cancer.	2019	Journal Article
29680437	10.1016/j.sleep.2018.02.002	Treatment of restless legs syndrome/Willis-Ekbom disease with the non-selective ENT1/ENT2 inhibitor dipyridamole: testing the adenosine hypothesis.	2018	Clinical Trial
29069878	10.5999/aps.2017.00934	The Effect of Low-Dose Nitroglycerin Ointment on Skin Flap Necrosis in Breast Reconstruction after Skin-Sparing or Nipple-Sparing Mastectomy.	2017	Journal Article
26474001	10.1097/MBP.0000000000000160	Acarbose, the α-glucosidase inhibitor, attenuates the blood pressure and splanchnic blood flow responses to meal in elderly patients with postprandial hypotension concomitant with abnormal glucose metabolism.	2016	Journal Article
26604812	10.2147/PGPM.S86444	The use of pharmacogenetics in clinical practice for the treatment of individuals with HIV infection in Thailand.	2015	Journal Article
26006222	10.1007/s00540-015-2027-7	Effect of mini-dose epidural dexmedetomidine in elective cesarean section using combined spinal-epidural anesthesia: a randomized double-blinded controlled study.	2015	Journal Article
26019424	10.4103/0972-2327.150612	Mild serotonin syndrome: A report of 12 cases.	2015	Journal Article
24798891	10.1007/s00228-014-1685-y	Adverse drug reactions in an emergency medical dispatching centre.	2014	Journal Article
23813290	10.1007/s12630-013-9989-4	Butorphanol prevents morphine-induced pruritus without increasing pain and other side effects: a systematic review of randomized controlled trials.	2013	Journal Article
23140169	10.1517/14656566.2012.742887	Potential benefits of cyproheptadine in HIV-positive patients under treatment with antiretroviral drugs including efavirenz.	2012	Journal Article
22513061		Use of pioglitazone in patients with lichen planopilaris.	2012	Journal Article
22430411		Supplementation with hydrocortisone on the 3rd-5th day following dexamethasone premedicated chemotherapy eliminated severe dizziness and postural hypotension.	2012	Case Reports
22021693		Intravenous vitamin C administration improves quality of life in breast cancer patients during chemo-/radiotherapy and aftercare: results of a retrospective, multicentre, epidemiological cohort study in Germany.	2011	Journal Article
21901716	10.1002/14651858.CD008011.pub2	Medical interventions for treating anthracycline-induced symptomatic and asymptomatic cardiotoxicity during and after treatment for childhood cancer.	2011	Journal Article
22006742		Zingiber officinale Roscoe (ginger) as an adjuvant in cancer treatment: a review.	2011	Journal Article
21249653	10.1002/14651858.CD003448.pub3	Laxatives or methylnaltrexone for the management of constipation in palliative care patients.	2011	Journal Article
21733416		Safety assessment of potentially inappropriate medications use in older people and the factors associated with hospital admission.	2011	Journal Article
20057976		Deciphering the MSG controversy.	2009	Journal Article
14990637		Enalapril to prevent cardiac function decline in long-term survivors of pediatric cancer exposed to anthracyclines.	2004	Clinical Trial
12694150		Pretreatment with sufentanil reduces myoclonus after etomidate.	2003	Clinical Trial
12030950		Paroxetine for the treatment of interferon-alpha-induced depression in chronic hepatitis C.	2002	Journal Article
11335791		Tolerability of the cytoprotective agent amifostine in elderly patients receiving chemotherapy: a comparative study.	2001	Comparative Study
10808697		Amifostine and hematologic effects.	2000	Journal Article
10617256		Analgesic effect of salmon calcitonin suppositories in patients with acute pain due to recent osteoporotic vertebral crush fractures: a prospective double-blind, randomized, placebo-controlled clinical study.	1999	Clinical Trial
10608204		Preincisional dextromethorphan decreases postoperative pain and opioid requirement after modified radical mastectomy.	1999	Clinical Trial
10349117		Beneficial effects of diphenhydramine in dystonia.	1999	Case Reports
9605002		Granisetron in repeated cycles of chemotherapy with platinum.	1998	Clinical Trial
9021651		Improved orthostatic tolerance in familial amyloidotic polyneuropathy with unnatural noradrenaline precursor L-threo-3,4-dihydroxyphenylserine.	1997	Journal Article
8649611		Intramuscular use of fosphenytoin: an overview.	1996	Journal Article
8775399		The efficacy of hyoscine hydrobromide in reducing side-effects induced during immersion in virtual reality.	1996	Clinical Trial
1929256		Hippocampal activity in the presence of quinolones and fenbufen in vitro.	1991	Journal Article
2742472		Management of reflex sweating in spinal cord injured patients.	1989	Case Reports
3281702		Antiemetic efficacy of high-dose dexamethasone: randomized, double-blind, crossover study with a combination of dexamethasone, metoclopramide and diphenhydramine.	1988	Clinical Trial
3130316		Treatment of advanced malignancies with ifosfamide under protection with mesna.	1988	Case Reports
6501380		Double blind study of the toxicity of intrathecal iopamidol and metrizamide in lumbar myelography.	1984	Comparative Study
6885176		Side-effects due to the intravenous infusion of erythromycin lactobionate.	1983	Clinical Trial
