Target.Name	prot_name	UniProt..SwissProt..Primary.ID.of.Target.Chain	name	compound_count
1,25-dihydroxyvitamin D(3) 24-hydroxylase, mitochondrial	CP24A	Q07973	['ketoconazole']	1
1-phosphatidylinositol 4,5-bisphosphate phosphodiesterase beta-3	PLCB3	Q01970	['CEFIXIME']	1
1-phosphatidylinositol 4,5-bisphosphate phosphodiesterase gamma-1 [1-999,I813T]	PLCG1	P19174	['CEFIXIME']	1
11-beta-hydroxysteroid dehydrogenase 1	DHI1	P28845	['(-)-Epigallocatechin gallate', 'curcumin', 'Ursolic acid', 'furosemide', 'carbenoxolone', 'Glycyrrhizic acid']	6
11-beta-hydroxysteroid dehydrogenase type 2	DHI2	P80365	['(-)-Epigallocatechin gallate', 'curcumin', 'Glycyrrhizic acid', 'carbenoxolone']	4
14-3-3 protein gamma	1433G	P61981	['daunorubicin', 'doxorubicin']	2
17-beta-hydroxysteroid dehydrogenase type 1	DHB1	P14061	['kaempferol', 'genistein', 'estrone', 'endosulfan', 'isoliquiritigenin', 'naringenin', 'apigenin']	7
17-beta-hydroxysteroid dehydrogenase type 2	DHB2	P37059	['curcumin', 'kaempferol', 'genistein', 'isoliquiritigenin', 'quercetin', 'naringenin', 'apigenin', 'rosmarinic acid']	8
17-beta-hydroxysteroid dehydrogenase type 3	DHB3	P37058	['curcumin', 'genistein', 'baicalein', 'apigenin']	4
2-5A-dependent ribonuclease	RN5A	Q05823	['BUTYLPARABEN']	1
26S proteasome regulatory subunit 6B	PRS6B	P43686	['Bortezomib']	1
3 beta-hydroxysteroid dehydrogenase/Delta 5-->4-isomerase type 1	3BHS1	P14060	['finasteride']	1
3-beta-hydroxysteroid-Delta(8),Delta(7)-isomerase	EBP	Q15125	['CORTICOSTERONE', 'trifluoperazine', 'haloperidol', 'terbinafine', 'testosterone', 'tamoxifen', 'progesterone', 'amiodarone']	8
3-beta-hydroxysteroid-Delta(8),Delta(7)-isomerase/7-dehydrocholesterol reductase	EBP	Q15125	['tamoxifen']	1
3-oxo-5-alpha-steroid 4-dehydrogenase 2	S5A2	P31213	['Dutasteride', 'finasteride']	2
3-phosphoinositide-dependent protein kinase 1	PDPK1	O15530	['Lapatinib', 'Imatinib', 'celecoxib', 'Vandetanib', 'Pazopanib', 'Sorafenib', 'SB-203580', 'Canertinib', 'RefChem:560289', 'KW-2449', 'niclosamide']	11
4-aminobutyrate aminotransferase, mitochondrial	GABT	P80404	['Gastrodin', 'baicalein', 'vigabatrin']	3
5'-AMP-activated protein kinase subunit beta-1	AAKB1	Q9Y478	['dorsomorphin']	1
5'-AMP-activated protein kinase subunit beta-1/5'-AMP-activated protein kinase subunit gamma-1/Dual specificity protein kinase CLK2	CLK2	P49760	['dorsomorphin']	1
5'-nucleotidase	5NTD	P21589	['quercetin']	1
5-hydroxytryptamine receptor 1A	5HT1A	P08908	['buspirone', 'Cariprazine', 'amitriptyline']	3
5-hydroxytryptamine receptor 1B	5HT1B	P28222	['Salvinorin A', 'haloperidol', 'rizatriptan', 'pramipexole', 'Ziprasidone', 'amisulpride', '182563-08-2', 'pindolol', 'bromocriptine', 'ropinirole', 'prazosin', 'MDMA', 'venlafaxine', 'pergolide', 'zolmitriptan', 'citalopram', 'quetiapine', 'piribedil', 'sumatriptan', 'apomorphine', 'duloxetine', 'Lasmiditan', 'Paliperidone', 'clomipramine', 'Aripiprazole', 'propranolol', 'oxymetazoline', 'VORTIOXETINE', 'risperidone']	29
5-hydroxytryptamine receptor 1D	5HT1D	P28221	['Salvinorin A', 'haloperidol', 'rizatriptan', 'pramipexole', 'Ziprasidone', 'amisulpride', '182563-08-2', 'pindolol', 'bromocriptine', 'ropinirole', 'prazosin', 'quercetin', 'MDMA', 'venlafaxine', 'pergolide', 'RUTIN', 'zolmitriptan', 'citalopram', 'quetiapine', 'piribedil', 'sumatriptan', 'apomorphine', 'duloxetine', 'pimozide', 'Lasmiditan', 'Paliperidone', 'clomipramine', 'Aripiprazole', 'oxymetazoline', 'risperidone']	30
5-hydroxytryptamine receptor 1E	5HT1E	P28566	['Ziprasidone', 'Paliperidone', 'amisulpride', 'Aripiprazole', 'pindolol', 'Salvinorin A', 'phentolamine', 'quetiapine', 'oxymetazoline', 'haloperidol', 'MDMA', 'sumatriptan', 'venlafaxine', 'risperidone', 'duloxetine', 'pramipexole']	16
5-hydroxytryptamine receptor 1F	5HT1F	P30939	['182563-08-2', 'pindolol', 'quetiapine', 'haloperidol', 'sumatriptan', 'venlafaxine', 'risperidone', 'duloxetine', 'Lasmiditan']	9
5-hydroxytryptamine receptor 2A	5HT2A	P28223	['Cariprazine', 'risperidone', 'Aripiprazole', 'LISURIDE']	4
5-hydroxytryptamine receptor 2A/2B/2C	5HT2A	P28223	['haloperidol', 'quetiapine']	2
5-hydroxytryptamine receptor 2B	5HT2B	P41595	['Salvinorin A', 'ondansetron', 'haloperidol', 'cabergoline', 'buspirone', 'fenfluramine', 'paroxetine', 'Ziprasidone', 'amisulpride', 'azelastine', 'fluoxetine', 'pindolol', 'bromocriptine', 'phentermine', 'ropinirole', 'Lorcaserin', 'MDMA', 'venlafaxine', 'pergolide', 'chlorpheniramine', 'trazodone', 'tranylcypromine', 'Agomelatine', 'quetiapine', 'piribedil', 'sumatriptan', 'Cariprazine', 'apomorphine', 'Dexfenfluramine', 'LISURIDE', 'Sorafenib', 'sibutramine', 'duloxetine', 'Lasmiditan', 'Aripiprazole', 'mianserin', 'propranolol', 'oxymetazoline', 'CYPROHEPTADINE', 'Melatonin', 'risperidone', 'chlorpromazine']	42
5-hydroxytryptamine receptor 2C	5HT2C	P28335	['cannabidiol', 'trifluoperazine', 'nefazodone', 'FLUPHENAZINE', 'haloperidol', 'buspirone', 'imipramine', 'fenfluramine', 'amitriptyline', 'perphenazine', 'paroxetine', 'rizatriptan', 'Ziprasidone', 'bupropion', 'FLUPERLAPINE', 'amisulpride', 'loxapine', 'azelastine', 'fluoxetine', 'pindolol', 'bromocriptine', 'mirtazapine', 'ropinirole', 'desipramine', 'venlafaxine', 'pergolide', 'Lorcaserin', 'chlorpheniramine', 'trazodone', 'tranylcypromine', 'citalopram', 'quetiapine', 'Agomelatine', 'VORTIOXETINE', 'piribedil', 'sumatriptan', 'Cariprazine', 'apomorphine', 'thioridazine', 'Dexfenfluramine', 'Sorafenib', 'sibutramine', 'LISURIDE', 'duloxetine', 'pimozide', 'Paliperidone', 'clomipramine', 'Aripiprazole', 'ADINAZOLAM', 'nortriptyline', 'prochlorperazine', 'propranolol', 'oxymetazoline', 'CYPROHEPTADINE', 'Melatonin', 'risperidone', 'promazine', 'chlorpromazine']	58
5-hydroxytryptamine receptor 3A	5HT3A	P46098	['amisulpride', 'Salvinorin A', 'Ramosetron', 'Palonosetron', 'mirtazapine', 'ondansetron', 'quercetin', 'MDMA', 'RUTIN', 'sumatriptan', 'buspirone', 'VORTIOXETINE', 'pramipexole']	13
5-hydroxytryptamine receptor 3A/3B	5HT3A	P46098	['Palonosetron']	1
5-hydroxytryptamine receptor 3A/3B/3C/3D/3E	5HT3A	P46098	['sumatriptan', 'rizatriptan']	2
5-hydroxytryptamine receptor 6	5HT6R	P50406	['Salvinorin A', 'trifluoperazine', 'FLUPHENAZINE', 'haloperidol', 'amitriptyline', 'imipramine', 'perphenazine', 'pramipexole', 'Ziprasidone', 'FLUPERLAPINE', 'amisulpride', 'loxapine', 'amoxapine', 'bromocriptine', 'ropinirole', 'quercetin', 'MDMA', 'venlafaxine', 'tamoxifen', 'RUTIN', 'toremifene', 'quetiapine', 'sumatriptan', 'Sorafenib', 'thioridazine', 'duloxetine', 'pimozide', 'clomipramine', 'dapsone', 'Aripiprazole', 'nortriptyline', 'propranolol', 'CYPROHEPTADINE', 'VORTIOXETINE', 'rasagiline', 'risperidone', 'chlorpromazine']	37
5-hydroxytryptamine receptor 7	5HT7R	P34969	['Salvinorin A', 'trifluoperazine', 'FLUPHENAZINE', 'ondansetron', 'haloperidol', 'buspirone', 'imipramine', 'perphenazine', 'pramipexole', 'Ziprasidone', 'amisulpride', 'loxapine', 'amoxapine', 'pindolol', 'mirtazapine', 'prazosin', 'ropinirole', 'MDMA', 'venlafaxine', 'quercetin', 'RUTIN', 'baicalein', 'histamine', 'TAMSULOSIN', 'quetiapine', 'Cariprazine', 'sumatriptan', 'Sorafenib', 'thioridazine', 'duloxetine', 'pimozide', 'Lasmiditan', 'Aripiprazole', 'dopamine', 'mianserin', 'propranolol', 'CYPROHEPTADINE', 'VORTIOXETINE', 'risperidone', 'chlorpromazine', 'Baicalin']	41
6-phosphogluconate dehydrogenase, decarboxylating	6PGD	P52209	['(-)-Epigallocatechin gallate', 'ketotifen', 'furosemide', '(-)-Epicatechin', 'ritodrine', 'metoclopramide', 'methotrexate', 'meloxicam']	8
7-dehydrocholesterol reductase	DHCR7	Q9UBM7	['doxorubicin', 'tamoxifen']	2
72 kDa type IV collagenase	MMP2	P08253	['Ilomastat']	1
A disintegrin and metalloproteinase with thrombospondin motifs 4	ATS4	O75173	['(-)-Epigallocatechin gallate', 'luteolin', 'Ilomastat', 'piceatannol']	4
A disintegrin and metalloproteinase with thrombospondin motifs 5	ATS5	Q9UNA0	['(-)-Epigallocatechin gallate', 'luteolin', 'Ilomastat', 'piceatannol']	4
ADP-ribosyl cyclase/cyclic ADP-ribose hydrolase 1	CD38	P28907	['resveratrol', 'Cianidanol', 'quercetin', 'piceatannol', 'luteolin']	5
ALK tyrosine kinase receptor	ALK	Q9UM73	['Lapatinib', 'Imatinib', 'Selitrectinib', 'Vandetanib', 'Repotrectinib', 'Pazopanib', 'quercetin', 'Sorafenib', 'SB-203580', 'Canertinib', 'RefChem:560289', 'KW-2449']	12
ALK tyrosine kinase receptor/Nucleophosmin	ALK	Q9UM73	['Imatinib', 'ellagic acid']	2
AP2-associated protein kinase 1	AAK1	Q2M2I8	['Lapatinib', 'Imatinib', '129-56-6', 'Vandetanib', 'Pazopanib', 'Sorafenib', 'SB-203580', 'Canertinib', 'RefChem:560289', 'KW-2449']	10
ATP-binding cassette sub-family C member 2	MRP2	Q92887	['amitriptyline']	1
ATP-binding cassette sub-family C member 3	MRP3	O15438	['isoniazid', 'ethambutol', 'fusidic acid', 'loxapine', 'acetazolamide', 'IMIQUIMOD', 'indomethacin', 'TRIAMCINOLONE ACETONIDE', 'oxiconazole', 'clofazimine', 'leflunomide', 'topiramate', 'azathioprine', 'stavudine', 'tinidazole', 'sulfisoxazole', 'minoxidil', 'terbutaline', 'hydrochlorothiazide', 'fluvoxamine', 'amoxapine', 'Lornoxicam', 'FLUTICASONE PROPIONATE', 'diphenhydramine', 'acetaminophen', 'captopril', 'MIGLITOL', 'Retinoic acid', 'ritonavir', 'azithromycin', 'lidocaine', 'oxybutynin', 'Telmisartan', 'minocycline', 'zidovudine', 'Bortezomib', 'Artemether', 'risperidone', 'irbesartan', 'amisulpride', 'famotidine', 'Pazopanib', 'mebendazole', 'carmustine', 'nitrofurantoin', 'Escitalopram', 'prochlorperazine', 'quinidine', 'NAPROXEN', 'moxifloxacin', 'voglibose', 'Voriconazole', 'dinoprost', 'ciprofloxacin', 'praziquantel', 'metoclopramide', 'norfloxacin', 'imipramine', 'etoposide', 'cefotetan', 'nitrendipine', 'diazepam', 'Medroxyprogesterone acetate', 'desipramine', 'thiotepa', 'mesna', 'tacrolimus', 'Agomelatine', 'Pioglitazone', 'nifedipine', 'Tigecycline', 'Tadalafil', 'doxorubicin', 'anastrozole', 'Clobazam', 'cinnarizine', 'isradipine', 'clarithromycin', 'Artesunate', 'Ziprasidone', 'donepezil', 'chlorpheniramine', 'VERAPAMIL', 'Gatifloxacin', 'diltiazem', 'Cladribine', 'duloxetine', 'clomipramine', 'aminoglutethimide', 'fenofibrate', 'Octreotide', 'metronidazole', 'finasteride', 'lovastatin', 'Dofetilide', 'Pefloxacin', 'metformin', 'chlorthalidone', 'propafenone', 'nalidixic acid', 'butorphanol', 'temozolomide', 'flutamide', 'TRIAMCINOLONE DIACETATE', 'rofecoxib', 'dexamethasone', 'terbinafine', 'theophylline', 'paclitaxel', 'vincristine', 'aspirin', 'Diatrizoic acid', 'PANCURONIUM BROMIDE', 'nortriptyline', 'sotalol', 'Eszopiclone', 'probenecid', 'moclobemide', 'cimetidine', 'tizanidine', 'cefuroxime axetil', 'Ezetimibe', 'ketamine', 'betamethasone', 'pindolol', 'papaverine', 'astemizole', 'Dutasteride', 'INDORAMIN', 'cytarabine', 'docetaxel', 'Lopinavir', 'Lapatinib', 'primidone', 'PRIMAQUINE', 'Bupivacaine [USAN:INN:BAN]', 'ceftriaxone', 'fluconazole', 'Telithromycin', 'methimazole', 'nalmefene', 'nevirapine', 'rosiglitazone', 'tolterodine', 'perphenazine', 'Salbutamol', '5-Fluorouracil', 'quercetin', 'piroxicam', 'venlafaxine', 'zolmitriptan', 'doxazosin', 'hydroxyurea', 'quetiapine', 'naloxone', 'simvastatin', 'enalapril', 'propranolol', 'Isotretinoin', 'LEVOFLOXACIN', 'tenoxicam', 'ondansetron', 'ramipril', 'lansoprazole', 'Strontium ranelate', 'prednisolone', 'disopyramide', 'epalrestat', 'furosemide', 'ifosfamide', 'mirtazapine', 'amoxicillin', 'tetracycline', 'dexlansoprazole', 'trazodone', 'citalopram', 'cyclosporin A', 'indinavir', 'caffeine', 'valsartan', 'meropenem', 'piracetam', 'meloxicam', 'zopiclone', 'ethosuximide', 'methylprednisolone', 'galanthamine', 'OXYTOCIN', 'nimodipine', 'nicotine', 'tubocurarine', 'GUANFACINE', 'toremifene', 'lisinopril', 'ethinyl estradiol', 'maprotiline', 'enoxacin', 'molsidomine', 'efavirenz', 'Vorinostat', 'methotrexate', 'nefopam', 'Tolcapone', 'testosterone', 'iohexol', 'indapamide', 'Epirubicin', 'tamoxifen', 'Cidofovir', 'OXCARBAZEPINE', 'carbamazepine', 'atenolol', 'Tacrine', 'amikacin', 'artemisinin', 'zalcitabine', 'PHENFORMIN', 'Levonorgestrel', 'rasagiline', 'cilostazol', 'haloperidol', 'ENTACAPONE', 'lamivudine', 'pergolide', 'Prilosec', 'dipyridamole', 'LEUCOVORIN CALCIUM', 'amlodipine', 'latanoprost', 'metoprolol', 'etretinate', 'levodopa', 'Lacosamide', 'selegiline', 'disulfiram', 'domperidone', 'Mexiletine', 'Melatonin', 'CICLOPIROX', 'bumetanide', 'tobramycin', 'nefazodone', 'FLUPHENAZINE', 'pramipexole', 'ketotifen', 'sparfloxacin', 'EFLORNITHINE', 'rotenone', 'kanamycin', 'pyrazinamide', 'terazosin', 'carvedilol', 'famciclovir', 'erythromycin', 'ribavirin', 'bifonazole', 'linezolid', 'methyldopa', 'Tolvaptan', 'Leuprolide acetate', 'Ornidazole', 'amitriptyline', 'rizatriptan', 'Levetiracetam', 'cyclophosphamide', 'chloroquine', 'formoterol', 'chloramphenicol', 'prazosin', 'colchicine', 'vigabatrin', 'celecoxib', 'mifepristone', 'Emtricitabine', 'Aripiprazole', 'dapsone', 'budesonide', 'chlorpromazine', 'ergocalciferol', 'Atomoxetine', 'baclofen', 'Pregabalin', 'mycophenolate mofetil', 'paroxetine', 'chlorzoxazone', 'fluvastatin', 'fluoxetine', 'Zoledronic acid', 'propylthiouracil', 'diazoxide', 'estradiol', 'busulfan', 'albendazole', 'ofloxacin', 'SOMATOSTATIN', 'sumatriptan', 'ganciclovir', 'riluzole', 'timolol', 'Imatinib', 'ticlopidine', 'cabergoline', 'CEFIXIME', 'zolpidem', 'bupropion', 'amiodarone', 'pentoxifylline', 'piribedil', 'apomorphine', 'ketorolac', 'promethazine', 'ETHACRYNIC ACID', 'oseltamivir', 'Quinine']	314
ATP-binding cassette sub-family C member 4	MRP4	O15439	['isoniazid', 'ethambutol', 'fusidic acid', 'loxapine', 'acetazolamide', 'IMIQUIMOD', 'indomethacin', 'TRIAMCINOLONE ACETONIDE', 'oxiconazole', 'clofazimine', 'leflunomide', 'topiramate', 'azathioprine', 'stavudine', 'tinidazole', 'sulfisoxazole', 'minoxidil', 'terbutaline', 'hydrochlorothiazide', 'fluvoxamine', 'amoxapine', 'Lornoxicam', 'FLUTICASONE PROPIONATE', 'diphenhydramine', 'acetaminophen', 'captopril', 'MIGLITOL', 'Retinoic acid', 'ritonavir', 'azithromycin', 'lidocaine', 'oxybutynin', 'Telmisartan', 'minocycline', 'zidovudine', 'Bortezomib', 'Artemether', 'risperidone', 'irbesartan', 'amisulpride', 'famotidine', 'Pazopanib', 'mebendazole', 'carmustine', 'nitrofurantoin', 'Escitalopram', 'prochlorperazine', 'quinidine', 'NAPROXEN', 'moxifloxacin', 'voglibose', 'Voriconazole', 'dinoprost', 'ciprofloxacin', 'praziquantel', 'metoclopramide', 'norfloxacin', 'imipramine', 'etoposide', 'cefotetan', 'nitrendipine', 'diazepam', 'Medroxyprogesterone acetate', 'desipramine', 'thiotepa', 'mesna', 'tacrolimus', 'Agomelatine', 'Pioglitazone', 'nifedipine', 'Tigecycline', 'Tadalafil', 'doxorubicin', 'anastrozole', 'Clobazam', 'cinnarizine', 'isradipine', 'clarithromycin', 'Artesunate', 'Ziprasidone', 'donepezil', 'chlorpheniramine', 'VERAPAMIL', 'Gatifloxacin', 'diltiazem', 'Cladribine', 'duloxetine', 'clomipramine', 'aminoglutethimide', 'fenofibrate', 'Octreotide', 'metronidazole', 'finasteride', 'lovastatin', 'Dofetilide', 'Pefloxacin', 'metformin', 'chlorthalidone', 'propafenone', 'nalidixic acid', 'butorphanol', 'temozolomide', 'flutamide', 'TRIAMCINOLONE DIACETATE', 'rofecoxib', 'dexamethasone', 'terbinafine', 'theophylline', 'paclitaxel', 'vincristine', 'aspirin', 'Diatrizoic acid', 'PANCURONIUM BROMIDE', 'nortriptyline', 'sotalol', 'Eszopiclone', 'probenecid', 'moclobemide', 'cimetidine', 'tizanidine', 'cefuroxime axetil', 'Ezetimibe', 'ketamine', 'betamethasone', 'pindolol', 'papaverine', 'astemizole', 'Dutasteride', 'INDORAMIN', 'cytarabine', 'docetaxel', 'Lopinavir', 'Lapatinib', 'primidone', 'PRIMAQUINE', 'Bupivacaine [USAN:INN:BAN]', 'ceftriaxone', 'fluconazole', 'Telithromycin', 'methimazole', 'nalmefene', 'nevirapine', 'rosiglitazone', 'tolterodine', 'perphenazine', 'Salbutamol', '5-Fluorouracil', 'quercetin', 'piroxicam', 'venlafaxine', 'zolmitriptan', 'doxazosin', 'hydroxyurea', 'quetiapine', 'naloxone', 'simvastatin', 'enalapril', 'propranolol', 'Isotretinoin', 'LEVOFLOXACIN', 'tenoxicam', 'ondansetron', 'ramipril', 'lansoprazole', 'Strontium ranelate', 'prednisolone', 'disopyramide', 'epalrestat', 'furosemide', 'ifosfamide', 'mirtazapine', 'amoxicillin', 'tetracycline', 'dexlansoprazole', 'trazodone', 'citalopram', 'cyclosporin A', 'indinavir', 'caffeine', 'valsartan', 'meropenem', 'piracetam', 'meloxicam', 'zopiclone', 'ethosuximide', 'methylprednisolone', 'galanthamine', 'OXYTOCIN', 'nimodipine', 'nicotine', 'tubocurarine', 'GUANFACINE', 'toremifene', 'lisinopril', 'ethinyl estradiol', 'maprotiline', 'enoxacin', 'molsidomine', 'efavirenz', 'Vorinostat', 'methotrexate', 'nefopam', 'Tolcapone', 'testosterone', 'iohexol', 'indapamide', 'Epirubicin', 'tamoxifen', 'Cidofovir', 'OXCARBAZEPINE', 'carbamazepine', 'atenolol', 'Tacrine', 'amikacin', 'artemisinin', 'zalcitabine', 'PHENFORMIN', 'Levonorgestrel', 'rasagiline', 'cilostazol', 'haloperidol', 'ENTACAPONE', 'lamivudine', 'pergolide', 'Prilosec', 'dipyridamole', 'LEUCOVORIN CALCIUM', 'amlodipine', 'latanoprost', 'metoprolol', 'etretinate', 'levodopa', 'Lacosamide', 'selegiline', 'disulfiram', 'domperidone', 'Mexiletine', 'Melatonin', 'CICLOPIROX', 'bumetanide', 'tobramycin', 'nefazodone', 'FLUPHENAZINE', 'pramipexole', 'ketotifen', 'sparfloxacin', 'EFLORNITHINE', 'rotenone', 'kanamycin', 'pyrazinamide', 'terazosin', 'carvedilol', 'famciclovir', 'erythromycin', 'ribavirin', 'bifonazole', 'linezolid', 'methyldopa', 'Tolvaptan', 'Leuprolide acetate', 'Ornidazole', 'amitriptyline', 'rizatriptan', 'Levetiracetam', 'cyclophosphamide', 'chloroquine', 'formoterol', 'chloramphenicol', 'prazosin', 'colchicine', 'vigabatrin', 'celecoxib', 'mifepristone', 'Emtricitabine', 'Aripiprazole', 'dapsone', 'budesonide', 'chlorpromazine', 'ergocalciferol', 'Atomoxetine', 'baclofen', 'Pregabalin', 'mycophenolate mofetil', 'paroxetine', 'chlorzoxazone', 'fluvastatin', 'fluoxetine', 'Zoledronic acid', 'propylthiouracil', 'diazoxide', 'estradiol', 'busulfan', 'albendazole', 'ofloxacin', 'SOMATOSTATIN', 'sumatriptan', 'ganciclovir', 'riluzole', 'timolol', 'Imatinib', 'ticlopidine', 'cabergoline', 'CEFIXIME', 'zolpidem', 'bupropion', 'amiodarone', 'pentoxifylline', 'piribedil', 'apomorphine', 'ketorolac', 'promethazine', 'ETHACRYNIC ACID', 'oseltamivir', 'Quinine']	314
ATP-binding cassette sub-family C member 5	MRP5	O15440	['dipyridamole']	1
ATP-dependent translocase ABCB1	MDR1	P08183	['doxorubicin', 'cyclosporin A', 'Hernandezine', 'apigenin', 'VERAPAMIL']	5
Acetylcholine receptor subunit alpha/beta/delta/gamma	ACHA	P02708	['bupropion', 'nicotine']	2
Acetylcholine receptor subunit epsilon	ACHE	Q04844	['donepezil', 'Tacrine', 'galanthamine']	3
Acetylcholinesterase	ACES	P22303	['caffeic acid', 'trolox', 'ranitidine', 'nefazodone', 'L-serine', 'metoclopramide', 'physostigmine', 'thioctic acid', '9H-Pyrido[3,4-B]indole', 'luteolin', 'galanthamine', 'Psoralen', 'kaempferol', 'fluoxetine', 'alfuzosin', 'hesperetin', 'papaverine', 'donepezil', 'lipoic acid', 'Pazopanib', 'quercetin', 'salicylic acid', 'O-XYLENE', 'RUTIN', 'Tanshinone IIA', 'ellagic acid', 'berberine chloride', 'BERBAMINE', 'p-benzoquinone', 'curcumin', 'rasagiline', 'Tanshinone I', 'citalopram', '58560-75-1', 'pentoxifylline', 'Cynaroside', 'apigenin', 'caffeine', 'CARVACROL', 'toluene', 'rivastigmine', 'pyridostigmine', 'Tacrine', 'M-XYLENE', 'selegiline', 'resveratrol', 'P-XYLENE', 'memantine', 'dichlorvos', 'naringenin', 'Capsaicin', 'methoxsalen', 'Dieckol', 'Galangin', 'ferulic acid']	55
Acid-sensing ion channel 3	ASIC3	Q9UHC3	['AMILORIDE']	1
Acidic mammalian chitinase	CHIA	Q9BZP6	['acetazolamide']	1
Activated CDC42 kinase 1	ACK1	Q07912	['Lapatinib', 'Imatinib', 'Vandetanib', 'Larotrectinib', 'Pazopanib', 'Sorafenib', 'SB-203580', 'Canertinib', 'RefChem:560289', 'KW-2449']	10
Activin receptor type-1	ACVR1	Q04771	['Lapatinib', 'Imatinib', 'Vandetanib', 'dorsomorphin', 'Pazopanib', 'Sorafenib', 'SB-203580', 'Canertinib', 'RefChem:560289', 'KW-2449', 'MOMELOTINIB']	11
Activin receptor type-1B	ACV1B	P36896	['Lapatinib', 'Imatinib', 'Vandetanib', 'dorsomorphin', 'Pazopanib', 'Sorafenib', 'SB-203580', 'Canertinib', 'RefChem:560289', 'KW-2449']	10
Activin receptor type-2A	AVR2A	P27037	['Lapatinib', 'Imatinib', 'Vandetanib', 'Pazopanib', 'Sorafenib', 'SB-203580', 'Canertinib', 'RefChem:560289', 'KW-2449']	9
Activin receptor type-2B	AVR2B	Q13705	['Lapatinib', 'Imatinib', 'Vandetanib', 'Pazopanib', 'Sorafenib', 'SB-203580', 'Canertinib', 'RefChem:560289', 'KW-2449']	9
Adenosine 3'-phospho 5'-phosphosulfate transporter 1	S35B2	Q8TB61	['Desvenlafaxine']	1
Adenosine deaminase	ADA	P00813	['adenosine']	1
Adenosine receptor A1	AA1R	P30542	['5-azacytidine', 'adenosine', 'N-(2-Aminoethyl)-2-(4-(2-(4-((9-((2R,3R,4S,5R)-3,4-dihydroxy-5-(hydroxymethyl)tetrahydrofuran-2-yl)-9H-purin-6-yl)amino)phenyl)acetamido)phenyl)acetamide', 'Desvenlafaxine', 'CCPA', '8-Cyclopentyl-1,3-dipropylxanthine', 'Regadenoson', 'ribavirin', 'naloxone', 'theophylline', 'caffeine']	11
Adenosine receptor A2a	AA2AR	P29274	['adenosine', 'R-PIA', 'N-(2-Aminoethyl)-2-(4-(2-(4-((9-((2R,3R,4S,5R)-3,4-dihydroxy-5-(hydroxymethyl)tetrahydrofuran-2-yl)-9H-purin-6-yl)amino)phenyl)acetamido)phenyl)acetamide', 'propranolol', 'AMILORIDE', 'CCPA', 'pentoxifylline', '8-Cyclopentyl-1,3-dipropylxanthine', 'Regadenoson', 'theophylline', 'Galangin', 'caffeine']	12
Adenosine receptor A2a/A2b	AA2AR	P29274	['caffeine', 'adenosine', 'theophylline', '8-Cyclopentyl-1,3-dipropylxanthine']	4
Adenosine receptor A2b	AA2BR	P29275	['adenosine', 'R-PIA', 'CCPA', 'pentoxifylline', '8-Cyclopentyl-1,3-dipropylxanthine', 'Regadenoson', 'theophylline', 'caffeine']	8
Adenosine receptor A3	AA3R	P0DMS8	['5-azacytidine', 'adenosine', 'R-PIA', 'N-(2-Aminoethyl)-2-(4-(2-(4-((9-((2R,3R,4S,5R)-3,4-dihydroxy-5-(hydroxymethyl)tetrahydrofuran-2-yl)-9H-purin-6-yl)amino)phenyl)acetamido)phenyl)acetamide', 'propranolol', 'CCPA', '8-Cyclopentyl-1,3-dipropylxanthine', 'quercetin', 'Regadenoson', 'theophylline', 'Galangin', 'caffeine']	12
Adenylate cyclase type 1	ADCY1	Q08828	['forskolin']	1
Advanced glycosylation end product-specific receptor	RAGE	Q15109	['945714-67-0', 'quinolinic acid']	2
Albumin	ALBU	P02768	['Imatinib', 'abacavir', 'hydrochlorothiazide', 'warfarin', 'flurbiprofen', 'zolpidem', 'halothane', 'furosemide', 'lamivudine', 'salicylic acid', 'diazepam', 'indomethacin', 'desipramine', 'ketoprofen', 'ALPIDEM', 'diclofenac', 'ofloxacin', '58560-75-1', 'Emtricitabine', 'ketorolac', 'VANCOMYCIN', 'zalcitabine', 'propranolol', 'sotalol', 'erythromycin', 'zidovudine', 'stavudine', 'chlorpromazine', 'Quinine']	29
Aldehyde dehydrogenase 1A1	AL1A1	P00352	['disulfiram', 'perphenazine']	2
Aldehyde dehydrogenase, mitochondrial	ALDH2	P05091	['disulfiram']	1
Aldehyde oxidase	AOXA	Q06278	['genistein', 'domperidone', 'ethinyl estradiol', 'estradiol', 'perphenazine', 'chlorpromazine', 'cimetidine']	7
Aldo-keto reductase family 1 member A1	AK1A1	P14550	['epalrestat', 'VALPROIC ACID', 'Caffeic acid phenethyl ester']	3
Aldo-keto reductase family 1 member B1	ALDR	P15121	['epalrestat', 'flurbiprofen']	2
Aldo-keto reductase family 1 member B10	AK1BA	O60218	['flurbiprofen']	1
Aldo-keto reductase family 1 member C1	AK1C1	Q04828	['diazepam', 'Medroxyprogesterone acetate', 'indomethacin', 'NAPROXEN', 'Caffeic acid phenethyl ester', 'flurbiprofen']	6
Aldo-keto reductase family 1 member C2	AK1C2	P52895	['diazepam', 'Medroxyprogesterone acetate', 'indomethacin', 'NAPROXEN', 'Caffeic acid phenethyl ester', 'flurbiprofen']	6
Aldo-keto reductase family 1 member C3	AK1C3	P42330	['58560-75-1', 'diazepam', 'Medroxyprogesterone acetate', 'indomethacin', 'NAPROXEN', 'Caffeic acid phenethyl ester', 'berberine chloride', 'flurbiprofen']	8
Aldo-keto reductase family 1 member C4	AK1C4	P17516	['flurbiprofen']	1
Alkaline phosphatase, germ cell type	PPBN	P10696	['curcumin', 'Mangiferin', 'Cianidanol', '(-)-Epicatechin']	4
Alkaline phosphatase, tissue-nonspecific isozyme	PPBT	P05186	['curcumin', '(-)-Epicatechin', 'Cianidanol', 'theophylline', 'Mangiferin']	5
Alpha-1A adrenergic receptor	ADA1A	P35348	['epinephrine', 'Salvinorin A', 'trifluoperazine', 'nefazodone', 'FLUPHENAZINE', 'haloperidol', 'fluvoxamine', 'buspirone', 'imipramine', 'amitriptyline', 'paroxetine', 'perphenazine', 'pramipexole', 'Ziprasidone', 'bupropion', 'amisulpride', 'loxapine', 'azelastine', 'alfuzosin', 'fluoxetine', 'bromocriptine', 'ropinirole', 'prazosin', 'desipramine', 'MDMA', 'venlafaxine', 'INDORAMIN', 'pergolide', 'quercetin', 'RUTIN', 'mirtazapine', 'trazodone', 'TAMSULOSIN', 'doxazosin', 'phentolamine', 'citalopram', 'quetiapine', 'terazosin', 'piribedil', 'apomorphine', 'thioridazine', 'brimonidine', 'duloxetine', 'pimozide', 'Paliperidone', 'clomipramine', 'Aripiprazole', 'ADINAZOLAM', 'nortriptyline', 'prochlorperazine', 'Silodosin', 'propranolol', 'oxymetazoline', 'clonidine', 'risperidone', 'promazine', 'chlorpromazine']	57
Alpha-1D adrenergic receptor	ADA1D	P25100	['amisulpride', 'alfuzosin', 'TAMSULOSIN', 'Silodosin', 'bromocriptine', 'doxazosin', 'phentolamine', 'DEXMEDETOMIDINE', 'ropinirole', 'oxymetazoline', 'piribedil', 'prazosin', 'terazosin', 'clonidine', 'apomorphine', 'INDORAMIN', 'pergolide']	17
Alpha-2A adrenergic receptor	ADA2A	P08913	['amitriptyline']	1
Alpha-2A adrenergic/Mu-type opioid receptor	OPRM	P35372	['morphine']	1
Alpha-amylase 1A	AMY1A	P0DUB6	['(-)-Epigallocatechin gallate', 'luteolin', 'quercetin']	3
Alpha-ketoglutarate-dependent dioxygenase FTO	FTO	Q9C0B1	['Amonafide', 'Tacrine', 'L-glutamic acid', 'AMILORIDE', 'ENTACAPONE', 'emodin', 'malic acid', 'fumaric acid']	8
Alpha-synuclein	SYUA	P37840	['curcumin']	1
Amiloride-sensitive sodium channel subunit alpha	SCNNA	P37088	['Benzamil', 'AMILORIDE']	2
Amine oxidase [flavin-containing] A	AOFA	P21397	['selegiline', 'rasagiline', 'Phenelzine', 'moclobemide', 'linezolid']	5
Amine oxidase [flavin-containing] B	AOFB	P27338	['rasagiline', 'Phenelzine', 'selegiline']	3
Amine oxidase [flavin-containing] B [I199F]	AOFB	P27338	['rasagiline']	1
Aminopeptidase N	AMPN	P15144	['curcumin']	1
Amyloid-beta precursor protein	A4	P05067	['caffeic acid', 'Sarsasapogenin', 'Gallic acid', 'Caffeic acid phenethyl ester', 'luteolin', 'TAXIFOLIN', 'flurbiprofen', 'amodiaquine', 'retinol', '(-)-Epigallocatechin gallate', 'kaempferol', 'chloroquine', 'CHLOROGENIC ACID', 'donepezil', 'salicylic acid', 'quercetin', 'ellagic acid', 'curcumin', 'Retinoic acid', 'apigenin', 'rosmarinic acid', 'Tacrine', 'resveratrol', '(-)-Epicatechin', 'isoliquiritigenin', 'Dihydromyricetin', 'Vorinostat', 'Galangin', 'ferulic acid']	29
Androgen receptor	ANDR	P10275	['genistein', 'dorzolamide', 'testosterone propionate', 'testosterone', 'salicylamide', 'prednisolone', 'spironolactone', 'kaempferol', 'Medroxyprogesterone acetate', 'indomethacin', 'progesterone', 'flutamide', 'estradiol', 'mifepristone', 'dexamethasone', 'apigenin', 'Bisphenol A', 'eugenol', 'ZINGERONE']	19
Angiopoietin-1 receptor	TIE2	Q02763	['Lapatinib', 'Imatinib', 'Regorafenib', 'Vandetanib', 'Pazopanib', 'ampicillin', 'Sorafenib', 'SB-203580', 'ellagic acid', 'Canertinib', 'RefChem:560289', 'KW-2449', 'niclosamide']	13
Angiotensin-converting enzyme	ACE	P12821	['Telmisartan', 'enalapril', 'captopril', 'losartan', 'PERINDOPRIL', 'ramipril', 'Gallic acid', 'lisinopril', 'bucillamine', 'MOEXIPRIL', 'ellagic acid']	11
Angiotensin-converting enzyme 2	ACE2	Q9BYF1	['enalapril', 'chloroquine', 'captopril', 'emodin', 'Nirmatrelvir', 'hydroxychloroquine', 'Honokiol']	7
Ankyrin repeat and protein kinase domain-containing protein 1	ANKK1	Q8NFD2	['Lapatinib', 'Imatinib', 'Vandetanib', 'Pazopanib', 'Sorafenib', 'SB-203580', 'Canertinib', 'RefChem:560289', 'KW-2449']	9
Anoctamin-1	ANO1	Q5XXA6	['niclosamide']	1
Apelin receptor	APJ	P35414	['disulfiram', 'MIGLITOL', 'APELIN-13', 'HELENALIN']	4
Apoptotic protease-activating factor 1	APAF	O14727	['benzethonium chloride', 'Tanshinone IIA', 'doxorubicin', 'CEFIXIME']	4
Arachidonate 5-lipoxygenase-activating protein	AL5AP	P20292	['acetaminophen']	1
Arginase-1	ARGI1	P05089	['piceatannol']	1
Aromatase	CP19A	P11511	['genistein', 'Ursolic acid', 'naringin', 'testosterone', 'clotrimazole', '5-Fluorouracil', 'quercetin', 'ketoconazole', 'linolenic acid', 'chrysin', 'Sorafenib', 'apigenin', 'fluconazole', 'Lumefantrine', 'resveratrol', 'aminoglutethimide', 'naringenin', 'isoliquiritigenin', 'anastrozole', 'Galangin']	20
Aryl hydrocarbon receptor	AHR	P35869	"['kaempferol', '2,3,7,8-TETRACHLORODIBENZO-P-DIOXIN', 'kynurenic acid', 'Necrostatin-1', ""3,3',4,4',5-Pentachlorobiphenyl"", 'RefChem:910044']"	6
Atypical kinase COQ8A, mitochondrial	COQ8A	Q8NI60	['Lapatinib', 'Imatinib', 'Vandetanib', 'Pazopanib', 'Sorafenib', 'SB-203580', 'Canertinib', 'RefChem:560289', 'KW-2449']	9
Atypical kinase COQ8B, mitochondrial	COQ8B	Q96D53	['Lapatinib', 'Imatinib', 'Vandetanib', 'Pazopanib', 'Sorafenib', 'SB-203580', 'Canertinib', 'RefChem:560289', 'KW-2449']	9
Aurora kinase A	AURKA	O14965	['oxycodone', 'Lapatinib', 'Imatinib', '129-56-6', 'Vandetanib', 'doxorubicin', 'Pazopanib', 'Sorafenib', 'SB-203580', 'ellagic acid', 'Canertinib', 'RefChem:560289', 'KW-2449', 'niclosamide']	14
Aurora kinase B	AURKB	Q96GD4	['Imatinib', 'Vandetanib', 'luteolin', 'Canertinib', 'KW-2449', 'kaempferol', 'Isorhamnetin', 'Pazopanib', 'quercetin', 'ellagic acid', 'RefChem:560289', 'baicalein', 'Lapatinib', 'oxycodone', 'Pexidartinib', 'Sorafenib', 'apigenin', 'SB-203580', 'Galangin', 'Baicalin']	20
Aurora kinase C	AURKC	Q9UQB9	['Lapatinib', 'Imatinib', '129-56-6', 'Vandetanib', 'Pazopanib', 'Sorafenib', 'SB-203580', 'Canertinib', 'RefChem:560289', 'KW-2449']	10
B-cell CLL/lymphoma 9 protein	BCL9	O00512	['quercetin']	1
BDNF/NT-3 growth factors receptor	NTRK2	Q16620	['Selitrectinib', 'Larotrectinib', 'Repotrectinib']	3
BMP-2-inducible protein kinase	BMP2K	Q9NSY1	['Lapatinib', 'Imatinib', '129-56-6', 'Vandetanib', 'Pazopanib', 'Sorafenib', 'SB-203580', 'Canertinib', 'RefChem:560289', 'KW-2449']	10
Bcl-2-like protein 1	B2CL1	Q07817	['resveratrol', 'Navitoclax']	2
Bcl-2-like protein 11	B2L11	O43521	['chlorhexidine', 'fluconazole', 'IDARUBICIN', 'sotalol', 'Closantel', 'anisomycin', 'Cladribine', 'isoliquiritigenin', 'lisinopril', 'methotrexate']	10
Bcl-2-like protein 2	B2CL2	Q92843	['apomorphine', 'Navitoclax']	2
Bcl-2-related protein A1	B2LA1	Q16548	['apomorphine']	1
Bcl2-associated agonist of cell death	BAD	Q92934	['Navitoclax']	1
Beta-1 adrenergic receptor	ADRB1	P08588	['betaxolol', 'epinephrine', 'terbutaline', 'practolol', 'Ziprasidone', 'amisulpride', 'pindolol', 'bromocriptine', 'Salbutamol', 'formoterol', 'ropinirole', 'labetalol', 'pergolide', 'quetiapine', 'piribedil', 'fenoterol', 'apomorphine', 'carvedilol', 'atenolol', 'metoprolol', 'CARTEOLOL', 'Aripiprazole', 'Paliperidone', 'propranolol', 'sotalol', 'timolol', 'VORTIOXETINE', 'risperidone']	28
Beta-1/Beta-2/Beta-3 adrenergic receptor	ADRB1	P08588	['propranolol', 'sotalol']	2
Beta-2 adrenergic receptor	ADRB2	P07550	['epinephrine', 'terbutaline', 'phenoxybenzamine', 'haloperidol', 'Iprindole', 'practolol', 'imipramine', 'pramipexole', 'Ziprasidone', 'amisulpride', 'clotrimazole', 'pindolol', 'bromocriptine', 'Salbutamol', 'formoterol', 'ropinirole', 'labetalol', 'pergolide', 'benzene', 'phentolamine', 'quetiapine', 'piribedil', 'fenoterol', 'apomorphine', 'carvedilol', 'atenolol', 'metoprolol', 'Paliperidone', 'Aripiprazole', 'dopamine', 'nortriptyline', 'propranolol', 'protriptyline', 'sotalol', 'timolol', 'VORTIOXETINE', 'risperidone', 'promazine', 'AMPHETAMINE']	39
Beta-3 adrenergic receptor	ADRB3	P13945	['metoprolol', 'amisulpride', 'pindolol', 'propranolol', 'epinephrine', 'Salbutamol', 'sotalol', 'formoterol', 'terbutaline', 'labetalol', 'fenoterol', 'carvedilol', 'practolol', 'atenolol', 'pramipexole']	15
Beta-adrenergic receptor kinase 1	ARBK1	P25098	['terbutaline', 'paroxetine']	2
Beta-arrestin-1	ARRB1	P49407	['ebselen']	1
Beta-secretase 1	BACE1	P56817	['(-)-Epigallocatechin gallate', 'caffeic acid', 'curcumin', 'kaempferol', 'coumarin', 'chloroquine', '(-)-Epicatechin', 'donepezil', 'isoliquiritigenin', 'quercetin', 'methoxsalen', 'RUTIN', 'Dieckol', 'Osthole', 'apigenin', 'luteolin', 'ellagic acid', 'Psoralen']	18
Bifunctional purine biosynthesis protein ATIC	PUR9	P31939	['methotrexate']	1
Bile acid receptor	NR1H4	Q96RI1	['clotrimazole', 'URSODEOXYCHOLIC ACID', 'JWH-015', 'thyroxine', 'Fulvestrant', 'DEOXYCHOLIC ACID']	6
Bile salt export pump	ABCBB	O95342	['amitriptyline']	1
Bombesin receptor subtype-3	BRS3	P32247	['Prilosec']	1
Bone morphogenetic protein 4	BMP4	P12644	['dorsomorphin']	1
Bone morphogenetic protein receptor type-2	BMPR2	Q13873	['Lapatinib', 'Imatinib', 'Vandetanib', 'dorsomorphin', 'Pazopanib', 'Sorafenib', 'SB-203580', 'Canertinib', 'RefChem:560289', 'KW-2449']	10
Breakpoint cluster region protein/Tyrosine-protein kinase ABL1	ABL1	P00519	['Imatinib', 'resveratrol', 'beta-CYCLODEXTRIN', 'geldanamycin', 'Pterostilbene']	5
Broad substrate specificity ATP-binding cassette transporter ABCG2	ABCG2	Q9UNQ0	['Imatinib', 'genistein', 'Vandetanib', 'licochalcone a', 'Tangeretin', 'abacavir', 'pantoprazole', 'lansoprazole', 'luteolin', 'fusidic acid', 'kaempferol', 'rapamycin', 'furosemide', 'nimodipine', 'Atazanavir', 'nitrendipine', 'quercetin', 'Lopinavir', 'progesterone', 'Prilosec', 'VERAPAMIL', 'Delavirdine', 'curcumin', 'Lapatinib', 'tacrolimus', 'diltiazem', 'chrysin', 'cyclosporin A', 'proguanil', 'dipyridamole', 'ritonavir', 'Sorafenib', 'thioridazine', 'apigenin', 'clofazimine', 'mitoxantrone', 'caffeine', 'Telmisartan', 'nifedipine', 'estrone', 'Regorafenib', 'atorvastatin', 'Nobiletin', 'losartan', 'efavirenz', 'fenofibrate']	46
C-C chemokine receptor type 1	CCR1	P32246	"[""2,2'-BIPYRIDINE""]"	1
C-C chemokine receptor type 8	CCR8	P51685	"[""2,2'-BIPYRIDINE""]"	1
C-C motif chemokine 2	CCL2	P13500	['Fasudil', 'Ximelegatran']	2
C-X-C chemokine receptor type 1/2	CXCR2	P25025	['DEXKETOPROFEN']	1
C-X-C chemokine receptor type 2	CXCR2	P25025	['182498-32-4']	1
CDGSH iron-sulfur domain-containing protein 1	CISD1	Q9NZ45	['curcumin', 'kaempferol', 'URSODEOXYCHOLIC ACID', 'furosemide', 'rosiglitazone', 'doxorubicin', 'Adenosine triphosphate', 'cccp', 'dantrolene', 'nitrofurantoin', 'Pioglitazone']	11
CDK-activating kinase assembly factor MAT1/Cyclin-H/Cyclin-dependent kinase 7	CCNH	P51946	['SU9516', 'RefChem:560289', 'Ribociclib']	3
COUP transcription factor 2	COT2	P24468	['cycloheximide']	1
CREB-binding protein	CBP	Q92793	['(-)-Epigallocatechin gallate', 'curcumin']	2
CREB-binding protein/Histone acetyltransferase p300	CBP	Q92793	['curcumin']	1
Calcitonin gene-related peptide 1	CALCA	P06881	['CHEBI:36257']	1
Calcium/calmodulin-dependent protein kinase kinase 1	KKCC1	Q8N5S9	['Lapatinib', 'Imatinib', 'Vandetanib', 'Pazopanib', '890842-28-1', 'Sorafenib', 'SB-203580', 'Canertinib', 'RefChem:560289', 'KW-2449']	10
Calcium/calmodulin-dependent protein kinase kinase 2	KKCC2	Q96RR4	['Lapatinib', 'Imatinib', '129-56-6', 'Vandetanib', 'Pazopanib', '890842-28-1', 'Sorafenib', 'SB-203580', 'Canertinib', 'RefChem:560289', 'KW-2449']	11
Calcium/calmodulin-dependent protein kinase type 1	KCC1A	Q14012	['Lapatinib', 'Imatinib', '129-56-6', 'Vandetanib', 'Pazopanib', 'Sorafenib', 'SB-203580', 'Canertinib', 'RefChem:560289', 'KW-2449']	10
Calcium/calmodulin-dependent protein kinase type 1D	KCC1D	Q8IU85	['Lapatinib', 'Imatinib', '129-56-6', 'Vandetanib', 'Pazopanib', 'Sorafenib', 'SB-203580', 'Canertinib', 'RefChem:560289', 'KW-2449']	10
Calcium/calmodulin-dependent protein kinase type 1G	KCC1G	Q96NX5	['Lapatinib', 'Imatinib', '129-56-6', 'Vandetanib', 'Pazopanib', 'Sorafenib', 'SB-203580', 'Canertinib', 'RefChem:560289', 'KW-2449']	10
Calcium/calmodulin-dependent protein kinase type II subunit alpha	KCC2A	Q9UQM7	['curcumin', 'Lapatinib', 'Imatinib', 'Bisdemethoxycurcumin', 'Vandetanib', '4-Hydroxybutanoic acid', 'Pazopanib', 'Sorafenib', 'SB-203580', 'Canertinib', 'RefChem:560289', 'KW-2449']	12
Calcium/calmodulin-dependent protein kinase type II subunit beta	KCC2B	Q13554	['Lapatinib', 'Imatinib', 'Vandetanib', 'Pazopanib', 'quercetin', 'Sorafenib', 'SB-203580', 'Canertinib', 'RefChem:560289', 'KW-2449']	10
Calcium/calmodulin-dependent protein kinase type IV	KCC4	Q16566	['Lapatinib', 'Imatinib', 'Vandetanib', 'Pazopanib', 'Sorafenib', 'SB-203580', 'Canertinib', 'RefChem:560289', 'KW-2449']	9
Calpain small subunit 1/1 catalytic subunit	CAN1	P07384	['110044-82-1']	1
Calpain-1 catalytic subunit	CAN1	P07384	['Leupeptin', '110044-82-1', 'calpeptin', 'Calpain inhibitor II']	4
Cannabinoid receptor 1	CNR1	P21554	['(-)-Epigallocatechin gallate', 'Tacrine', 'Desvenlafaxine', 'JWH-015', 'Dronabinol', 'cannabidiol', 'Capsaicin', 'Nabilone', 'arachidonyl-2-chloroethylamide', 'indomethacin', '192703-06-3', 'CHEMBL3354553', 'Honokiol']	13
Cannabinoid receptor 1/2	CNR1	P21554	['JWH-015', 'Dronabinol']	2
Cannabinoid receptor 2	CNR2	P34972	['(-)-Epigallocatechin gallate', 'Tacrine', 'Desvenlafaxine', 'JWH-015', 'Dronabinol', 'cannabidiol', 'Capsaicin', 'Nabilone', 'arachidonyl-2-chloroethylamide', 'indomethacin', '192703-06-3', 'CHEMBL3354553', 'Honokiol']	13
Carbonic anhydrase 1	CAH1	P00915	['Methyl 4-hydroxybenzoate', 'Imatinib', 'bumetanide', 'ferulic acid', 'cyanide', 'caffeic acid', '5,7-DIHYDROXY-4-METHYLCOUMARIN', 'dorzolamide', 'ranitidine', 'dobutamine', 'Gallic acid', 'hydrochlorothiazide', 'Salvianolic acid A', '37353-31-4', 'luteolin', 'Tiliroside', 'Galangin', 'indapamide', 'chlorthalidone', 'kaempferol', 'coumarin', 'acetazolamide', 'Isorhamnetin', 'furosemide', 'hesperetin', 'Zoledronic acid', 'thiamine', 'propofol', 'sodium fluoride', 'salicylic acid', 'quercetin', 'Bromate', 'famotidine', 'ceftizoxime', 'ketoprofen', 'temozolomide', '2-Hydroxyquinoline', 'ellagic acid', 'TANNIC ACID', 'spermine', '4-Aminosalicylic acid', 'curcumin', 'Puerarin', 'celecoxib', 'piperine', 'Vitamin B-11', 'chlorothiazide', 'diclofenac', 'ethoxzolamide', 'acetaminophen', 'Cianidanol', 'chrysin', 'Sorafenib', 'phenol', 'apigenin', 'caffeine', 'ceftriaxone', 'hydrogen cyanide', 'aspirin', '3,4-DIHYDROXYBENZOIC ACID', 'Lacosamide', 'spermidine', 'PHENFORMIN', '(-)-Epicatechin', 'resveratrol', 'topiramate', 'naringenin', 'Ethylparaben', 'Bortezomib', 'probenecid', 'Diethyldithiocarbamate', 'zonisamide', 'TIRAPAZAMINE']	73
Carbonic anhydrase 1 + BH	CAH1	P00915	['acetazolamide']	1
Carbonic anhydrase 1/12/13/14/2/3/4/5A, mitochondrial/5B, mitochondrial/6/7/9	CAH1	P00915	['acetazolamide']	1
Carbonic anhydrase 12	CAH12	O43570	['Methyl 4-hydroxybenzoate', 'Imatinib', 'bumetanide', 'ferulic acid', 'caffeic acid', '5,7-DIHYDROXY-4-METHYLCOUMARIN', 'dorzolamide', 'dobutamine', 'Gallic acid', 'hydrochlorothiazide', 'Salvianolic acid A', 'Tiliroside', 'luteolin', 'Galangin', 'indapamide', 'chlorthalidone', 'kaempferol', 'coumarin', 'acetazolamide', 'Isorhamnetin', 'furosemide', 'hesperetin', 'Zoledronic acid', 'famotidine', 'salicylic acid', 'quercetin', 'temozolomide', '2-Hydroxyquinoline', 'ellagic acid', 'spermine', 'curcumin', 'Puerarin', 'celecoxib', 'ethoxzolamide', 'acetaminophen', 'Cianidanol', 'chrysin', 'phenol', '3,4-DIHYDROXYBENZOIC ACID', 'Lacosamide', 'spermidine', 'PHENFORMIN', 'resveratrol', 'topiramate', 'naringenin', 'Ethylparaben', 'Bortezomib', 'probenecid', 'Diethyldithiocarbamate', 'zonisamide', 'TIRAPAZAMINE']	51
Carbonic anhydrase 14	CAH14	Q9ULX7	['Methyl 4-hydroxybenzoate', 'Imatinib', 'bumetanide', 'ferulic acid', 'caffeic acid', 'dorzolamide', 'dobutamine', 'Gallic acid', 'hydrochlorothiazide', 'indapamide', 'chlorthalidone', 'coumarin', 'acetazolamide', 'furosemide', 'Zoledronic acid', 'famotidine', 'salicylic acid', 'quercetin', '2-Hydroxyquinoline', 'ellagic acid', 'spermine', 'curcumin', 'celecoxib', 'ethoxzolamide', 'acetaminophen', 'Cianidanol', 'phenol', '3,4-DIHYDROXYBENZOIC ACID', 'Lacosamide', 'spermidine', 'resveratrol', 'topiramate', 'Ethylparaben', 'Bortezomib', 'zonisamide']	35
Carbonic anhydrase 2	CAH2	P00918	['Methyl 4-hydroxybenzoate', 'Imatinib', 'bumetanide', 'ferulic acid', 'cyanide', 'caffeic acid', '5,7-DIHYDROXY-4-METHYLCOUMARIN', 'dorzolamide', 'ranitidine', 'dobutamine', 'Gallic acid', 'hydrochlorothiazide', 'ampicillin', 'Salvianolic acid A', 'luteolin', 'Tiliroside', 'Galangin', 'indapamide', 'chlorthalidone', 'kaempferol', 'coumarin', 'acetazolamide', 'Isorhamnetin', 'furosemide', 'hesperetin', 'Zoledronic acid', 'thiamine', 'propofol', 'sodium fluoride', 'salicylic acid', 'quercetin', 'Bromate', 'famotidine', 'ceftizoxime', 'ketoprofen', 'temozolomide', '2-Hydroxyquinoline', 'ellagic acid', 'TANNIC ACID', 'spermine', '4-Aminosalicylic acid', 'curcumin', 'Puerarin', 'celecoxib', 'piperine', 'Vitamin B-11', 'diclofenac', 'ethoxzolamide', 'hydroxyurea', 'acetaminophen', 'Cianidanol', 'chrysin', 'lactate', 'Sorafenib', 'phenol', 'apigenin', 'caffeine', 'ceftriaxone', 'hydrogen cyanide', 'aspirin', '3,4-DIHYDROXYBENZOIC ACID', 'Lacosamide', 'spermidine', 'PHENFORMIN', '(-)-Epicatechin', 'resveratrol', 'topiramate', 'naringenin', 'Ethylparaben', 'Bortezomib', 'probenecid', 'Diethyldithiocarbamate', 'zonisamide', 'TIRAPAZAMINE']	74
Carbonic anhydrase 3	CAH3	P07451	['caffeic acid', 'Imatinib', 'bumetanide', 'ferulic acid', 'dorzolamide', 'dobutamine', 'Gallic acid', 'hydrochlorothiazide', 'indapamide', 'chlorthalidone', 'coumarin', 'acetazolamide', 'furosemide', 'famotidine', 'salicylic acid', 'quercetin', '2-Hydroxyquinoline', 'ellagic acid', 'spermine', 'curcumin', 'celecoxib', 'ethoxzolamide', 'acetaminophen', 'Cianidanol', 'phenol', 'Lacosamide', 'spermidine', 'resveratrol', 'topiramate', 'Bortezomib', 'zonisamide']	31
Carbonic anhydrase 3 + BH	CAH3	P07451	['acetazolamide']	1
Carbonic anhydrase 4	CAH4	P22748	['caffeic acid', 'Imatinib', 'bumetanide', 'ferulic acid', 'cyanide', 'dorzolamide', 'dobutamine', 'Gallic acid', 'hydrochlorothiazide', 'Salvianolic acid A', 'Tiliroside', 'luteolin', 'Galangin', 'indapamide', 'chlorthalidone', 'kaempferol', 'coumarin', 'acetazolamide', 'Isorhamnetin', 'furosemide', 'hesperetin', 'famotidine', 'salicylic acid', 'quercetin', 'Bromate', '2-Hydroxyquinoline', 'ellagic acid', 'spermine', 'curcumin', 'Puerarin', 'celecoxib', 'ethoxzolamide', 'hydroxyurea', 'acetaminophen', 'Cianidanol', 'chrysin', 'lactate', 'phenol', 'apigenin', 'hydrogen cyanide', '3,4-DIHYDROXYBENZOIC ACID', 'Lacosamide', 'spermidine', '(-)-Epicatechin', 'resveratrol', 'topiramate', 'naringenin', 'Bortezomib', 'Diethyldithiocarbamate', 'zonisamide']	50
Carbonic anhydrase 5A, mitochondrial	CAH5A	P35218	['caffeic acid', 'Imatinib', 'bumetanide', 'ferulic acid', 'dorzolamide', 'dobutamine', 'Gallic acid', 'hydrochlorothiazide', 'indapamide', 'chlorthalidone', 'coumarin', 'acetazolamide', 'furosemide', 'famotidine', 'salicylic acid', 'quercetin', 'Bromate', '2-Hydroxyquinoline', 'ellagic acid', 'spermine', 'curcumin', 'celecoxib', 'Vitamin B-11', 'ethoxzolamide', 'hydroxyurea', 'acetaminophen', 'Cianidanol', 'lactate', 'phenol', 'Lacosamide', 'spermidine', 'resveratrol', 'topiramate', 'Bortezomib', 'zonisamide']	35
Carbonic anhydrase 5B, mitochondrial	CAH5B	Q9Y2D0	['caffeic acid', 'Imatinib', 'bumetanide', 'ferulic acid', 'dorzolamide', 'dobutamine', 'Gallic acid', 'hydrochlorothiazide', 'indapamide', 'chlorthalidone', 'coumarin', 'acetazolamide', 'furosemide', 'famotidine', 'salicylic acid', 'quercetin', '2-Hydroxyquinoline', 'ellagic acid', 'spermine', 'curcumin', 'celecoxib', 'ethoxzolamide', 'acetaminophen', 'Cianidanol', 'phenol', 'Lacosamide', 'spermidine', 'resveratrol', 'topiramate', 'Bortezomib', 'zonisamide']	31
Carbonic anhydrase 7	CAH7	P43166	['Methyl 4-hydroxybenzoate', 'Imatinib', 'bumetanide', 'ferulic acid', 'caffeic acid', 'dorzolamide', 'dobutamine', 'Gallic acid', 'hydrochlorothiazide', 'Salvianolic acid A', 'Tiliroside', 'luteolin', 'Galangin', 'indapamide', 'chlorthalidone', 'kaempferol', 'coumarin', 'acetazolamide', 'Isorhamnetin', 'furosemide', 'hesperetin', 'famotidine', 'salicylic acid', 'quercetin', '2-Hydroxyquinoline', 'ellagic acid', 'spermine', 'curcumin', 'Puerarin', 'celecoxib', 'ethoxzolamide', 'acetaminophen', 'Cianidanol', 'chrysin', 'Sorafenib', 'phenol', 'hydrogen cyanide', '3,4-DIHYDROXYBENZOIC ACID', 'Lacosamide', 'spermidine', 'resveratrol', 'topiramate', 'naringenin', 'Ethylparaben', 'Bortezomib', 'Diethyldithiocarbamate', 'zonisamide']	47
Carbonic anhydrase 7 + BH	CAH7	P43166	['acetazolamide']	1
Carbonic anhydrase 9	CAH9	Q16790	['Methyl 4-hydroxybenzoate', 'Imatinib', 'bumetanide', 'ferulic acid', 'caffeic acid', '5,7-DIHYDROXY-4-METHYLCOUMARIN', 'dorzolamide', 'dobutamine', 'Gallic acid', 'hydrochlorothiazide', 'indapamide', 'chlorthalidone', 'coumarin', 'acetazolamide', 'furosemide', 'Zoledronic acid', 'famotidine', 'salicylic acid', 'quercetin', 'Bromate', 'Pazopanib', 'temozolomide', '2-Hydroxyquinoline', 'ellagic acid', 'spermine', 'curcumin', 'celecoxib', 'diclofenac', 'ethoxzolamide', 'hydroxyurea', 'acetaminophen', 'Cianidanol', 'chrysin', 'lactate', 'Sorafenib', 'phenol', 'hydrogen cyanide', '3,4-DIHYDROXYBENZOIC ACID', 'Lacosamide', 'spermidine', 'PHENFORMIN', 'resveratrol', 'topiramate', 'Ethylparaben', 'Bortezomib', 'probenecid', 'Diethyldithiocarbamate', 'zonisamide', 'TIRAPAZAMINE']	49
Carbonyl reductase [NADPH] 1	CBR1	P16152	['chrysin', 'triclosan', 'naringenin']	3
Carboxy-terminal domain RNA polymerase II polypeptide A small phosphatase 1	CTDS1	Q9GZU7	['kaempferol', 'TRIMETAZIDINE', 'hesperidin']	3
Carnitine O-palmitoyltransferase 1, liver isoform	CPT1A	P50416	['amiodarone', 'TRIMETAZIDINE', 'PERHEXILINE']	3
Carnitine O-palmitoyltransferase 1, muscle isoform	CPT1B	Q92523	['amiodarone', 'TRIMETAZIDINE', 'PERHEXILINE']	3
Carnitine O-palmitoyltransferase 2, mitochondrial	CPT2	P23786	['amiodarone', 'TRIMETAZIDINE', 'PERHEXILINE']	3
Casein kinase I isoform alpha	KC1A	P48729	['Lapatinib', 'Imatinib', 'Vandetanib', 'Pazopanib', 'Sorafenib', 'SB-203580', 'Canertinib', 'RefChem:560289', 'KW-2449']	9
Casein kinase I isoform alpha-like	KC1AL	Q8N752	['Lapatinib', 'Imatinib', 'Vandetanib', 'Pazopanib', 'Sorafenib', 'SB-203580', 'Canertinib', 'RefChem:560289', 'KW-2449']	9
Casein kinase I isoform gamma-1	KC1G1	Q9HCP0	['Lapatinib', 'Imatinib', '129-56-6', 'Vandetanib', 'Pazopanib', 'Sorafenib', 'SB-203580', 'Canertinib', 'RefChem:560289', 'KW-2449']	10
Casein kinase I isoform gamma-2	KC1G2	P78368	['Lapatinib', 'Imatinib', 'Vandetanib', 'Pazopanib', 'Sorafenib', 'SB-203580', 'Canertinib', 'RefChem:560289', 'KW-2449']	9
Casein kinase I isoform gamma-3	KC1G3	Q9Y6M4	['Lapatinib', 'Imatinib', 'Vandetanib', 'Pazopanib', 'Sorafenib', 'SB-203580', 'Canertinib', 'RefChem:560289', 'KW-2449']	9
Casein kinase II subunit alpha	CSK21	P68400	['Imatinib', 'Lapatinib', 'SB-203580', 'Vandetanib', 'emodin', 'Pazopanib', 'quercetin', 'Sorafenib', 'apigenin', 'ellagic acid', 'Canertinib', 'RefChem:560289', 'kenpaullone', 'KW-2449']	14
Casein kinase II subunit alpha 3	CSK23	Q8NEV1	['kaempferol', 'emodin', 'apigenin', 'luteolin', 'ferulic acid']	5
Casein kinase II subunit alpha'	CSK22	P19784	['Lapatinib', 'Imatinib', 'Vandetanib', 'Pazopanib', 'Sorafenib', 'SB-203580', 'Canertinib', 'RefChem:560289', 'KW-2449']	9
Casein kinase II subunit alpha/beta	CSK21	P68400	['emodin']	1
Caspase-1	CASP1	P29466	['disulfiram', 'ebselen', 'cannabidiol', 'fenbufen', 'PERHEXILINE', 'Thymoquinone', 'NAPROXEN', 'ketoprofen', 'ketorolac', 'p-benzoquinone']	10
Caspase-2	CASP2	P42575	['spermine']	1
Caspase-3	CASP3	P42574	['fenbufen', '58560-75-1', 'NAPROXEN', 'ketoprofen', 'Z-DEVD-FMK', 'ketorolac', 'Emricasan']	7
Caspase-4	CASP4	P49662	['fenbufen', '58560-75-1', 'NAPROXEN', 'ketoprofen', 'ketorolac']	5
Caspase-5	CASP5	P51878	['fenbufen', '58560-75-1', 'NAPROXEN', 'ketoprofen', 'ketorolac']	5
Caspase-9	CASP9	P55211	['benzethonium chloride', 'doxorubicin', 'fenbufen', '58560-75-1', 'NAPROXEN', 'ketoprofen', 'Tanshinone IIA', 'ketorolac']	8
Catenin beta-1	CTNB1	P35222	['quercetin']	1
Cathepsin B	CATB	P07858	['Allicin', 'calpeptin', '110044-82-1', 'Boceprevir', 'Leupeptin', 'Bortezomib', 'Nirmatrelvir']	7
Cathepsin D	CATD	P07339	['resveratrol', 'piperine', 'Ursolic acid']	3
Cathepsin F	CATF	Q9UBX1	['Boceprevir']	1
Cathepsin G	CATG	P08311	['Bortezomib']	1
Cathepsin K	CATK	P43235	['calpeptin', 'Boceprevir', 'ebselen', 'Leupeptin', 'Nirmatrelvir']	5
Cathepsin L2	CATL2	O60911	['Nirmatrelvir', 'Boceprevir']	2
Cathepsin S	CATS	P25774	['Nirmatrelvir', 'Boceprevir']	2
Cell division control protein 42 homolog	CDC42	P60953	['celecoxib', 'fenoprofen', 'ketoprofen', 'Ximelegatran', 'Fasudil', 'aspirin']	6
Cell division control protein 42 homolog/Ras-related C3 botulinum toxin substrate 1	CDC42	P60953	['ketorolac']	1
Ceramide glucosyltransferase	CEGT	Q16739	['MIGLITOL']	1
Chitotriosidase-1	CHIT1	Q13231	['caffeine', 'theophylline', 'pentoxifylline']	3
Cholecystokinin receptor type A	CCKAR	P32238	['propranolol']	1
Cholecystokinin receptor type A/Gastrin/cholecystokinin type B receptor	CCKAR	P32238	['diazepam', 'clonazepam']	2
Cholesterol side-chain cleavage enzyme, mitochondrial	CP11A	P05108	['aminoglutethimide']	1
Cholesteryl ester transfer protein	CETP	P11597	['Ursolic acid']	1
Choline O-acetyltransferase	CLAT	P28329	['coenzyme A']	1
Cholinesterase	CHLE	P06276	['trolox', 'physostigmine', 'testosterone', 'thioctic acid', '9H-Pyrido[3,4-B]indole', 'luteolin', 'galanthamine', 'kaempferol', 'donepezil', 'quercetin', 'RUTIN', 'berberine chloride', 'BERBAMINE', 'p-benzoquinone', 'curcumin', 'rasagiline', 'DIZOCILPINE', '58560-75-1', 'pentoxifylline', 'E6 berbamine', 'apigenin', 'caffeine', 'rivastigmine', 'pyridostigmine', 'Tacrine', 'selegiline', 'resveratrol', 'Dieckol', 'Galangin', 'ferulic acid']	30
Chymase	CMA1	P23946	['Bortezomib', 'Boceprevir']	2
Chymotrypsin-C	CTRC	Q99895	['quercetin']	1
Chymotrypsin-like elastase family member 1	CELA1	Q9UNI1	['Boceprevir']	1
Chymotrypsinogen B	A0A2R8YG87	A0A2R8YG87	['quercetin']	1
Citron Rho-interacting kinase	CTRO	O14578	['Lapatinib', 'Imatinib', 'Vandetanib', 'Pazopanib', 'Sorafenib', 'SB-203580', 'Canertinib', 'RefChem:560289', 'KW-2449']	9
Coagulation factor VII/Tissue factor	FA7	P08709	['nicotinamide']	1
Coagulation factor X	FA10	P00742	['AMILORIDE']	1
Coagulation factor XI	FA11	P03951	['AMILORIDE']	1
Cocaine esterase	EST2	O00748	['Tanshinone I', 'VALPROIC ACID', '3-(1-(cyclohexyl(methyl)carbamoyl)-1H-imidazol-4-yl)pyridine 1-oxide', 'Tanshinone IIA', 'flutamide', '22002-87-5']	6
Collagenase 3	MMP13	P45452	['curcumin', 'Ilomastat', 'isoliquiritigenin', 'quercetin', 'luteolin', 'DTXSID80992212']	6
Complement C1s subcomponent	C1S	P09871	['aminoguanidine']	1
Corticotropin-releasing factor receptor 1	CRFR1	P34998	['Tolvaptan']	1
Cyclin homolog/dependent kinase 6	CDK6	Q00534	['kaempferol', 'chrysin', 'quercetin', 'apigenin', 'luteolin']	5
Cyclin-A1/Cyclin-A2/Cyclin-dependent kinase 2	CDK2	P24941	['RefChem:560289', 'SB 216763', 'ellagic acid']	3
Cyclin-A2	CCNA2	P20248	['602306-29-6']	1
Cyclin-A2/Cyclin-dependent kinase 2	CDK2	P24941	['SU9516', '602306-29-6', 'Ribociclib', 'RefChem:560289', 'kenpaullone']	5
Cyclin-G-associated kinase	GAK	O14976	['Lapatinib', 'Imatinib', '129-56-6', 'Vandetanib', 'Pazopanib', 'Sorafenib', 'SB-203580', 'Canertinib', 'RefChem:560289', 'KW-2449']	10
Cyclin-T1	CCNT1	O60563	['602306-29-6']	1
Cyclin-T1/Cyclin-dependent kinase 9	CCNT1	O60563	['SU9516', 'RefChem:560289', 'kenpaullone', 'Ribociclib']	4
Cyclin-dependent kinase 1	CDK1	P06493	['baicalein', 'Vandetanib', 'quercetin', 'SB 216763', 'SU9516', '602306-29-6', 'Ribociclib', 'RefChem:560289', 'kenpaullone', 'Baicalin']	10
Cyclin-dependent kinase 1/G2/mitotic-specific cyclin-B1/G2/mitotic-specific cyclin-B2/G2/mitotic-specific cyclin-B3	CDK1	P06493	['SB 216763', 'SU9516', 'RefChem:560289', 'kenpaullone']	4
Cyclin-dependent kinase 11A	CD11A	Q9UQ88	['Lapatinib', 'Imatinib', 'Vandetanib', 'Pazopanib', 'Sorafenib', 'SB-203580', 'Canertinib', 'RefChem:560289', 'KW-2449']	9
Cyclin-dependent kinase 11B	CD11B	P21127	['Lapatinib', 'Imatinib', 'Vandetanib', 'Pazopanib', 'Sorafenib', 'SB-203580', 'Canertinib', 'RefChem:560289', 'KW-2449']	9
Cyclin-dependent kinase 13	CDK13	Q14004	['Lapatinib', 'Imatinib', 'Vandetanib', 'Pazopanib', 'Sorafenib', 'SB-203580', 'Canertinib', 'RefChem:560289', 'KW-2449']	9
Cyclin-dependent kinase 14	CDK14	O94921	['Lapatinib', 'Imatinib', 'Vandetanib', 'Pazopanib', 'Sorafenib', 'SB-203580', 'Canertinib', 'RefChem:560289', 'KW-2449']	9
Cyclin-dependent kinase 15	CDK15	Q96Q40	['Lapatinib', 'Imatinib', 'Vandetanib', 'Pazopanib', 'Sorafenib', 'SB-203580', 'Canertinib', 'RefChem:560289', 'KW-2449']	9
Cyclin-dependent kinase 17	CDK17	Q00537	['Lapatinib', 'Imatinib', 'Vandetanib', 'Pazopanib', 'Sorafenib', 'SB-203580', 'Canertinib', 'RefChem:560289', 'KW-2449']	9
Cyclin-dependent kinase 18 [3-474]	CDK18	Q07002	['Lapatinib', 'Imatinib', 'Vandetanib', 'Pazopanib', 'Sorafenib', 'SB-203580', 'Canertinib', 'RefChem:560289', 'KW-2449']	9
Cyclin-dependent kinase 19	CDK19	Q9BWU1	['Lapatinib', 'Imatinib', 'Vandetanib', 'Pazopanib', 'Sorafenib', 'SB-203580', 'Canertinib', 'RefChem:560289', 'KW-2449']	9
Cyclin-dependent kinase 2	CDK2	P24941	['Imatinib', 'Lapatinib', '129-56-6', 'Vandetanib', 'Pazopanib', 'Closantel', 'quercetin', 'SU9516', 'Ribociclib', 'Sorafenib', 'SB-203580', 'luteolin', '602306-29-6', 'Canertinib', 'RefChem:560289', 'kenpaullone', 'KW-2449']	17
Cyclin-dependent kinase 2/G1/S-specific cyclin-E1	CDK2	P24941	['Lapatinib', 'Imatinib', 'Ibrutinib', '2097416-76-5', 'SU9516', 'Ribociclib', 'RefChem:560289']	7
Cyclin-dependent kinase 4	CDK4	P11802	['Lapatinib', 'Imatinib', 'Vandetanib', 'Pazopanib', 'Ribociclib', 'SU9516', 'Sorafenib', 'SB-203580', '602306-29-6', 'Canertinib', 'RefChem:560289', 'KW-2449']	12
Cyclin-dependent kinase 4/G1/S-specific cyclin-D1	CDK4	P11802	['genistein', 'quercetin', 'SU9516', 'Sorafenib', 'ellagic acid', 'Ribociclib', 'RefChem:560289']	7
Cyclin-dependent kinase 4/G1/S-specific cyclin-D3	CDK4	P11802	['Ribociclib', 'RefChem:560289']	2
Cyclin-dependent kinase 5	CDK5	Q00535	['Lapatinib', 'Imatinib', 'Vandetanib', 'Pazopanib', 'SU9516', 'Sorafenib', 'SB-203580', 'Canertinib', 'RefChem:560289', 'KW-2449']	10
Cyclin-dependent kinase 5 activator 1	CD5R1	Q15078	['Tacrine', '2097416-76-5', 'SU9516', 'Ribociclib', 'RefChem:560289', 'kenpaullone']	6
Cyclin-dependent kinase 6	CDK6	Q00534	['kaempferol', 'chrysin', 'quercetin', 'Sorafenib', 'apigenin', 'luteolin', 'Ribociclib', 'RefChem:560289']	8
Cyclin-dependent kinase 6/G1/S-specific cyclin-D1	CCND1	P24385	['Ribociclib']	1
Cyclin-dependent kinase 6/G1/S-specific cyclin-D3	CDK6	Q00534	['Ribociclib', 'RefChem:560289']	2
Cyclin-dependent kinase 7	CDK7	P50613	['Lapatinib', 'Imatinib', 'Vandetanib', 'Pazopanib', 'Sorafenib', 'SB-203580', 'Canertinib', 'RefChem:560289', 'KW-2449']	9
Cyclin-dependent kinase 8	CDK8	P49336	['Lapatinib', 'Imatinib', 'Vandetanib', 'Pazopanib', 'Sorafenib', 'SB-203580', 'Canertinib', 'RefChem:560289', 'KW-2449']	9
Cyclin-dependent kinase 9	CDK9	P50750	['Lapatinib', 'Imatinib', 'Vandetanib', 'Pazopanib', 'Sorafenib', 'SB-203580', '602306-29-6', 'Canertinib', 'RefChem:560289', 'KW-2449']	10
Cyclin-dependent kinase-like 1 [2-358]	CDKL1	Q00532	['Lapatinib', 'Imatinib', 'Vandetanib', 'Pazopanib', 'Sorafenib', 'SB-203580', 'Canertinib', 'RefChem:560289', 'KW-2449']	9
Cyclin-dependent kinase-like 3	CDKL3	Q8IVW4	['Lapatinib', 'Imatinib', 'Vandetanib', 'Pazopanib', 'Sorafenib', 'SB-203580', 'Canertinib', 'RefChem:560289', 'KW-2449']	9
Cyclin-dependent kinase-like 5	CDKL5	O76039	['Lapatinib', 'Imatinib', 'Vandetanib', 'Pazopanib', 'Sorafenib', 'SB-203580', 'Canertinib', 'RefChem:560289', 'KW-2449']	9
Cyclin-dependent kinase/G2/mitotic-specific cyclin- 1	CDK1	P06493	['Imatinib', 'genistein', 'quercetin', 'SU9516', 'Ribociclib', 'RefChem:560289', 'kenpaullone']	7
Cystathionine gamma-lyase	CGL	P32929	['salicylic acid', 'D-Penicillamine', 'methyldopa']	3
Cysteine protease ATG4B	ATG4B	Q9Y4P1	['ellagic acid', 'bifonazole', 'linolenic acid']	3
Cysteinyl leukotriene receptor 1	CLTR1	Q9Y271	['leukotriene C4']	1
Cysteinyl leukotriene receptor 2	CLTR2	Q9NS75	['leukotriene C4']	1
Cystic fibrosis transmembrane conductance regulator	CFTR	P13569	['Ivacaftor', 'apigenin']	2
Cystine/glutamate transporter	XCT	Q9UPY5	['L-cysteine']	1
Cytidine deaminase	CDD	P32320	['cytarabine']	1
Cytochrome P450 11B1, mitochondrial	C11B1	P15538	['fluconazole', 'ketoconazole', 'Etomidate']	3
Cytochrome P450 1A1	CP1A1	P04798	['cannabidiol', 'luteolin', 'Pterostilbene', 'kaempferol', 'Isorhamnetin', 'hesperetin', 'emodin', 'quercetin', 'formononetin', 'acacetin', 'baicalein', 'chrysin', 'acetaminophen', 'apigenin', 'ellipticine', 'resveratrol', 'naringenin', 'Pifithrin-alpha', 'Melatonin', 'Galangin']	20
Cytochrome P450 1A2	CP1A2	P05177	['isradipine', 'ciprofloxacin', 'danazol', 'cannabidiol', 'isoniazid', 'haloperidol', 'ticlopidine', 'Nirmatrelvir', 'norfloxacin', 'lansoprazole', 'paroxetine', 'luteolin', 'Selitrectinib', 'perphenazine', 'amodiaquine', 'Ivacaftor', 'kaempferol', 'Isorhamnetin', 'clotrimazole', 'nimodipine', 'hesperetin', 'astemizole', 'emodin', 'nicotine', 'linezolid', 'quercetin', 'Ibrutinib', 'tamoxifen', 'VERAPAMIL', 'acacetin', 'albendazole', 'curcumin', 'bepridil', 'ifidancitinib', 'chrysin', 'acetaminophen', 'Zuranolone', 'triamcinolone', 'cyclosporin A', 'VORTIOXETINE', 'ritonavir', 'apigenin', 'Bedaquiline', 'ceftriaxone', 'duloxetine', 'simvastatin', 'pimozide', 'Telmisartan', 'metoprolol', 'nifedipine', 'flunarizine', 'Tacrine', 'propranolol', 'Delamanid', 'Relacorilant', 'riluzole', 'naringenin', 'Repotrectinib', 'Melatonin', 'Galangin', 'sertraline', 'chlorpromazine', 'Baicalin']	63
Cytochrome P450 1B1	CP1B1	Q16678	"['cannabidiol', 'testosterone', 'luteolin', 'Pterostilbene', 'Galangin', 'kaempferol', 'Isorhamnetin', 'fluoxetine', 'hesperetin', 'emodin', 'quercetin', 'formononetin', 'estradiol', 'berberine chloride', 'acacetin', 'baicalein', 'chrysin', 'apigenin', 'estrone', 'resveratrol', 'naringenin', 'erythromycin', 'Pifithrin-alpha', 'Melatonin', ""3,3',4,4',5-Pentachlorobiphenyl""]"	25
Cytochrome P450 26A1	CP26A	O43174	['Tamibarotene']	1
Cytochrome P450 2A13	CP2AD	Q16696	['methoxsalen', 'pilocarpine', 'nicotine']	3
Cytochrome P450 2A6	CP2A6	P11509	['pilocarpine', 'cannabidiol', 'isoniazid', 'tranylcypromine', 'nicotine', 'chrysin', 'methoxsalen', 'VALPROIC ACID', 'AMPHETAMINE', 'Psoralen']	10
Cytochrome P450 2C19	CP2CJ	P33261	['isradipine', 'ciprofloxacin', 'danazol', 'cannabidiol', 'isoniazid', 'ticlopidine', 'haloperidol', 'Nirmatrelvir', 'norfloxacin', 'lansoprazole', 'paroxetine', 'CHEMBL3354553', 'perphenazine', 'amodiaquine', 'Ivacaftor', 'clotrimazole', 'fluoxetine', 'nimodipine', 'astemizole', 'Ibrutinib', 'quercetin', 'tamoxifen', 'Prilosec', 'VERAPAMIL', 'albendazole', 'modafinil', 'bepridil', 'tranylcypromine', 'Zuranolone', 'triamcinolone', 'cyclosporin A', 'ritonavir', 'ceftriaxone', 'duloxetine', 'simvastatin', 'pimozide', 'Telmisartan', 'metoprolol', 'MEPHENYTOIN', 'fluconazole', 'nifedipine', 'flunarizine', 'propranolol', 'Relacorilant', 'riluzole', 'Voriconazole', 'sertraline', 'chlorpromazine']	48
Cytochrome P450 2C9	CP2C9	P11712	['phenytoin', 'ciprofloxacin', 'isradipine', 'danazol', 'cannabidiol', 'haloperidol', 'ticlopidine', 'fluvoxamine', 'Nirmatrelvir', 'norfloxacin', 'lansoprazole', 'paroxetine', 'CHEMBL3354553', 'Selitrectinib', 'perphenazine', 'warfarin', 'amodiaquine', 'Ivacaftor', 'kaempferol', 'clotrimazole', 'nimodipine', 'astemizole', 'Ibrutinib', 'Navitoclax', 'quercetin', '1-aminobenzotriazole', 'tamoxifen', 'thiabendazole', 'progesterone', 'Prilosec', 'VERAPAMIL', 'albendazole', 'curcumin', 'celecoxib', 'bepridil', 'chrysin', '58560-75-1', 'mifepristone', 'triamcinolone', 'cyclosporin A', 'Zuranolone', 'ritonavir', 'silibinin', 'Bedaquiline', 'ceftriaxone', 'duloxetine', 'simvastatin', 'pimozide', 'Telmisartan', 'metoprolol', 'nifedipine', 'fluconazole', 'flunarizine', 'propranolol', 'Delamanid', 'Relacorilant', 'riluzole', 'Voriconazole', 'Repotrectinib', 'VORTIOXETINE', 'sertraline', 'chlorpromazine', 'linezolid']	63
Cytochrome P450 2D6	CP2D6	P10635	['Tenofovir', 'dextromethorphan', 'Nirmatrelvir', 'quinidine']	4
Cytochrome P450 2E1	CP2E1	P05181	['Diethyldithiocarbamate', 'Ivacaftor']	2
Cytochrome P450 3A4	CP3A4	P08684	['isradipine', 'isoniazid', 'clarithromycin', 'nefazodone', 'ondansetron', 'lansoprazole', 'CHEMBL3354553', 'Selitrectinib', 'bromocriptine', 'donepezil', '1-aminobenzotriazole', 'VERAPAMIL', 'curcumin', 'diltiazem', 'cyclosporin A', 'Sorafenib', 'indinavir', 'Bedaquiline', 'duloxetine', 'L-histidine', 'pimozide', 'vinblastine', 'resveratrol', 'D-glutamine', 'Relacorilant', 'erythromycin', 'bifonazole', 'sertraline', 'cannabidiol', 'Amitrole', 'chloroquine', 'nimodipine', 'nalidixic acid', 'chloramphenicol', 'RUTIN', 'colchicine', 'econazole', 'baicalein', 'diclofenac', 'ifidancitinib', 'acetaminophen', 'mifepristone', 'dexamethasone', 'ritonavir', 'theophylline', 'ethinyl estradiol', 'azithromycin', 'Telmisartan', 'flunarizine', 'Vorinostat', 'Repotrectinib', 'VORTIOXETINE', 'Ivacaftor', 'chlorpromazine', 'cimetidine', 'testosterone', 'Tiliroside', 'paroxetine', 'amodiaquine', 'L-arginine', 'clotrimazole', 'fluoxetine', 'midazolam', 'astemizole', 'Ibrutinib', 'tamoxifen', 'Lopinavir', 'morphine', 'ketoconazole', 'albendazole', 'Lapatinib', 'Zuranolone', 'carbamazepine', 'silibinin', 'ceftriaxone', 'fluconazole', 'Tacrine', 'artemisinin', 'Telithromycin', 'Rimegepant', 'riluzole', 'quinidine', 'methoxsalen', 'methimazole', 'Belinostat', 'Voriconazole', 'Tenofovir', 'ranitidine', 'L-glutamine', 'Tamibarotene', 'Imatinib', 'ciprofloxacin', 'piperaquine', 'danazol', 'haloperidol', 'ticlopidine', 'Nirmatrelvir', 'norfloxacin', 'etoposide', 'perphenazine', 'quercetin', 'piroxicam', 'Prilosec', 'tacrolimus', 'bepridil', 'chrysin', 'triamcinolone', 'itraconazole', 'digoxin', 'simvastatin', 'metoprolol', 'nifedipine', 'hydrocortisone', 'atorvastatin', 'propranolol', 'Delamanid']	116
Cytochrome b-245 heavy chain	CY24B	P04839	['ebselen', 'naloxone']	2
Cytochrome c oxidase subunit 1	COX1	P00395	['rofecoxib']	1
Cytochrome c oxidase subunit 2	COX2	P00403	['indomethacin', 'celecoxib', 'diclofenac', 'rofecoxib']	4
Cytoplasmic tyrosine-protein kinase BMX	BMX	P51813	['Lapatinib', 'Imatinib', 'genistein', 'Vandetanib', 'Ibrutinib', 'Pazopanib', 'Sorafenib', 'SB-203580', 'Canertinib', 'RefChem:560289', 'KW-2449']	11
Cytosolic endo-beta-N-acetylglucosaminidase	ENASE	Q8NFI3	['Prilosec', 'dexlansoprazole', 'lansoprazole']	3
Cytosolic phospholipase A2 gamma	PA24C	Q9UP65	['indomethacin']	1
D(1A) dopamine receptor	DRD1	P21728	['dopamine', 'amitriptyline', 'Cariprazine', 'cabergoline', 'LISURIDE', 'pimozide']	6
D(1B) dopamine receptor	DRD5	P21918	['amitriptyline']	1
D(2) dopamine receptor	DRD2	P14416	['hydroxyzine', 'epinephrine', 'Desvenlafaxine', 'AMPHETAMINE', 'Salvinorin A', 'trifluoperazine', 'nefazodone', 'FLUPHENAZINE', 'ondansetron', 'haloperidol', 'metoclopramide', 'methadone', 'lumateperone', 'buspirone', 'amitriptyline', 'imipramine', 'paroxetine', 'perphenazine', 'pramipexole', 'Ziprasidone', 'bupropion', 'amisulpride', 'loxapine', 'fluoxetine', 'amoxapine', 'cocaine', 'bromocriptine', 'formoterol', 'mirtazapine', 'ropinirole', 'desipramine', 'MDMA', 'venlafaxine', 'Metopimazine', 'pergolide', '(-)-Butaclamol', 'modafinil', 'trazodone', 'TAMSULOSIN', 'tranylcypromine', 'citalopram', 'quetiapine', 'phentolamine', 'carbamazepine', 'fentanyl', 'piribedil', 'sumatriptan', 'Cariprazine', 'apomorphine', 'thioridazine', 'LISURIDE', 'duloxetine', 'pimozide', 'Paliperidone', 'clomipramine', 'Aripiprazole', 'Rotigotine', 'dopamine', 'selegiline', 'nortriptyline', 'prochlorperazine', 'propranolol', 'ADINAZOLAM', 'promethazine', 'domperidone', 'CYPROHEPTADINE', 'risperidone', 'promazine', 'chlorpromazine', 'droperidol']	70
D(3) dopamine receptor	DRD3	P35462	['dopamine', 'Cariprazine', 'amitriptyline', 'risperidone', 'chlorpromazine', 'pramipexole', 'pimozide']	7
D(4) dopamine receptor	DRD4	P21917	['trifluoperazine', 'FLUPHENAZINE', 'haloperidol', 'methadone', 'buspirone', 'perphenazine', 'pramipexole', 'Ziprasidone', 'FLUPERLAPINE', 'amisulpride', 'loxapine', 'amoxapine', 'bromocriptine', 'mirtazapine', 'prazosin', 'ropinirole', 'quercetin', 'pergolide', 'modafinil', 'quetiapine', 'fentanyl', 'piribedil', 'Cariprazine', 'apomorphine', 'thioridazine', 'LISURIDE', 'pimozide', 'Paliperidone', 'Aripiprazole', 'Rotigotine', 'dopamine', 'prochlorperazine', 'risperidone', 'chlorpromazine', 'droperidol']	35
D-amino-acid oxidase	OXDA	P14920	['Esomeprazole', 'ceftriaxone', 'duloxetine', 'nalbuphine']	4
DNA dC->dU-editing enzyme APOBEC-3A	ABC3A	P31941	['cefotetan', 'TRIMETAZIDINE']	2
DNA dC->dU-editing enzyme APOBEC-3G	ABC3G	Q9HC16	['cefotetan', 'TRIMETAZIDINE', 'apomorphine', 'p-benzoquinone']	4
DNA ligase 1	DNLI1	P18858	['Ursolic acid']	1
DNA polymerase alpha catalytic subunit	DPOLA	P09884	['resveratrol']	1
DNA polymerase beta	DPOLB	P06746	['zidovudine', 'Ursolic acid']	2
DNA polymerase eta	POLH	Q9Y253	['baicalein', 'kaempferol', 'genistein', 'chrysin', 'quercetin', 'apigenin', 'luteolin', 'ellagic acid']	8
DNA repair protein RAD51 homolog 1	RAD51	Q06609	['doxorubicin', 'Tanshinone I', 'DACTINOMYCIN']	3
DNA topoisomerase 2-alpha	TOP2A	P11388	['daunorubicin', 'doxorubicin', 'Epirubicin', 'IDARUBICIN', 'etoposide']	5
DNA topoisomerase 2-alpha/2-beta	TOP2A	P11388	['ciprofloxacin', 'LEVOFLOXACIN', 'doxorubicin', 'etoposide', 'topotecan']	5
DNA topoisomerase 2-beta	TOP2B	Q02880	['ciprofloxacin', 'LEVOFLOXACIN', 'ofloxacin', 'doxorubicin', 'nalidixic acid', 'Dexrazoxane', 'norfloxacin', 'etoposide']	8
DNA-(apurinic or apyrimidinic site) endonuclease	APEX1	P27695	['Tanshinone IIA', 'mitoxantrone']	2
DNA-dependent protein kinase catalytic subunit	PRKDC	P78527	['caffeine', 'suramin', 'Schisandrin B', 'trifluoperazine']	4
Death-associated protein kinase 1	DAPK1	P53355	['baicalein', 'Lapatinib', 'Imatinib', 'kaempferol', 'Vandetanib', 'genistein', 'chrysin', 'Cianidanol', 'Pazopanib', 'quercetin', 'Sorafenib', 'apigenin', 'SB-203580', 'luteolin', 'Canertinib', 'RefChem:560289', 'KW-2449']	17
Death-associated protein kinase 2	DAPK2	Q9UIK4	['Lapatinib', 'Imatinib', '129-56-6', 'Vandetanib', 'Pazopanib', 'Sorafenib', 'SB-203580', 'Canertinib', 'RefChem:560289', 'KW-2449']	10
Death-associated protein kinase 3	DAPK3	O43293	['Lapatinib', 'Imatinib', '129-56-6', 'Vandetanib', 'Pazopanib', 'Sorafenib', 'SB-203580', 'Canertinib', 'RefChem:560289', 'KW-2449']	10
Dehydrogenase/reductase SDR family member 9	DHRS9	Q9BPW9	['indomethacin', 'trolox']	2
Delta-type opioid receptor	OPRD	P41143	['benzethonium chloride', 'Salvinorin A', 'cannabidiol', 'methadone', 'nalbuphine', 'pramipexole', 'amisulpride', 'NALDEMEDINE', 'hydromorphone', 'SUFENTANIL', 'pentazocine', 'butorphanol', 'morphine', 'Tramadol', 'oxycodone', 'Leu-enkephalin', 'Methylnaltrexone', 'ALFENTANIL', 'naltrexone', 'Dynorphin A (1-13)', 'fentanyl', 'naloxone', 'pimozide', 'flunarizine', 'Aripiprazole', 'meperidine', 'codeine', 'propranolol', 'nalmefene', 'buprenorphine']	30
Delta-type/Kappa-type/Mu-type opioid receptor	OPRD	P41143	['naltrexone', 'meperidine', 'naloxone', 'morphine']	4
Deoxycytidine kinase	DCK	P27707	['zalcitabine']	1
Diacylglycerol lipase-alpha	DGLA	Q9Y4D2	['cannabidiol']	1
Dihydrofolate reductase	DYR	P00374	['diclofenac', 'PHENFORMIN', 'fenbufen', '58560-75-1', 'riluzole', 'NAPROXEN', 'methotrexate', 'Gentamicin C1', 'metformin']	9
Dihydroorotate dehydrogenase (quinone), mitochondrial	PYRD	Q02127	['cyclosporin A', 'piperine', 'leflunomide', 'p-benzoquinone']	4
Dimer of Protein farnesyltransferase subunit beta	FNTB	P49356	['FTI-277']	1
Dipeptidyl peptidase 3	DPP3	Q9NY33	['kaempferol', 'genistein', 'chrysin', 'quercetin', 'apigenin', 'luteolin', 'Galangin']	7
Dipeptidyl peptidase 4	DPP4	P27487	['(-)-Epigallocatechin gallate', 'kaempferol', 'caffeic acid', 'genistein', 'baicalein', 'licochalcone a', 'hesperetin', 'resveratrol', 'naringenin', 'quercetin', 'Gallic acid', 'apigenin', 'luteolin', 'metformin', 'Baicalin']	15
Discoidin domain-containing receptor 2	DDR2	Q16832	['Lapatinib', 'Imatinib', 'Vandetanib', 'Pazopanib', 'DACTINOMYCIN', 'Sorafenib', 'SB-203580', 'Canertinib', 'RefChem:560289', 'KW-2449']	10
Discoidin domain-containing receptor 2 [A642S]	DDR2	Q16832	['Imatinib', 'Vandetanib', 'Pazopanib', 'Sorafenib', 'SB-203580']	5
Disintegrin and metalloproteinase domain-containing protein 12	ADA12	O43184	['Ilomastat']	1
Dual 3',5'-cyclic-AMP and -GMP phosphodiesterase 11A	PDE11	Q9HCR9	['Tadalafil']	1
Dual serine/threonine and tyrosine protein kinase	DUSTY	Q6XUX3	['Lapatinib', 'Imatinib', 'Vandetanib', 'Pazopanib', 'Sorafenib', 'SB-203580', 'Canertinib', 'RefChem:560289', 'Dabrafenib', 'KW-2449']	10
Dual specificity calcium/calmodulin-dependent 3',5'-cyclic nucleotide phosphodiesterase 1A/1B/1C	PDE1B	Q01064	['Tadalafil', 'papaverine', 'vinpocetine', 'rolipram', 'cilostazol', 'dipyridamole', 'theophylline']	7
Dual specificity calcium/calmodulin-dependent 3',5'-cyclic nucleotide phosphodiesterase 1A/1B/1C/cGMP-specific 3',5'-cyclic phosphodiesterase	PDE1B	Q01064	['rolipram']	1
Dual specificity calcium/calmodulin-dependent 3',5'-cyclic nucleotide phosphodiesterase 1B	PDE1B	Q01064	['vinpocetine', 'rolipram', 'Tadalafil']	3
Dual specificity mitogen-activated protein kinase kinase 1	MP2K1	Q02750	['Lapatinib', 'Imatinib', 'Vandetanib', 'Arctigenin', 'Pazopanib', '167869-21-8', 'Sorafenib', 'Trametinib', 'SB-203580', 'Canertinib', 'RefChem:560289', 'KW-2449']	12
Dual specificity mitogen-activated protein kinase kinase 1/2	MP2K1	Q02750	['Trametinib']	1
Dual specificity mitogen-activated protein kinase kinase 1/RAF proto-oncogene serine/threonine-protein kinase	MP2K1	Q02750	['Sorafenib']	1
Dual specificity mitogen-activated protein kinase kinase 2	MP2K2	P36507	['Lapatinib', 'Imatinib', 'Vandetanib', 'Ibrutinib', 'Pazopanib', 'Sorafenib', 'Trametinib', 'SB-203580', 'Canertinib', 'RefChem:560289', 'KW-2449']	11
Dual specificity mitogen-activated protein kinase kinase 3	MP2K3	P46734	['Lapatinib', 'Imatinib', 'Vandetanib', 'Pazopanib', 'Sorafenib', 'SB-203580', 'Canertinib', 'RefChem:560289', 'KW-2449']	9
Dual specificity mitogen-activated protein kinase kinase 4	MP2K4	P45985	['Lapatinib', 'Imatinib', 'genistein', 'Vandetanib', 'Pazopanib', 'Sorafenib', 'SB-203580', 'Canertinib', 'RefChem:560289', 'KW-2449']	10
Dual specificity mitogen-activated protein kinase kinase 5	MP2K5	Q13163	['Lapatinib', 'Imatinib', 'Vandetanib', 'Pazopanib', 'Sorafenib', 'SB-203580', 'Canertinib', 'RefChem:560289', 'KW-2449']	9
Dual specificity mitogen-activated protein kinase kinase 6	MP2K6	P52564	['Lapatinib', 'Imatinib', 'Vandetanib', 'Pazopanib', 'ETHACRYNIC ACID', 'Sorafenib', 'SB-203580', 'Canertinib', 'RefChem:560289', 'KW-2449']	10
Dual specificity protein kinase CLK1	CLK1	P49759	['curcumin', 'Lapatinib', 'Imatinib', '(-)-Epigallocatechin gallate', 'Vandetanib', 'chlorhexidine', 'Bisphenol A', 'Pazopanib', 'Sorafenib', 'SB-203580', 'Canertinib', 'RefChem:560289', 'kenpaullone', 'KW-2449']	14
Dual specificity protein kinase CLK1 [R432A]	CLK1	P49759	['Imatinib']	1
Dual specificity protein kinase CLK2	CLK2	P49760	['(-)-Epigallocatechin gallate', 'Lapatinib', 'Imatinib', 'curcumin', '129-56-6', 'Vandetanib', 'Bisphenol A', 'chlorhexidine', 'Pazopanib', 'Sorafenib', 'SB-203580', 'Canertinib', 'RefChem:560289', 'KW-2449']	14
Dual specificity protein kinase CLK4	CLK4	Q9HAZ1	['(-)-Epigallocatechin gallate', 'Lapatinib', 'Imatinib', 'curcumin', '129-56-6', 'Vandetanib', 'Bisphenol A', 'chlorhexidine', 'Pazopanib', 'Sorafenib', 'SB-203580', 'Canertinib', 'RefChem:560289', 'KW-2449']	14
Dual specificity protein kinase TTK	TTK	P33981	['Lapatinib', 'Imatinib', '129-56-6', 'Vandetanib', 'Pazopanib', 'Sorafenib', 'SB-203580', 'Canertinib', 'RefChem:560289', 'KW-2449']	10
Dual specificity protein phosphatase 1	DUS1	P28562	['Retinoic acid']	1
Dual specificity protein phosphatase 3	DUS3	P51452	['caffeic acid', 'ellagic acid']	2
Dual specificity testis-specific protein kinase 1	TESK1	Q15569	['Lapatinib', 'Imatinib', 'Vandetanib', 'Pazopanib', 'Sorafenib', 'SB-203580', 'Canertinib', 'RefChem:560289', 'KW-2449']	9
Dual specificity tyrosine-phosphorylation-regulated kinase 1A	DYR1A	Q13627	['curcumin', 'Lapatinib', 'Imatinib', '(-)-Epigallocatechin gallate', 'Vandetanib', 'chlorhexidine', 'Bisphenol A', 'Pazopanib', 'Sorafenib', '9H-Pyrido[3,4-B]indole', 'SB-203580', 'ellagic acid', 'Canertinib', 'RefChem:560289', 'kenpaullone', 'KW-2449']	16
Dual specificity tyrosine-phosphorylation-regulated kinase 2	DYRK2	Q92630	['(-)-Epigallocatechin gallate', 'Lapatinib', 'Imatinib', 'curcumin', 'Vandetanib', 'chlorhexidine', 'Bisphenol A', 'Pazopanib', 'Sorafenib', 'SB-203580', 'Canertinib', 'RefChem:560289', 'KW-2449']	13
Dual specificity tyrosine-phosphorylation-regulated kinase 3	DYRK3	O43781	['(-)-Epigallocatechin gallate', 'chlorhexidine', 'curcumin', 'Bisphenol A']	4
Dual specificity tyrosine-phosphorylation-regulated kinase 4	DYRK4	Q9NR20	['(-)-Epigallocatechin gallate', 'chlorhexidine', 'curcumin', 'Bisphenol A']	4
E-selectin	LYAM2	P16581	['Gallic acid']	1
E3 ubiquitin-protein ligase Mdm2	MDM2	Q00987	['HELENALIN', 'cytarabine', 'apomorphine', 'Vorinostat', 'p-benzoquinone']	5
EEF1AKMT4-ECE2 readthrough transcript protein	EFCE2	P0DPD8	['captopril']	1
ELAV-like protein 1	ELAV1	Q15717	['quercetin', 'Calpain inhibitor II']	2
Ectonucleoside triphosphate diphosphohydrolase 8	ENTP8	Q5MY95	['suramin']	1
Ectonucleotide pyrophosphatase/phosphodiesterase family member 2	ENPP2	Q13822	['Tauroursodeoxycholic acid']	1
Egl nine homolog 1	EGLN1	Q9GZT9	['malic acid', 'fumaric acid']	2
Egl nine homolog 1/Prolyl hydroxylase EGLN2/Prolyl hydroxylase EGLN3/Transmembrane prolyl 4-hydroxylase	EGLN1	Q9GZT9	['Maslinic acid', 'Ursolic acid']	2
Emopamil-binding protein-like	EBPL	Q9BY08	['tamoxifen', 'trifluoperazine']	2
Endoplasmic reticulum chaperone BiP	BIP	P11021	['triclosan']	1
Endothelial PAS domain-containing protein 1/Hypoxia-inducible factor 1-alpha	HIF1A	Q16665	['cycloheximide', 'doxorubicin', 'Tanshinone I', 'Tanshinone IIA', 'alvespimycin', 'topotecan']	6
Endothelin receptor type B	EDNRB	P24530	['sulfisoxazole']	1
Ephrin type-A receptor 2	EPHA2	P29317	['Lapatinib', 'Imatinib', 'Vandetanib', 'dorsomorphin', 'Ibrutinib', 'Pazopanib', 'Sorafenib', 'SB-203580', 'Canertinib', 'RefChem:560289', 'KW-2449']	11
Ephrin type-A receptor 3	EPHA3	P29320	['Lapatinib', 'Imatinib', '129-56-6', 'Vandetanib', 'Pazopanib', 'Sorafenib', 'SB-203580', 'Canertinib', 'RefChem:560289', 'KW-2449']	10
Ephrin type-A receptor 3 [1-975]	EPHA3	P29320	['Canertinib', 'Vandetanib', 'Sorafenib']	3
Ephrin type-A receptor 4	EPHA4	P54764	['Lapatinib', 'Imatinib', 'Vandetanib', 'Pazopanib', 'Sorafenib', 'SB-203580', 'Canertinib', 'RefChem:560289', 'KW-2449']	9
Ephrin type-A receptor 5	EPHA5	P54756	['Lapatinib', 'Imatinib', 'Vandetanib', 'Pazopanib', 'Sorafenib', 'SB-203580', 'Canertinib', 'RefChem:560289', 'KW-2449']	9
Ephrin type-A receptor 6	EPHA6	Q9UF33	['Lapatinib', 'Imatinib', 'Vandetanib', 'Pazopanib', 'Sorafenib', 'SB-203580', 'Canertinib', 'RefChem:560289', 'KW-2449']	9
Ephrin type-A receptor 8	EPHA8	P29322	['Lapatinib', 'Imatinib', 'Vandetanib', 'Pazopanib', 'Sorafenib', 'SB-203580', 'Canertinib', 'RefChem:560289', 'KW-2449']	9
Ephrin type-B receptor 1	EPHB1	P54762	['Lapatinib', 'Imatinib', 'Vandetanib', 'Pazopanib', 'Sorafenib', 'SB-203580', 'Canertinib', 'RefChem:560289', 'KW-2449']	9
Ephrin type-B receptor 2	EPHB2	P29323	['Lapatinib', 'Imatinib', 'Vandetanib', 'Pazopanib', 'Sorafenib', 'SB-203580', 'Canertinib', 'RefChem:560289', 'KW-2449']	9
Ephrin type-B receptor 3	EPHB3	P54753	['Lapatinib', 'Imatinib', 'Vandetanib', 'Pazopanib', 'Sorafenib', 'SB-203580', 'Canertinib', 'RefChem:560289', 'KW-2449']	9
Ephrin type-B receptor 4	EPHB4	P54760	['Lapatinib', 'Imatinib', 'Vandetanib', 'Pazopanib', 'Sorafenib', 'SB-203580', 'ellagic acid', 'Canertinib', 'RefChem:560289', 'KW-2449']	10
Ephrin type-B receptor 6	EPHB6	O15197	['Lapatinib', 'Imatinib', 'Vandetanib', 'Pazopanib', 'Sorafenib', 'SB-203580', 'Canertinib', 'RefChem:560289', 'KW-2449']	9
Epidermal growth factor receptor	EGFR	P00533	['caffeic acid', 'Imatinib', 'genistein', 'Vandetanib', 'Canertinib', 'KW-2449', 'kaempferol', 'adenosine', 'Ibrutinib', 'Pazopanib', 'docetaxel', 'quercetin', 'indomethacin', 'SU9516', 'ketoprofen', 'sulforaphane', 'ellagic acid', 'RefChem:560289', 'acacetin', 'curcumin', 'Lapatinib', 'phloretin', '58560-75-1', 'Pexidartinib', 'Sorafenib', 'SB-203580', 'apigenin', 'paclitaxel', 'niclosamide', 'aspirin', 'Regorafenib', 'Vorinostat']	32
Epidermal growth factor receptor [1-999,L858R]	EGFR	P00533	['Lapatinib', 'Canertinib', 'Vandetanib', 'SB-203580']	4
Epidermal growth factor receptor [G719C]	EGFR	P00533	['Lapatinib', 'Canertinib', 'Vandetanib', 'SB-203580']	4
Epithelial discoidin domain-containing receptor 1	DDR1	Q08345	['Lapatinib', 'Imatinib', 'Vandetanib', 'Pazopanib', 'Sorafenib', 'SB-203580', 'Canertinib', 'RefChem:560289', 'KW-2449']	9
Equilibrative nucleoside transporter 1	S29A1	Q99808	['dipyridamole', 'adenosine', 'Phlorizin', 'gemcitabine']	4
Estrogen receptor	ESR1	P03372	['estradiol', 'estrone']	2
Estrogen receptor beta	ESR2	Q92731	['estradiol']	1
Estrogen-related receptor gamma	ERR3	P62508	['tamoxifen', 'Bisphenol A']	2
Eukaryotic elongation factor 2 kinase	EF2K	O00418	['Thymoquinone']	1
Eukaryotic initiation factor 4A-I	IF4A1	P60842	['cycloheximide']	1
Eukaryotic translation initiation factor 2-alpha kinase 1	E2AK1	Q9BQI3	['Lapatinib', 'Imatinib', 'Vandetanib', 'Pazopanib', 'Sorafenib', 'SB-203580', 'Canertinib', 'RefChem:560289', 'KW-2449']	9
Eukaryotic translation initiation factor 4 gamma 1	IF4G1	Q04637	['ebselen', 'apomorphine', 'thioctic acid', '33854-16-9', 'ellagic acid']	5
Eukaryotic translation initiation factor 4E	IF4E	P06730	['ribavirin']	1
Excitatory amino acid transporter 1	EAA1	P43003	['alpha-AMINO-3-HYDROXY-5-METHYL-4-ISOXAZOLEPROPIONIC ACID', 'L-glutamic acid']	2
Excitatory amino acid transporter 3	EAA3	P43005	['alpha-AMINO-3-HYDROXY-5-METHYL-4-ISOXAZOLEPROPIONIC ACID', 'L-glutamic acid']	2
Exopolyphosphatase PRUNE1	PRUN1	Q86TP1	['dipyridamole']	1
Exportin-1	XPO1	O14980	['coumarin', 'Osthole']	2
Farnesyl pyrophosphate synthase	FPPS	P14324	['PAMIDRONIC ACID', 'Zoledronic acid', 'Risedronic acid']	3
Fatty acid-binding protein, heart	FABPH	P05413	['palmitic acid']	1
Fatty acid-binding protein, liver	FABPL	P07148	['Tacrine', 'fenofibrate', 'Fenofibric acid']	3
Fatty acid-binding protein, liver [T94A]	FABPL	P07148	['fenofibrate', 'Fenofibric acid']	2
Fibroblast growth factor receptor 1	FGFR1	P11362	['Lapatinib', 'Imatinib', 'Nintedanib', 'Vandetanib', 'Regorafenib', 'Pazopanib', 'Sorafenib', 'SB-203580', 'paclitaxel', 'Canertinib', 'RefChem:560289', 'KW-2449', 'niclosamide']	13
Fibroblast growth factor receptor 2	FGFR2	P21802	['Lapatinib', 'Imatinib', 'Regorafenib', 'Vandetanib', 'Ibrutinib', 'Pazopanib', 'Sorafenib', 'SB-203580', 'Canertinib', 'RefChem:560289', 'KW-2449']	11
Fibroblast growth factor receptor 3	FGFR3	P22607	['Lapatinib', 'Imatinib', 'Nintedanib', 'Vandetanib', 'Regorafenib', 'Pazopanib', 'Sorafenib', 'SB-203580', 'Canertinib', 'RefChem:560289', 'KW-2449']	11
Fibroblast growth factor receptor 4	FGFR4	P22455	['Regorafenib']	1
Focal adhesion kinase 1	FAK1	Q05397	['Lapatinib', 'Imatinib', 'Vandetanib', 'Repotrectinib', 'Pazopanib', 'quercetin', 'Sorafenib', 'SB-203580', 'ellagic acid', 'Canertinib', 'RefChem:560289', 'KW-2449']	12
Folate receptor alpha	FOLR1	P15328	['methotrexate']	1
Folylpolyglutamate synthase, mitochondrial	FOLC	Q05932	['methotrexate']	1
Forkhead box protein O3	FOXO3	O43524	['Piperlongumine']	1
Free fatty acid receptor 2	FFAR2	O15552	['acetic acid']	1
Free fatty acid receptor 3	FFAR3	O14843	['acetic acid']	1
Free fatty acid receptor 4	FFAR4	Q5NUL3	['linolenic acid']	1
G protein-activated inward rectifier potassium channel 1	KCNJ3	P48549	['naringin']	1
G protein-activated inward rectifier potassium channel 4	KCNJ5	P48544	['naringin']	1
G protein-coupled receptor kinase 4	GRK4	P32298	['Lapatinib', 'Imatinib', 'Vandetanib', 'Pazopanib', 'Sorafenib', 'SB-203580', 'Canertinib', 'RefChem:560289', 'KW-2449']	9
G protein-coupled receptor kinase 5	GRK5	P34947	['paroxetine']	1
G protein-coupled receptor kinase 6	GRK6	P43250	['baicalein']	1
G-protein coupled bile acid receptor 1	GPBAR	Q8TDU6	['URSODEOXYCHOLIC ACID', 'Ursolic acid', 'Dehydroepiandrosterone', 'testosterone', 'Tauroursodeoxycholic acid', 'progesterone', 'estradiol', 'prednisolone', 'DEOXYCHOLIC ACID']	9
G-protein coupled estrogen receptor 1	GPER1	Q99527	['estradiol']	1
G-protein coupled receptor 35	GPR35	Q9HC97	['baicalein', 'kynurenic acid', 'furosemide', 'cromolyn', 'quercetin', 'luteolin', 'ellagic acid', 'pyrroloquinoline quinone']	8
G-protein coupled receptor 39	GPR39	O43194	['zinc ion']	1
G-protein coupled receptor 55	GPR55	Q9Y2T6	['O-1602', 'HELENALIN', 'Dronabinol', 'cannabidiol', 'PERHEXILINE']	5
G1/S-specific cyclin-D3	CCND3	P30281	['602306-29-6']	1
G1/S-specific cyclin-E1	CCNE1	P24864	['602306-29-6']	1
G2/mitotic-specific cyclin-B1	CCNB1	P14635	['602306-29-6']	1
GABA A receptor alpha-1/beta-1/gamma-2	GBRA1	P14867	['propofol']	1
GABA-A receptor; alpha-5/beta-3/gamma-2	GBRA5	P31644	['diazepam', 'triazolam', 'Abecarnil', 'zolpidem']	4
GTP-binding protein Rheb	RHEB	Q15382	['Bisphenol A']	1
GTPase KRas	RASK	P01116	['Bisphenol A']	1
Galanin receptor type 2	GALR2	O43603	['ellipticine']	1
Galanin receptor type 3	GALR3	O60755	['acetylcholine', 'betamethasone', 'ritodrine']	3
Gamma-aminobutyric acid receptor subunit alpha-1	GBRA1	P14867	['zolpidem', 'triazolam', 'pentobarbital', 'diazepam', 'alprazolam', 'Abecarnil', 'clonazepam', 'Etomidate']	8
Gamma-aminobutyric acid receptor subunit alpha-1 [28-456]/beta-2 [26-512]/gamma-2 [40-200],P14867[176-456]	GBRA1	P14867	['zolpidem']	1
Gamma-aminobutyric acid receptor subunit alpha-1 [28-456]/beta-2 [26-512]/gamma-2 [40-467,A118C]	GBRA1	P14867	['zolpidem']	1
Gamma-aminobutyric acid receptor subunit alpha-1 [28-456]/beta-2 [26-512]/gamma-2 [40-467,D95C]	GBRA1	P14867	['zolpidem']	1
Gamma-aminobutyric acid receptor subunit alpha-1 [28-456]/beta-2 [26-512]/gamma-2 [40-467,L179C]	GBRA1	P14867	['zolpidem']	1
Gamma-aminobutyric acid receptor subunit alpha-1 [28-456]/beta-2 [26-512]/gamma-2 [40-467,M169C]	GBRA1	P14867	['zolpidem']	1
Gamma-aminobutyric acid receptor subunit alpha-1 [28-456]/beta-2 [26-512]/gamma-2 [40-467,R171C]	GBRA1	P14867	['zolpidem']	1
Gamma-aminobutyric acid receptor subunit alpha-1 [28-456]/beta-2 [26-512]/gamma-2 [40-467,R183C]	GBRA1	P14867	['zolpidem']	1
Gamma-aminobutyric acid receptor subunit alpha-1 [28-456]/beta-2 [26-512]/gamma-2 [40-467,R224C]	GBRA1	P14867	['zolpidem']	1
Gamma-aminobutyric acid receptor subunit alpha-1 [28-456]/beta-2 [26-512]/gamma-2 [40-467,R233C]	GBRA1	P14867	['zolpidem']	1
Gamma-aminobutyric acid receptor subunit alpha-1 [28-456]/beta-2 [26-512]/gamma-2 [40-467,T120C]	GBRA1	P14867	['zolpidem']	1
Gamma-aminobutyric acid receptor subunit alpha-1 [28-456]/beta-2 [26-512]/gamma-2 [40-467,T165C]	GBRA1	P14867	['zolpidem']	1
Gamma-aminobutyric acid receptor subunit alpha-1 [28-456]/beta-2 [26-512]/gamma-2 [40-467,T181C]	GBRA1	P14867	['zolpidem']	1
Gamma-aminobutyric acid receptor subunit alpha-1 [28-456]/beta-2 [26-512]/gamma-2 [40-467]	GBRG2	P18507	['zolpidem']	1
Gamma-aminobutyric acid receptor subunit alpha-1 [A160C]/beta-2 [26-512]/gamma-2 [40-467]	GBRG2	P18507	['zolpidem']	1
Gamma-aminobutyric acid receptor subunit alpha-1 [F99C]/beta-2 [26-512]/gamma-2 [40-467]	GBRG2	P18507	['zolpidem']	1
Gamma-aminobutyric acid receptor subunit alpha-1 [G157C]/beta-2 [26-512]/gamma-2 [40-467]	GBRG2	P18507	['zolpidem']	1
Gamma-aminobutyric acid receptor subunit alpha-1 [G200C]/beta-2 [26-512]/gamma-2 [40-467]	GBRG2	P18507	['zolpidem']	1
Gamma-aminobutyric acid receptor subunit alpha-1 [S204C]/beta-2 [26-512]/gamma-2 [40-467]	GBRG2	P18507	['zolpidem']	1
Gamma-aminobutyric acid receptor subunit alpha-1 [S205C]/beta-2 [26-512]/gamma-2 [40-467]	GBRG2	P18507	['zolpidem']	1
Gamma-aminobutyric acid receptor subunit alpha-1 [T162C]/beta-2 [26-512]/gamma-2 [40-467]	GBRG2	P18507	['zolpidem']	1
Gamma-aminobutyric acid receptor subunit alpha-1 [T206C]/beta-2 [26-512]/gamma-2 [40-467]	GBRG2	P18507	['zolpidem']	1
Gamma-aminobutyric acid receptor subunit alpha-1 [V202C]/beta-2 [26-512]/gamma-2 [40-467]	GBRG2	P18507	['zolpidem']	1
Gamma-aminobutyric acid receptor subunit alpha-1 [V211C]/beta-2 [26-512]/gamma-2 [40-467]	GBRG2	P18507	['zolpidem']	1
Gamma-aminobutyric acid receptor subunit alpha-1/beta-2	GBRA1	P14867	['Honokiol']	1
Gamma-aminobutyric acid receptor subunit alpha-1/beta-2/gamma-1	GBRG1	Q8N1C3	['midazolam', 'alprazolam', 'triazolam']	3
Gamma-aminobutyric acid receptor subunit alpha-1/beta-2/gamma-2	GBRA1	P14867	['zolpidem', 'piperine', 'propofol', 'Allopregnanolone', 'Zuranolone', 'diazepam', 'alprazolam', 'Etomidate', 'Osthole', 'phenol', 'Honokiol']	11
Gamma-aminobutyric acid receptor subunit alpha-1/beta-3/gamma-2	GBRA1	P14867	['zolpidem', 'midazolam', 'triazolam', 'propofol', 'diazepam', 'alprazolam', 'Abecarnil']	7
Gamma-aminobutyric acid receptor subunit alpha-2 [29-451]/beta-2 [26-512]/gamma-2 [40-467]	GBRG2	P18507	['zolpidem']	1
Gamma-aminobutyric acid receptor subunit alpha-2/beta-2/gamma-1	GBRG1	Q8N1C3	['midazolam', 'alprazolam', 'triazolam']	3
Gamma-aminobutyric acid receptor subunit alpha-3	GBRA3	P34903	['zolpidem', 'triazolam', 'diazepam', 'alprazolam', 'Abecarnil', 'clonazepam']	6
Gamma-aminobutyric acid receptor subunit alpha-3 [29-492]/beta-2 [26-512]/gamma-2 [40-467]	GBRG2	P18507	['zolpidem']	1
Gamma-aminobutyric acid receptor subunit alpha-3/beta-2/gamma-2	GBRA3	P34903	['diazepam', 'alprazolam', 'zolpidem']	3
Gamma-aminobutyric acid receptor subunit alpha-3/beta-3/gamma-2	GBRA3	P34903	['diazepam', 'triazolam', 'Abecarnil', 'zolpidem']	4
Gamma-aminobutyric acid receptor subunit alpha-4	GBRA4	P48169	['zolpidem', 'Abecarnil']	2
Gamma-aminobutyric acid receptor subunit alpha-4 [36-554]/beta-2 [26-512]/gamma-2 [40-467]	GBRG2	P18507	['zolpidem']	1
Gamma-aminobutyric acid receptor subunit alpha-5	GBRA5	P31644	['zolpidem', 'triazolam', 'diazepam', 'alprazolam', 'Abecarnil']	5
Gamma-aminobutyric acid receptor subunit alpha-5 [32-462]/beta-2 [26-512]/gamma-2 [40-467]	GBRG2	P18507	['zolpidem']	1
Gamma-aminobutyric acid receptor subunit alpha-5/beta-2/gamma-2	GBRA5	P31644	['diazepam', 'alprazolam']	2
Gamma-aminobutyric acid receptor subunit alpha-6	GBRA6	Q16445	['diazepam', 'triazolam', 'Abecarnil', 'zolpidem']	4
Gamma-aminobutyric acid receptor subunit alpha-6 [20-453]/beta-2 [26-512]/gamma-2 [40-467]	GBRG2	P18507	['zolpidem']	1
Gamma-aminobutyric acid receptor subunit alpha-6/beta-2/gamma-2	GBRA6	Q16445	['diazepam']	1
Gamma-aminobutyric acid receptor subunit alpha-6/beta-3/gamma-2	GBRA6	Q16445	['diazepam', 'triazolam', 'Abecarnil', 'zolpidem']	4
Gamma-aminobutyric acid receptor subunit beta-3	GBRB3	P28472	['pentobarbital']	1
Gamma-aminobutyric acid type B receptor subunit 1/2	GABR1	Q9UBS5	['baclofen']	1
Gamma-butyrobetaine dioxygenase	BODG	O75936	['ebselen']	1
Gastrin/cholecystokinin type B receptor	GASR	P32239	['L-768673', 'alprazolam', 'triazolam']	3
Geranylgeranyl pyrophosphate synthase	GGPPS	O95749	['PAMIDRONIC ACID', 'Zoledronic acid', 'Risedronic acid']	3
Glucocorticoid receptor	GCR	P04150	['dexamethasone']	1
Glutamate carboxypeptidase 2 [44-750]	FOLH1	Q04609	['L-glutamic acid']	1
Glutamate receptor 1	GRIA1	P42261	['alpha-AMINO-3-HYDROXY-5-METHYL-4-ISOXAZOLEPROPIONIC ACID', 'Perampanel', 'kainic acid', 'L-glutamic acid']	4
Glutamate receptor 2	GRIA2	P42262	['alpha-AMINO-3-HYDROXY-5-METHYL-4-ISOXAZOLEPROPIONIC ACID', 'kainic acid', 'L-glutamic acid']	3
Glutamate receptor 3	GRIA3	P42263	['114828-89-6', 'L-glutamic acid', 'alpha-AMINO-3-HYDROXY-5-METHYL-4-ISOXAZOLEPROPIONIC ACID', 'kainic acid', 'Perampanel']	5
Glutamate receptor 4	GRIA4	P48058	['alpha-AMINO-3-HYDROXY-5-METHYL-4-ISOXAZOLEPROPIONIC ACID', 'kainic acid', 'L-glutamic acid']	3
Glutamate receptor ionotropic, NMDA 1/2B	NMDZ1	Q05586	['Ifenprodil', 'Tacrine', 'memantine', 'ketamine']	4
Glutamate receptor ionotropic, NMDA 2B	NMDE2	Q13224	['Ifenprodil', 'spermine']	2
Glutamate receptor ionotropic, NMDA 2C	NMDE3	Q14957	['Ifenprodil']	1
Glutamate receptor ionotropic, NMDA 2D	NMDE4	O15399	['Ifenprodil']	1
Glutamate receptor ionotropic, kainate 3	GRIK3	Q13003	['kainic acid', 'L-glutamic acid']	2
Glutamate receptor ionotropic, kainate 4	GRIK4	Q16099	['alpha-AMINO-3-HYDROXY-5-METHYL-4-ISOXAZOLEPROPIONIC ACID', '114828-89-6', 'kainic acid']	3
Glutamate receptor ionotropic, kainate 5	GRIK5	Q16478	['kainic acid', 'L-glutamic acid']	2
Glutaminyl-peptide cyclotransferase	QPCT	Q16769	['histamine', 'L-histidine']	2
Glutathione S-transferase Mu 2	GSTM2	P28161	['curcumin', 'ETHACRYNIC ACID']	2
Glutathione S-transferase kappa 1	GSTK1	Q9Y2Q3	['glutathione']	1
Glutathione S-transferase omega-1	GSTO1	P78417	['ETHACRYNIC ACID', 'Prilosec', '4345-03-3']	3
Glutathione hydrolase 1 proenzyme	GGT1	P19440	['aspirin']	1
Glyceraldehyde-3-phosphate dehydrogenase	G3P	P04406	['baicalein', 'adenosine', 'coumarin', '1094-61-7', '4-Hydroxynonenal', 'Osthole', 'Baicalin']	7
Glycerol kinase	GLPK	P32189	['Adenosine triphosphate']	1
Glycine receptor subunit alpha-2	GLRA2	P23416	['Ginkgolide A']	1
Glycogen phosphorylase, brain form	PYGB	P11216	['D-Glucopyranose']	1
Glycogen phosphorylase, liver form	PYGL	P06737	['quercetin']	1
Glycogen phosphorylase, muscle form	PYGM	P11217	['D-Glucopyranose', 'caffeine', 'Maslinic acid']	3
Glycogen synthase kinase-3	GSK3B	P49841	['SB 216763']	1
Glycogen synthase kinase-3 alpha	GSK3A	P49840	['Lapatinib', 'Imatinib', 'Vandetanib', 'Pazopanib', 'SB 216763', 'Sorafenib', 'SB-203580', 'Canertinib', 'RefChem:560289', 'KW-2449']	10
Glycogen synthase kinase-3 beta	GSK3B	P49841	['Methyl 4-hydroxybenzoate', 'Imatinib', 'genistein', 'Vandetanib', 'BUTYLPARABEN', 'naringin', 'SB 216763', 'luteolin', 'Canertinib', 'kenpaullone', 'KW-2449', '(-)-Epigallocatechin gallate', 'kaempferol', 'epalrestat', 'adenosine', 'hesperetin', 'donepezil', 'Pazopanib', 'quercetin', 'LITHIUM CHLORIDE', 'SU9516', 'RUTIN', 'ellagic acid', 'RefChem:560289', 'curcumin', 'Lapatinib', 'chrysin', 'hesperidin', 'ZINC', 'Sorafenib', 'SB-203580', 'apigenin', 'niclosamide', 'chlorhexidine', 'lithium ion', 'Tacrine', 'Bisphenol A', 'PROPYLPARABEN', 'naringenin', 'ribavirin']	40
Growth factor receptor-bound protein 2	GRB2	P62993	['DACTINOMYCIN']	1
Growth hormone-releasing hormone receptor	GHRHR	Q02643	['docetaxel']	1
Guanine deaminase	GUAD	Q9Y2T3	['caffeine']	1
HLA class I histocompatibility antigen, A alpha chain	HLAA	P04439	['doxazosin', 'astemizole', 'trazodone', 'haloperidol']	4
Heat shock 70 kDa protein 1A	HS71A	P0DMV8	['Adenosine triphosphate', 'adenosine']	2
Heat shock 70 kDa protein 1A	V9GZ37	V9GZ37	['ellagic acid']	1
Heat shock cognate 71 kDa protein	HSP7C	P11142	['ellagic acid', 'adenosine']	2
Heat shock factor protein 1	HSF1	Q00613	['quercetin', 'Dabrafenib']	2
Heat shock protein 75 kDa, mitochondrial	TRAP1	Q12931	['Adenosine triphosphate']	1
Heat shock protein HSP 90-alpha	HS90A	P07900	['caffeic acid', 'adenosine', 'daunorubicin', 'doxorubicin', 'thiamine', 'dipyridamole', '2-AMINOPYRIDINE', 'Vorinostat', 'geldanamycin', 'alvespimycin']	10
Heat shock protein HSP 90-alpha/90-beta	HS90B	P08238	['geldanamycin', 'alvespimycin']	2
Heat shock protein HSP 90-beta	HS90B	P08238	['(-)-Epigallocatechin gallate', 'geldanamycin', 'alvespimycin']	3
Hematopoietic prostaglandin D synthase	HPGDS	O60760	['misoprostol', 'ETHACRYNIC ACID', 'ILOPROST', 'Prostaglandin E2', 'latanoprost']	5
Heparanase	HPSE	Q9Y251	['naringin', 'hesperidin', 'astemizole', 'labetalol', 'amodiaquine']	5
Hepatocyte growth factor receptor	MET	P08581	['(-)-Epigallocatechin gallate', 'Imatinib', 'Lapatinib', 'Regorafenib', 'Vandetanib', 'Pazopanib', 'quercetin', 'Pexidartinib', 'Sorafenib', 'SB-203580', 'ellagic acid', 'Canertinib', 'RefChem:560289', 'KW-2449']	14
Hepatocyte nuclear factor 4-alpha	HNF4A	P41235	['chlorhexidine', 'ketotifen', 'toremifene', 'SUFENTANIL', 'thiethylperazine']	5
Hexokinase HKDC1 [W721R]	HKDC1	Q2TB90	['33854-16-9', 'ebselen', 'chlorhexidine']	3
Hexokinase-1	HXK1	P19367	['ebselen']	1
High affinity cAMP-specific 3',5'-cyclic phosphodiesterase 7A	PDE7A	Q13946	['rolipram', 'Tadalafil', 'theophylline']	3
High affinity cAMP-specific 3',5'-cyclic phosphodiesterase 7A/cAMP-specific 3',5'-cyclic phosphodiesterase 7B	PDE7A	Q13946	['dipyridamole', 'Tadalafil']	2
High affinity cAMP-specific and IBMX-insensitive 3',5'-cyclic phosphodiesterase 8A	PDE8A	O60658	['dipyridamole', 'rolipram', 'Tadalafil']	3
High affinity cAMP-specific and IBMX-insensitive 3',5'-cyclic phosphodiesterase 8B	PDE8B	O95263	['rolipram']	1
High affinity cGMP-specific 3',5'-cyclic phosphodiesterase 9A	PDE9A	O76083	['rolipram', 'Tadalafil']	2
High affinity cGMP-specific 3',5'-cyclic phosphodiesterase 9A [226-593]	PDE9A	O76083	['rolipram', 'Tadalafil']	2
High affinity nerve growth factor receptor	NTRK1	P04629	['Selitrectinib', 'Repotrectinib', 'Larotrectinib', 'amitriptyline']	4
High mobility group protein B1	HMGB1	P09429	['salicylic acid', 'methotrexate', 'Glycyrrhizic acid']	3
Histamine H1 receptor	HRH1	P35367	['hydroxyzine', 'ranitidine', 'Salvinorin A', 'trifluoperazine', 'nefazodone', 'FLUPHENAZINE', 'Iprindole', 'haloperidol', 'ethosuximide', 'amitriptyline', 'imipramine', 'paroxetine', 'perphenazine', 'pramipexole', 'Ziprasidone', 'bupropion', 'amisulpride', 'loxapine', 'azelastine', 'fluoxetine', 'ketotifen', 'astemizole', 'mirtazapine', 'Metopimazine', 'desipramine', 'MDMA', 'venlafaxine', 'chlorpheniramine', 'Asenapine', 'diphenhydramine', 'histamine', 'trazodone', 'pentobarbital', 'phentolamine', 'quetiapine', 'carbamazepine', 'fentanyl', 'Cariprazine', 'thioridazine', 'duloxetine', 'pimozide', 'fexofenadine', 'Paliperidone', 'Aripiprazole', 'maprotiline', 'ADINAZOLAM', 'nortriptyline', 'prochlorperazine', 'propranolol', 'promethazine', 'CYPROHEPTADINE', 'VORTIOXETINE', 'trimipramine', 'risperidone', 'promazine', 'chlorpromazine', 'cimetidine']	57
Histamine H2 receptor	HRH2	P25021	['histamine', 'amisulpride', 'Aripiprazole', 'MDMA', 'VORTIOXETINE', 'ranitidine', 'pramipexole', 'cimetidine']	8
Histamine H3 receptor	HRH3	Q9Y5N1	['diphenhydramine', 'histamine', 'Aripiprazole', 'azelastine', 'fluoxetine', 'duloxetine', 'cannabidiol', 'donepezil', 'FLUPHENAZINE', 'desipramine', 'CYPROHEPTADINE', 'amitriptyline', 'Melatonin', 'ranitidine', 'risperidone', 'chlorpromazine', 'cimetidine']	17
Histamine H4 receptor	HRH4	Q9H3N8	['hydroxyzine', 'amitriptyline', 'pramipexole', 'amisulpride', 'loxapine', 'ketotifen', 'amoxapine', 'astemizole', 'famotidine', 'chlorpheniramine', 'diphenhydramine', 'histamine', 'pimozide', 'fexofenadine', 'Aripiprazole', 'promethazine', 'CYPROHEPTADINE', 'ranitidine', 'cinnarizine', 'chlorpromazine', 'cimetidine']	21
Histamine N-methyltransferase	HNMT	P50135	['amodiaquine']	1
Histone H1.0	H10	P07305	['Ziprasidone', 'Aripiprazole', 'quetiapine', 'haloperidol', 'risperidone']	5
Histone acetyltransferase KAT2B	KAT2B	Q92831	['(-)-Epigallocatechin gallate', 'coenzyme A']	2
Histone acetyltransferase KAT5	KAT5	Q92993	['(-)-Epigallocatechin gallate', 'curcumin', 'coenzyme A']	3
Histone acetyltransferase p300	EP300	Q09472	['(-)-Epigallocatechin gallate', 'curcumin', 'coenzyme A']	3
Histone deacetylase	HDAC1	Q13547	['caffeic acid', 'curcumin', 'celecoxib', 'fluconazole', 'Vandetanib', 'CHLOROGENIC ACID', 'VALPROIC ACID', 'Vorinostat', 'Belinostat', 'N-Acetyl-L-cysteine', 'trichostatin A', 'Panobinostat']	12
Histone deacetylase (HDAC1 and HDAC2)	HDAC1	Q13547	['Belinostat', 'Vorinostat']	2
Histone deacetylase 1	HDAC1	Q13547	['curcumin', 'Imatinib', 'Lapatinib', 'celecoxib', 'atorvastatin', 'colchicine', 'daunorubicin', 'Bortezomib', 'VALPROIC ACID', 'Belinostat', 'Vorinostat', 'trichostatin A', 'Panobinostat', 'lovastatin']	14
Histone deacetylase 1/11/4/6/8	HDAC1	Q13547	['Vorinostat']	1
Histone deacetylase 1/2/3	HDAC1	Q13547	['trichostatin A']	1
Histone deacetylase 1/2/3/8	HDAC1	Q13547	['Belinostat', 'Vorinostat', 'Panobinostat']	3
Histone deacetylase 11	HDA11	Q96DB2	['trichostatin A', 'Belinostat', 'Vorinostat', 'Panobinostat']	4
Histone deacetylase 2	HDAC2	Q92769	['curcumin', 'atorvastatin', 'colchicine', 'ebselen', 'Bortezomib', 'VALPROIC ACID', 'Belinostat', 'Vorinostat', 'trichostatin A', 'Panobinostat', 'lovastatin']	11
Histone deacetylase 3	HDAC3	O15379	['Lapatinib', 'colchicine', 'Bortezomib', 'VALPROIC ACID', 'Belinostat', 'Vorinostat', 'trichostatin A', 'Panobinostat']	8
Histone deacetylase 3/Nuclear receptor corepressor 2 (HDAC3/NCoR2)	HDAC3	O15379	['trichostatin A', 'Vorinostat', 'Panobinostat']	3
Histone deacetylase 4	HDAC4	P56524	['VALPROIC ACID', 'Belinostat', 'Vorinostat', 'trichostatin A', 'Panobinostat']	5
Histone deacetylase 4 [653-1084,H976Y]	HDAC4	P56524	['Belinostat', 'Vorinostat']	2
Histone deacetylase 5	HDAC5	Q9UQL6	['ebselen', 'VALPROIC ACID', 'Belinostat', 'Vorinostat', 'trichostatin A', 'Panobinostat']	6
Histone deacetylase 6	HDAC6	Q9UBN7	['Imatinib', 'Lapatinib', 'celecoxib', 'atorvastatin', 'ebselen', 'daunorubicin', 'Bortezomib', 'VALPROIC ACID', 'Belinostat', 'Vorinostat', 'trichostatin A', 'Panobinostat', 'lovastatin']	13
Histone deacetylase 7	HDAC7	Q8WUI4	['VALPROIC ACID', 'Belinostat', 'Vorinostat', 'trichostatin A', 'Panobinostat']	5
Histone deacetylase 8	HDAC8	Q9BY41	['curcumin', 'Tamibarotene', 'Lapatinib', 'daunorubicin', 'Bortezomib', 'VALPROIC ACID', 'Belinostat', 'Vorinostat', 'trichostatin A', 'Panobinostat']	10
Histone deacetylase 9	HDAC9	Q9UKV0	['ebselen', 'VALPROIC ACID', 'Belinostat', 'Vorinostat', 'trichostatin A', 'Panobinostat']	6
Histone-lysine N-methyltransferase EHMT1	EHMT1	Q9H9B1	['disulfiram', 'ebselen', 'glutathione', 'Diethyldithiocarbamate', '1255580-76-7']	5
Histone-lysine N-methyltransferase EHMT2	EHMT2	Q96KQ7	['1255580-76-7']	1
Histone-lysine N-methyltransferase, H3 lysine-36 specific	NSD1	Q96L73	['chloroquine']	1
Histone-lysine N-methyltransferase, H3 lysine-79 specific	DOT1L	Q8TEK3	['adenosine']	1
Homeodomain-interacting protein kinase 1	HIPK1	Q86Z02	['Lapatinib', 'Imatinib', 'Vandetanib', 'Pazopanib', 'Sorafenib', 'SB-203580', 'Canertinib', 'RefChem:560289', 'KW-2449']	9
Homeodomain-interacting protein kinase 2	HIPK2	Q9H2X6	['Lapatinib', 'Imatinib', 'Vandetanib', 'Pazopanib', 'Sorafenib', 'SB-203580', 'Canertinib', 'RefChem:560289', 'KW-2449']	9
Homeodomain-interacting protein kinase 3	HIPK3	Q9H422	['Lapatinib', 'Imatinib', 'Vandetanib', 'Pazopanib', 'Sorafenib', 'SB-203580', 'Canertinib', 'RefChem:560289', 'KW-2449']	9
Homeodomain-interacting protein kinase 4	HIPK4	Q8NE63	['Lapatinib', 'Imatinib', 'Vandetanib', 'Pazopanib', 'Sorafenib', 'SB-203580', 'Canertinib', 'RefChem:560289', 'KW-2449']	9
Hormonally up-regulated neu tumor-associated kinase	HUNK	P57058	['Lapatinib', 'Imatinib', 'Vandetanib', 'Pazopanib', 'Sorafenib', 'SB-203580', 'Canertinib', 'RefChem:560289', 'KW-2449']	9
Hyaluronidase-1	HYAL1	Q12794	['caffeic acid', 'rosmarinic acid', 'ferulic acid']	3
Hypoxia-inducible factor 1-alpha	HIF1A	Q16665	"['Ursolic acid', 'deferoxamine', ""2,2'-BIPYRIDINE"", 'CICLOPIROX', 'alvespimycin', 'topotecan']"	6
Importin subunit alpha-1	IMA1	P52292	['methotrexate', 'praziquantel']	2
Indoleamine 2,3-dioxygenase 1	I23O1	P14902	['oxiconazole', 'ebselen', 'mitomycin C', 'Phenelzine', 'N-PHENYLHYDROXYLAMINE', 'bifonazole', '9H-Pyrido[3,4-B]indole', 'Necrostatin-1', 'Tanshinone IIA', 'ketoconazole', 'econazole']	11
Induced myeloid leukemia cell differentiation protein Mcl-1	MCL1	Q07820	['coumarin', 'prochlorperazine', 'ellagic acid', 'Navitoclax', 'apomorphine', 'rosmarinic acid', 'Prilosec']	7
Inhibitor of nuclear factor kappa-B kinase subunit alpha	IKKA	O15111	['Lapatinib', 'Imatinib', 'Vandetanib', 'Pazopanib', 'Sorafenib', '9H-Pyrido[3,4-B]indole', 'SB-203580', 'Canertinib', 'RefChem:560289', 'KW-2449']	10
Inhibitor of nuclear factor kappa-B kinase subunit beta	IKKB	O14920	['Lapatinib', 'Imatinib', 'minocycline', 'Vandetanib', '7,8-dihydroxyflavone', 'Pazopanib', 'Sorafenib', 'SB-203580', 'ellagic acid', 'Canertinib', 'RefChem:560289', 'KW-2449']	12
Inhibitor of nuclear factor kappa-B kinase subunit epsilon	IKKE	Q14164	['Lapatinib', 'Imatinib', 'Vandetanib', 'Pazopanib', 'Sorafenib', 'SB-203580', 'Canertinib', 'RefChem:560289', 'KW-2449']	9
Inosine-5'-monophosphate dehydrogenase 1	IMDH1	P20839	['adenosine']	1
Inosine-5'-monophosphate dehydrogenase 2	IMDH2	P12268	['adenosine']	1
Insulin receptor	INSR	P06213	['Lapatinib', 'Imatinib', 'Vandetanib', 'Pazopanib', 'Sorafenib', 'SB-203580', 'ellagic acid', 'Canertinib', 'RefChem:560289', 'kenpaullone', 'KW-2449']	11
Insulin receptor-related protein	INSRR	P14616	['Lapatinib', 'Imatinib', 'Vandetanib', 'Pazopanib', 'Sorafenib', 'SB-203580', 'Canertinib', 'RefChem:560289', 'KW-2449']	9
Insulin-degrading enzyme	IDE	P14735	['ebselen']	1
Insulin-like growth factor 1 receptor	IGF1R	P08069	['Lapatinib', 'Imatinib', 'Vandetanib', 'Pazopanib', 'quercetin', 'Sorafenib', 'SB-203580', 'ellagic acid', 'Canertinib', 'RefChem:560289', 'KW-2449']	11
Insulin-like growth factor-binding protein 5	IBP5	P24593	['dimethyl sulfoxide']	1
Integrin alpha-L	ITAL	P20701	['lovastatin']	1
Integrin alpha-L/beta-2	ITAL	P20701	['lovastatin']	1
Integrin alpha-V/beta-3	ITB3	P05106	['paclitaxel']	1
Intercellular adhesion molecule 1	ICAM1	P05362	['lovastatin']	1
Interferon-induced, double-stranded RNA-activated protein kinase	E2AK2	P19525	['Lapatinib', 'Imatinib', 'Vandetanib', '129-56-6', 'dorsomorphin', 'Pazopanib', 'SU9516', 'Sorafenib', 'SB-203580', 'Canertinib', 'RefChem:560289', 'KW-2449']	12
Interleukin-1 beta	IL1B	P01584	['thalidomide']	1
Interleukin-1 receptor-associated kinase 3	IRAK3	Q9Y616	['Lapatinib', 'Imatinib', 'Vandetanib', 'Pazopanib', 'Sorafenib', 'SB-203580', 'Canertinib', 'RefChem:560289', 'KW-2449']	9
Interleukin-1 receptor-associated kinase 4	IRAK4	Q9NWZ3	['Lapatinib', 'Imatinib', 'Vandetanib', 'Pazopanib', 'Sorafenib', 'SB-203580', 'Canertinib', 'RefChem:560289', 'KW-2449']	9
Interleukin-5	IL5	P05113	['budesonide']	1
Interleukin-8	IL8	P10145	['indomethacin', 'berberine chloride', 'diclofenac']	3
Intermediate conductance calcium-activated potassium channel protein 4	KCNN4	O15554	['clotrimazole']	1
Intestinal-type alkaline phosphatase	PPBI	P09923	['curcumin', '(-)-Epicatechin', 'Cianidanol', 'theophylline', 'Mangiferin']	5
Inward rectifier potassium channel 2	KCNJ2	P63252	['Zuranolone']	1
Isoform 1 of Steroid hormone receptor ERR2 (ERRbeta2-delta10)	ERR2	O95718	['estradiol', 'genistein']	2
Isoform 2 of Nuclear receptor ROR-alpha (Alpha-2)	RORA	P35398	['podophyllotoxin', 'daunorubicin', 'doxorubicin', 'Cladribine', 'ellipticine']	5
Isoform 2 of Nuclear receptor corepressor 2 (TRAC-1)	NCOR2	Q9Y618	['Mangiferin']	1
Isoform 4 of Dual 3',5'-cyclic-AMP and -GMP phosphodiesterase 11A (PDE11A1) 35-489]	PDE11	Q9HCR9	['rolipram', 'Tadalafil']	2
Isoform Bcl-X(L) of Bcl-2-like protein 1 (Bcl-xL)	B2CL1	Q07817	['apomorphine']	1
JAK3/JAK1	JAK1	P23458	['ifidancitinib']	1
Kallikrein-5	KLK5	Q9Y337	['CARBARYL']	1
Kappa-type opioid receptor	OPRK	P41145	['Salvinorin A', 'cannabidiol', 'methadone', 'nalbuphine', 'amisulpride', 'hydromorphone', 'SUFENTANIL', 'pentazocine', 'quercetin', 'HYDROCODONE', 'butorphanol', 'RUTIN', 'morphine', 'Tramadol', 'oxycodone', 'Leu-enkephalin', 'Methylnaltrexone', 'naltrexone', 'Dynorphin A (1-13)', 'fentanyl', 'naloxone', 'pimozide', 'flunarizine', 'Aripiprazole', 'meperidine', 'codeine', 'propranolol', 'nalmefene', 'buprenorphine']	29
KiSS-1 receptor	KISSR	Q969F8	['benzethonium chloride']	1
Kinesin-1 heavy chain/Proto-oncogene tyrosine-protein kinase receptor Ret	RET	P07949	['Vandetanib']	1
Kinesin-like protein KIF11	KIF11	P52732	['docetaxel', 'L-cysteine']	2
Kinesin-like protein KIF11 [D130V]	KIF11	P52732	['docetaxel']	1
Kinesin-like protein KIFC1	KIFC1	Q9BW19	['Adenosine triphosphate']	1
Krueppel-like factor 5	KLF5	Q13887	['ouabain']	1
L-lactate dehydrogenase A chain	LDHA	P00338	['Dronabinol', 'cannabidiol', 'RUTIN']	3
L-selectin	LYAM1	P14151	['Gallic acid']	1
LIM domain kinase 1	LIMK1	P53667	['Lapatinib', 'Imatinib', 'Vandetanib', 'Pazopanib', 'Sorafenib', 'SB-203580', 'Canertinib', 'RefChem:560289', 'KW-2449']	9
LIM domain kinase 2	LIMK2	P53671	['Lapatinib', 'Imatinib', 'Vandetanib', 'Pazopanib', 'Sorafenib', 'SB-203580', 'Canertinib', 'RefChem:560289', 'KW-2449']	9
Lactase/phlorizin hydrolase	LPH	P09848	['MIGLITOL']	1
Lactoperoxidase	PERL	P22079	['Carbimazole', 'methimazole']	2
Lecithin retinol acyltransferase	LRAT	O95237	['neomycin', 'Neamine']	2
Lethal(3)malignant brain tumor-like protein 4	LMBL4	Q8NA19	['oxybutynin', 'maprotiline', 'chlorpheniramine']	3
Leucine-rich repeat serine/threonine-protein kinase 2	LRRK2	Q5S007	['Lapatinib', 'Imatinib', 'Vandetanib', 'Pazopanib', 'Sorafenib', 'SB-203580', 'Canertinib', 'RefChem:560289', 'KW-2449']	9
Leukocyte tyrosine kinase receptor	LTK	P29376	['Lapatinib', 'Imatinib', 'Vandetanib', 'Pazopanib', 'Sorafenib', 'SB-203580', 'Canertinib', 'RefChem:560289', 'KW-2449']	9
Leukotriene A-4 hydrolase	LKHA4	P09960	['resveratrol', 'captopril', 'Valproate', 'Vorinostat', 'Belinostat', 'trichostatin A', 'Panobinostat']	7
Leukotriene B4 receptor 2	LT4R2	Q9NPC1	['valsartan', 'irbesartan', 'rofecoxib']	3
Lysine--tRNA ligase	SYK	Q15046	['Imatinib', 'azelastine']	2
Lysine-specific demethylase 4E	KDM4E	B2RXH2	['baicalein', 'quinolinic acid', 'fumaric acid', 'Vorinostat', 'trichostatin A']	5
Lysine-specific demethylase 5A	KDM5A	P29375	['disulfiram', 'CPI-455', 'amiodarone', 'geldanamycin', 'alvespimycin']	5
Lysine-specific demethylase 5B	KDM5B	Q9UGL1	['CPI-455']	1
Lysine-specific demethylase 5C	KDM5C	P41229	['CPI-455', 'deferiprone']	2
Lysine-specific demethylase 6A	KDM6A	O15550	['Vorinostat']	1
Lysine-specific demethylase 7A	KDM7A	Q6ZMT4	['amiodarone']	1
Lysine-specific histone demethylase 1A	KDM1A	O60341	['Icariin', 'hesperetin', 'quercetin', 'RUTIN', 'berberine chloride', 'curcumin', 'baicalein', 'tranylcypromine', 'hesperidin', 'Tanshinone I', 'Phenelzine', 'rosmarinic acid', '1255580-76-7', 'resveratrol', 'Salvianolic acid B', 'Capsaicin', 'Vorinostat', 'promazine', 'chlorpromazine', 'Baicalin']	20
Lysine-specific histone demethylase 2	KDM1B	Q8NB78	['tranylcypromine']	1
Lysophosphatidic acid receptor 2	LPAR2	Q9HBW0	['22002-87-5']	1
Lysophosphatidic acid receptor 4	LPAR4	Q99677	['22002-87-5']	1
Lysophosphatidylserine lipase ABHD12	ABD12	Q8N2K0	['Dronabinol']	1
Lysosomal Pro-X carboxypeptidase	PCP	P42785	['DIZOCILPINE']	1
Lysosomal acid glucosylceramidase	GBA1	P04062	['tamoxifen', 'MIGLITOL']	2
Lysosomal alpha-glucosidase	LYAG	P10253	['baicalein', 'Ursolic acid', 'MIGLITOL', 'voglibose', 'luteolin']	5
Lysosomal alpha-mannosidase	MA2B1	O00754	['MIGLITOL']	1
M-phase inducer phosphatase 2	MPIP2	P30305	['Retinoic acid', 'p-benzoquinone']	2
MAP kinase-activated protein kinase 2	MAPK2	P49137	['Lapatinib', 'Imatinib', 'Vandetanib', 'Adenosine triphosphate', 'Pazopanib', 'Sorafenib', 'SB-203580', 'Canertinib', 'RefChem:560289', 'KW-2449']	10
MAP kinase-activated protein kinase 5	MAPK5	Q8IW41	['(-)-Epigallocatechin gallate', 'Lapatinib', 'Imatinib', 'Vandetanib', 'Pazopanib', 'Sorafenib', 'SB-203580', 'Canertinib', 'RefChem:560289', 'KW-2449']	10
MAP kinase-interacting serine/threonine-protein kinase 1	MKNK1	Q9BUB5	['Lapatinib', 'Imatinib', 'Vandetanib', 'dorsomorphin', 'Pazopanib', 'Sorafenib', 'SB-203580', 'luteolin', 'Canertinib', 'RefChem:560289', 'KW-2449']	11
MAP kinase-interacting serine/threonine-protein kinase 2	MKNK2	Q9HBH9	['Lapatinib', 'Imatinib', '129-56-6', 'Vandetanib', 'Pazopanib', 'Sorafenib', 'apigenin', 'SB-203580', 'luteolin', 'Canertinib', 'RefChem:560289', 'KW-2449']	12
MAP/microtubule affinity-regulating kinase 3	MARK3	P27448	['Lapatinib', 'Imatinib', 'Vandetanib', 'Pazopanib', 'Sorafenib', 'SB-203580', 'Canertinib', 'RefChem:560289', 'KW-2449']	9
MAP/microtubule affinity-regulating kinase 4	MARK4	Q96L34	['Lapatinib', 'Imatinib', 'Vandetanib', 'Pazopanib', 'Sorafenib', 'SB-203580', 'Canertinib', 'RefChem:560289', 'KW-2449']	9
Macrophage colony-stimulating factor 1 receptor	CSF1R	P07333	['Pexidartinib']	1
Macrophage metalloelastase	MMP12	P39900	['quercetin', 'luteolin', 'Ilomastat', 'piceatannol']	4
Macrophage migration inhibitory factor	MIF	P14174	['histamine', 'Iguratimod', 'ebselen', 'isoniazid', 'Napqi', 'sulforaphane', 'ellagic acid']	7
Major prion protein	PRIO	P04156	['chloroquine', 'promethazine', 'carbamazepine', 'haloperidol', 'imipramine', 'promazine', 'chlorpromazine']	7
Malate dehydrogenase, cytoplasmic	MDHC	P40925	['fluconazole', 'clotrimazole', 'ketoconazole', 'Delavirdine', 'econazole']	5
Malate dehydrogenase, mitochondrial	MDHM	P40926	['thyroxine']	1
Mannose-6-phosphate isomerase	MPI	P34949	['brimonidine', 'ebselen', 'apomorphine']	3
Mast/stem cell growth factor receptor Kit	KIT	P10721	['Imatinib', 'Regorafenib', 'Pexidartinib']	3
Mast/stem cell growth factor receptor Kit [N822K]	KIT	P10721	['Imatinib']	1
Mast/stem cell growth factor receptor Kit [V559D]	KIT	P10721	['Imatinib']	1
Matrilysin	MMP7	P09237	['(-)-Epigallocatechin gallate', 'minocycline', 'Ilomastat', 'isoliquiritigenin', 'Gallic acid', 'luteolin', 'DTXSID80992212']	7
Matrix metalloproteinase-14 [1-36]	MMP14_PONAB	Q5RES1	['leflunomide']	1
Matrix metalloproteinase-15	MMP15	P51511	['Ilomastat']	1
Matrix metalloproteinase-16	MMP16	P51512	['Ilomastat']	1
Matrix metalloproteinase-17	MMP17	Q9ULZ9	['Ilomastat']	1
Matrix metalloproteinase-26	MMP26	Q9NRE1	['Ilomastat']	1
Matrix metalloproteinase-9	MMP9	P14780	['caffeic acid', 'curcumin', 'chlorhexidine', 'minocycline', 'Ilomastat', 'isoliquiritigenin', 'quercetin', 'piceatannol', 'luteolin', 'Mangiferin']	10
Megakaryocyte-associated tyrosine-protein kinase	MATK	P42679	['Lapatinib', 'Imatinib', 'Vandetanib', 'Pazopanib', 'Sorafenib', 'SB-203580', 'Canertinib', 'RefChem:560289', 'KW-2449']	9
Melatonin receptor type 1A	MTR1A	P48039	"['dopamine', 'Agomelatine', 'Cianidanol', 'prazosin', 'moxifloxacin', ""4,4'-Methylenediphenol"", 'Melatonin']"	7
Melatonin receptor type 1A/1B	MTR1A	P48039	['Melatonin', 'Agomelatine']	2
Melatonin receptor type 1B	MTR1B	P49286	"['dopamine', 'Agomelatine', 'Cianidanol', 'prazosin', ""4,4'-Methylenediphenol"", 'Melatonin']"	6
Membrane primary amine oxidase	AOC3	Q16853	['Phenelzine']	1
Membrane-associated tyrosine- and threonine-specific cdc2-inhibitory kinase	PMYT1	Q99640	['Lapatinib', 'Imatinib', 'Vandetanib', 'Pazopanib', 'Sorafenib', 'SB-203580', 'Canertinib', 'RefChem:560289', 'KW-2449']	9
Metabotropic glutamate receptor 3	GRM3	Q14832	['L-glutamic acid']	1
Metabotropic glutamate receptor 5	GRM5	P41594	['L-glutamic acid', 'alpha-AMINO-3-HYDROXY-5-METHYL-4-ISOXAZOLEPROPIONIC ACID', 'Mavoglurant', 'Salvinorin A', 'kainic acid', 'ADX 10059']	6
Metabotropic glutamate receptor 6	GRM6	O15303	['Salvinorin A', 'kainic acid', 'L-glutamic acid']	3
Metabotropic glutamate receptor 7	GRM7	Q14831	['L-glutamic acid']	1
Metabotropic glutamate receptor 8	GRM8	O00222	['Salvinorin A', 'L-glutamic acid']	2
Methionine aminopeptidase 1	MAP11	P53582	"['thiabendazole', ""2,2'-BIPYRIDINE""]"	2
Methionine aminopeptidase 2	MAP2	P50579	['thiabendazole']	1
Methionine synthase	METH	Q99707	['methotrexate']	1
Methylcytosine dioxygenase TET1	TET1	Q8NFU7	['CPI-455', 'fumaric acid', 'Panobinostat']	3
Methylcytosine dioxygenase TET2	TET2	Q6N021	['CPI-455', 'fumaric acid', 'Panobinostat']	3
Methylcytosine dioxygenase TET3	TET3	O43151	['CPI-455', 'fumaric acid', 'Panobinostat']	3
Microtubule-associated protein 2	MTAP2	P11137	['ebselen']	1
Microtubule-associated protein tau	TAU	P10636	['curcumin']	1
Microtubule-associated serine/threonine-protein kinase 1	MAST1	Q9Y2H9	['Lapatinib', 'Imatinib', 'Vandetanib', 'Pazopanib', 'Sorafenib', 'SB-203580', 'Canertinib', 'RefChem:560289', 'KW-2449']	9
Mineralocorticoid receptor	MCR	P08235	['spironolactone', 'hydrocortisone', 'CORTICOSTERONE', 'ALDOSTERONE', 'mifepristone', 'FLUTICASONE PROPIONATE', 'budesonide', 'Medroxyprogesterone acetate', 'dexamethasone', 'progesterone', 'prednisolone']	11
Misshapen-like kinase 1	MINK1	Q8N4C8	['Lapatinib', 'Imatinib', 'Vandetanib', 'Pazopanib', 'Sorafenib', 'SB-203580', 'Canertinib', 'RefChem:560289', 'KW-2449']	9
Mitogen-activated protein kinase 1	MK01	P28482	['Lapatinib', 'Imatinib', 'Vandetanib', '129-56-6', 'Pazopanib', '2097416-76-5', '167869-21-8', 'Sorafenib', 'SB-203580', 'Canertinib', 'RefChem:560289', 'kenpaullone', 'KW-2449', 'niclosamide']	14
Mitogen-activated protein kinase 1/3	MK01	P28482	['2097416-76-5']	1
Mitogen-activated protein kinase 10	MK10	P53779	['Imatinib', 'Vandetanib', 'luteolin', 'Canertinib', 'KW-2449', 'kaempferol', 'Isorhamnetin', '129-56-6', 'Pazopanib', 'quercetin', 'RefChem:560289', 'acacetin', 'Lapatinib', 'chrysin', 'Cynaroside', 'Sorafenib', 'apigenin', 'SB-203580', '(-)-Epicatechin']	19
Mitogen-activated protein kinase 10/8/9	MK10	P53779	['129-56-6']	1
Mitogen-activated protein kinase 11	MK11	Q15759	['Lapatinib', 'Imatinib', 'Vandetanib', 'Pazopanib', 'Sorafenib', 'SB-203580', 'Canertinib', 'RefChem:560289', 'KW-2449']	9
Mitogen-activated protein kinase 11/12/13/14	MK14	Q16539	['Imatinib', 'SB-203580']	2
Mitogen-activated protein kinase 12	MK12	P53778	['Lapatinib', 'Imatinib', '129-56-6', 'Vandetanib', 'Pazopanib', 'Sorafenib', 'SB-203580', 'Canertinib', 'RefChem:560289', 'KW-2449']	10
Mitogen-activated protein kinase 13	MK13	O15264	['Lapatinib', 'Imatinib', 'Vandetanib', 'Pazopanib', 'Sorafenib', 'SB-203580', 'Canertinib', 'RefChem:560289', 'KW-2449']	9
Mitogen-activated protein kinase 14	MK14	Q16539	['Imatinib', 'genistein', 'Vandetanib', 'luteolin', 'Canertinib', 'KW-2449', '(-)-Epigallocatechin gallate', 'kaempferol', 'Isorhamnetin', '129-56-6', 'hesperetin', 'Pazopanib', 'quercetin', 'RUTIN', 'RefChem:560289', 'acacetin', 'Lapatinib', 'celecoxib', 'chrysin', 'Cynaroside', 'Sorafenib', 'PIRFENIDONE', 'SB-203580', 'apigenin', '(-)-Epicatechin']	25
Mitogen-activated protein kinase 15	MK15	Q8TD08	['Lapatinib', 'Imatinib', 'Vandetanib', 'Pazopanib', 'Sorafenib', 'SB-203580', 'Canertinib', 'RefChem:560289', 'KW-2449']	9
Mitogen-activated protein kinase 3	MK03	P27361	['Lapatinib', 'Imatinib', 'Vandetanib', '129-56-6', 'Pazopanib', 'Sorafenib', 'SB-203580', 'Canertinib', 'RefChem:560289', 'kenpaullone', 'KW-2449']	11
Mitogen-activated protein kinase 4	MK04	P31152	['Lapatinib', 'Imatinib', 'Vandetanib', 'Pazopanib', 'Sorafenib', 'SB-203580', 'Canertinib', 'RefChem:560289', 'KW-2449']	9
Mitogen-activated protein kinase 6	MK06	Q16659	['Lapatinib', 'Imatinib', 'Vandetanib', 'Pazopanib', 'Sorafenib', 'SB-203580', 'Canertinib', 'RefChem:560289', 'KW-2449']	9
Mitogen-activated protein kinase 8	MK08	P45983	['Lapatinib', 'Imatinib', '129-56-6', 'Vandetanib', 'Pazopanib', 'Sorafenib', 'SB-203580', 'Canertinib', 'RefChem:560289', 'KW-2449', 'niclosamide']	11
Mitogen-activated protein kinase 8/9	MK08	P45983	['129-56-6']	1
Mitogen-activated protein kinase 9	MK09	P45984	['Lapatinib', 'Imatinib', '129-56-6', 'Vandetanib', 'Pazopanib', 'Sorafenib', 'SB-203580', 'Canertinib', 'RefChem:560289', 'KW-2449']	10
Mitogen-activated protein kinase kinase kinase 1	M3K1	Q13233	['Lapatinib', 'Imatinib', 'Vandetanib', 'Pazopanib', 'Sorafenib', 'SB-203580', 'Canertinib', 'RefChem:560289', 'KW-2449']	9
Mitogen-activated protein kinase kinase kinase 10	M3K10	Q02779	['Lapatinib', 'Imatinib', 'Vandetanib', 'Pazopanib', 'Sorafenib', 'CEP-1347', 'SB-203580', 'Canertinib', 'RefChem:560289', 'KW-2449']	10
Mitogen-activated protein kinase kinase kinase 11	M3K11	Q16584	['Lapatinib', 'Imatinib', 'Vandetanib', 'Pazopanib', 'Sorafenib', 'CEP-1347', 'SB-203580', 'Canertinib', 'RefChem:560289', 'KW-2449']	10
Mitogen-activated protein kinase kinase kinase 12	M3K12	Q12852	['Lapatinib', 'Imatinib', 'Vandetanib', 'Pazopanib', 'Sorafenib', 'SB-203580', 'Canertinib', 'RefChem:560289', 'KW-2449']	9
Mitogen-activated protein kinase kinase kinase 13	M3K13	O43283	['Lapatinib', 'Imatinib', 'Vandetanib', 'Pazopanib', 'Sorafenib', 'SB-203580', 'Canertinib', 'RefChem:560289', 'KW-2449']	9
Mitogen-activated protein kinase kinase kinase 15	M3K15	Q6ZN16	['Lapatinib', 'Imatinib', 'Vandetanib', 'Pazopanib', 'Sorafenib', 'SB-203580', 'Canertinib', 'RefChem:560289', 'KW-2449']	9
Mitogen-activated protein kinase kinase kinase 19	M3K19	Q56UN5	['Lapatinib', 'Imatinib', 'Vandetanib', 'Pazopanib', 'Sorafenib', 'SB-203580', 'Canertinib', 'RefChem:560289', 'KW-2449']	9
Mitogen-activated protein kinase kinase kinase 2	M3K2	Q9Y2U5	['Lapatinib', 'Imatinib', 'Vandetanib', 'Pazopanib', 'Sorafenib', 'SB-203580', 'Canertinib', 'RefChem:560289', 'KW-2449']	9
Mitogen-activated protein kinase kinase kinase 20	M3K20	Q9NYL2	['Lapatinib', 'Imatinib', 'Vandetanib', 'Pazopanib', 'Sorafenib', 'SB-203580', 'Canertinib', 'RefChem:560289', 'KW-2449']	9
Mitogen-activated protein kinase kinase kinase 3	M3K3	Q99759	['Lapatinib', 'Imatinib', 'Vandetanib', 'Pazopanib', 'Sorafenib', 'SB-203580', 'Canertinib', 'RefChem:560289', 'KW-2449']	9
Mitogen-activated protein kinase kinase kinase 4	M3K4	Q9Y6R4	['Lapatinib', 'Imatinib', 'Vandetanib', 'Pazopanib', 'Sorafenib', 'SB-203580', 'Canertinib', 'RefChem:560289', 'KW-2449']	9
Mitogen-activated protein kinase kinase kinase 5	M3K5	Q99683	['ASK1-IN-1']	1
Mitogen-activated protein kinase kinase kinase 6	M3K6	O95382	['Lapatinib', 'Imatinib', 'Vandetanib', 'Pazopanib', 'Sorafenib', 'SB-203580', 'Canertinib', 'RefChem:560289', 'KW-2449']	9
Mitogen-activated protein kinase kinase kinase 7	M3K7	O43318	['Imatinib', 'Lapatinib', 'adenosine', 'Vandetanib', 'Adenosine triphosphate', 'Pazopanib', 'Sorafenib', 'SB-203580', 'Canertinib', 'RefChem:560289', 'KW-2449']	11
Mitogen-activated protein kinase kinase kinase 8	M3K8	P41279	['ellagic acid']	1
Mitogen-activated protein kinase kinase kinase 9	M3K9	P80192	['CEP-1347']	1
Mitogen-activated protein kinase kinase kinase kinase 1	M4K1	Q92918	['Lapatinib', 'Imatinib', 'Vandetanib', 'Pazopanib', 'Sorafenib', 'SB-203580', 'Canertinib', 'RefChem:560289', 'KW-2449']	9
Mitogen-activated protein kinase kinase kinase kinase 3	M4K3	Q8IVH8	['Lapatinib', 'Imatinib', 'Vandetanib', 'Pazopanib', 'Sorafenib', 'SB-203580', 'Canertinib', 'RefChem:560289', 'KW-2449']	9
Mitogen-activated protein kinase kinase kinase kinase 4	M4K4	O95819	['Lapatinib', 'Imatinib', 'Vandetanib', 'Pazopanib', 'Sorafenib', 'SB-203580', 'Canertinib', 'RefChem:560289', 'KW-2449']	9
Mitogen-activated protein kinase kinase kinase kinase 5	M4K5	Q9Y4K4	['Lapatinib', 'Imatinib', 'Vandetanib', 'Pazopanib', 'Sorafenib', 'SB-203580', 'Canertinib', 'RefChem:560289', 'KW-2449']	9
Monocarboxylate transporter 4	MOT4	O15427	['phloretin']	1
Monoglyceride lipase	MGLL	Q99685	['disulfiram', 'Dronabinol', 'N-ethylmaleimide']	3
Mothers against decapentaplegic homolog 3	SMAD3	P84022	['ellagic acid']	1
Motilin receptor	MTLR	O43193	['erythromycin']	1
Mu-type opioid receptor	OPRM	P35372	['Salvinorin A', 'cannabidiol', 'haloperidol', 'dobutamine', 'methadone', 'nalbuphine', 'amisulpride', 'NALDEMEDINE', 'hydromorphone', 'SUFENTANIL', 'pentazocine', 'quercetin', 'HYDROCODONE', 'butorphanol', 'RUTIN', 'pergolide', 'morphine', 'Tapentadol', 'Tramadol', 'oxycodone', 'Leu-enkephalin', 'Methylnaltrexone', 'naltrexone', 'Dynorphin A (1-13)', 'fentanyl', 'naloxone', 'pimozide', 'flunarizine', 'Meptazinol', 'Aripiprazole', 'meperidine', 'Tacrine', 'DEZOCINE', 'propranolol', 'codeine', '8-Cyclopentyl-1,3-dipropylxanthine', 'nalmefene', 'buprenorphine']	38
Mucolipin-3	MCLN3	Q8TDD5	['arecoline']	1
Multidrug and toxin extrusion protein 1	S47A1	Q96FL8	['Imatinib', '5-azacytidine', 'irbesartan', 'LEVOFLOXACIN', 'ondansetron', 'pantoprazole', 'buspirone', 'imipramine', 'amantadine', 'metformin', 'disopyramide', 'spironolactone', 'furosemide', 'astemizole', 'prazosin', 'indomethacin', 'tubocurarine', 'thiabendazole', 'diclofenac', 'dipyridamole', 'sumatriptan', 'dexamethasone', 'ritonavir', 'indinavir', 'carvedilol', 'ethinyl estradiol', 'mitoxantrone', 'lidocaine', 'pimozide', 'Telmisartan', 'chlorhexidine', 'Aripiprazole', 'Tacrine', 'enalapril', 'losartan', 'domperidone', 'erythromycin', 'quinidine', 'clonidine', 'CICLOPIROX', 'ranitidine', 'risperidone', 'topotecan', 'cimetidine']	44
Multidrug and toxin extrusion protein 2	S47A2	Q86VL8	['Imatinib', 'ondansetron', 'pantoprazole', 'buspirone', 'imipramine', 'disopyramide', 'prazosin', 'tubocurarine', 'dipyridamole', 'ritonavir', 'indinavir', 'ethinyl estradiol', 'mitoxantrone', 'pimozide', 'chlorhexidine', 'Aripiprazole', 'Tacrine', 'domperidone', 'risperidone', 'topotecan', 'cimetidine']	21
Multidrug resistance-associated protein 1	MRP1	P33527	['VERAPAMIL']	1
Muscarinic acetylcholine receptor M1	ACM1	P11229	['amitriptyline']	1
Muscarinic acetylcholine receptor M2	ACM2	P08172	['amitriptyline']	1
Muscarinic acetylcholine receptor M3	ACM3	P20309	['Desvenlafaxine', 'Darifenacin', 'Salvinorin A', 'trifluoperazine', 'tolterodine', 'FLUPHENAZINE', 'haloperidol', 'amitriptyline', 'imipramine', 'paroxetine', 'perphenazine', 'pramipexole', 'Ziprasidone', 'bupropion', 'FLUPERLAPINE', 'amisulpride', 'loxapine', 'fluoxetine', 'chloroquine', 'biperiden', 'quercetin', 'desipramine', 'MDMA', 'trihexyphenidyl', 'hydroxychloroquine', 'venlafaxine', 'RUTIN', 'diphenhydramine', 'trazodone', 'acetylcholine', 'quetiapine', 'thioridazine', 'Solifenacin', 'pimozide', 'oxybutynin', 'Aripiprazole', 'ADINAZOLAM', 'RefChem:1092872', 'arecoline', 'nortriptyline', 'propranolol', 'CYPROHEPTADINE', 'pirenzepine', 'risperidone', 'chlorpromazine']	45
Muscarinic acetylcholine receptor M4	ACM4	P08173	['amitriptyline']	1
Muscarinic acetylcholine receptor M5	ACM5	P08912	['Desvenlafaxine', 'Darifenacin', 'Salvinorin A', 'tolterodine', 'haloperidol', 'amitriptyline', 'imipramine', 'paroxetine', 'Ziprasidone', 'bupropion', 'FLUPERLAPINE', 'amisulpride', 'loxapine', 'fluoxetine', 'chloroquine', 'pilocarpine', 'biperiden', 'quercetin', 'desipramine', 'MDMA', 'trihexyphenidyl', 'hydroxychloroquine', 'venlafaxine', 'RUTIN', 'diphenhydramine', 'trazodone', 'acetylcholine', 'quetiapine', 'thioridazine', 'Solifenacin', 'oxybutynin', 'Aripiprazole', 'ADINAZOLAM', 'RefChem:1092872', 'arecoline', 'nortriptyline', 'CYPROHEPTADINE', 'pirenzepine', 'risperidone', 'chlorpromazine']	40
Muscle, skeletal receptor tyrosine-protein kinase	MUSK	O15146	['Lapatinib', 'Imatinib', 'Vandetanib', 'Pazopanib', 'Sorafenib', 'SB-203580', 'Canertinib', 'RefChem:560289', 'KW-2449']	9
Myc proto-oncogene protein	MYC	P01106	['resveratrol']	1
Myeloperoxidase	PERM	P05164	['kaempferol', 'dapsone', 'isoniazid', 'quercetin', 'paroxetine', 'metoclopramide', 'propylthiouracil', 'apigenin', 'Melatonin', 'hydralazine', 'aspirin']	11
Myoglobin	MYG	P02144	['acetaminophen']	1
Myosin light chain kinase 2, skeletal/cardiac muscle	MYLK2	Q9H1R3	['Lapatinib', 'Imatinib', 'Vandetanib', 'Pazopanib', 'Sorafenib', 'SB-203580', 'Canertinib', 'RefChem:560289', 'KW-2449']	9
Myosin light chain kinase 3	MYLK3	Q32MK0	['Lapatinib', 'Imatinib', 'Vandetanib', 'Pazopanib', 'Sorafenib', 'SB-203580', 'Canertinib', 'RefChem:560289', 'KW-2449']	9
Myosin light chain kinase family member 4	MYLK4	Q86YV6	['Lapatinib', 'Imatinib', 'Vandetanib', 'Pazopanib', 'Sorafenib', 'SB-203580', 'Canertinib', 'RefChem:560289', 'KW-2449']	9
Myosin light chain kinase, smooth muscle	MYLK	Q15746	['Lapatinib', 'Imatinib', 'nifedipine', 'Vandetanib', 'piceatannol', 'Pazopanib', 'Sorafenib', 'SB-203580', 'Canertinib', 'RefChem:560289', 'Fasudil', 'KW-2449']	12
Myosin-IIIa	MYO3A	Q8NEV4	['Lapatinib', 'Imatinib', 'Vandetanib', 'Pazopanib', 'Sorafenib', 'SB-203580', 'Canertinib', 'RefChem:560289', 'KW-2449']	9
Myosin-IIIb	MYO3B	Q8WXR4	['Lapatinib', 'Imatinib', 'Vandetanib', 'Pazopanib', 'Sorafenib', 'SB-203580', 'Canertinib', 'RefChem:560289', 'KW-2449']	9
Myotonin-protein kinase	DMPK	Q09013	['Lapatinib', 'Imatinib', 'Vandetanib', 'Pazopanib', 'Sorafenib', 'Ximelegatran', 'SB-203580', 'Canertinib', 'RefChem:560289', 'Fasudil', 'KW-2449']	11
N(G),N(G)-dimethylarginine dimethylaminohydrolase 1	DDAH1	O94760	['4-Hydroxynonenal', 'lansoprazole']	2
N-arachidonyl glycine receptor	GPR18	Q14330	['Dronabinol']	1
N-formyl peptide receptor 2	FPR2	P25090	['daunorubicin']	1
N6-adenosine-methyltransferase catalytic subunit	MTA70	Q86U44	['STM2457']	1
NACHT, LRR and PYD domains-containing protein 1	NLRP1	Q9C000	['PERHEXILINE']	1
NACHT, LRR and PYD domains-containing protein 3	NLRP3	Q96P20	['curcumin', 'apigenin', 'isoliquiritigenin']	3
NAD kinase	NADK	O95544	['(-)-Epigallocatechin gallate']	1
NAD-dependent protein deacetylase sirtuin-1	SIR1	Q96EB6	['resveratrol', 'nicotinamide', 'suramin', 'Panobinostat']	4
NAD-dependent protein deacetylase sirtuin-2	SIR2	Q8IXJ6	['suramin', 'resveratrol', 'lamivudine', 'nicotinamide', 'idebenone', 'kenpaullone', 'Panobinostat']	7
NAD-dependent protein deacetylase sirtuin-3, mitochondrial	SIR3	Q9NTG7	['Honokiol']	1
NADH-ubiquinone oxidoreductase chain 4	NU4M	P03905	['rotenone']	1
NADPH oxidase 1	NOX1	Q9Y5S8	['ebselen', 'trifluoperazine', 'promazine', 'FLUPHENAZINE', 'perphenazine', 'chlorpromazine']	6
NADPH oxidase 4	NOX4	Q9NPH5	['quercetin', 'kaempferol', 'luteolin', 'apigenin']	4
NADPH oxidase 5	NOX5	Q96PH1	['ebselen']	1
NPC1-like intracellular cholesterol transporter 1	NPCL1	Q9UHC9	['Dehydroepiandrosterone', 'Ezetimibe']	2
NT-3 growth factor receptor	NTRK3	Q16288	['Selitrectinib', 'Larotrectinib', 'Repotrectinib']	3
NUAK family SNF1-like kinase 1	NUAK1	O60285	['Lapatinib', 'Imatinib', 'Vandetanib', 'Pazopanib', 'quercetin', '2097416-76-5', 'Sorafenib', 'SB-203580', 'ellagic acid', 'Canertinib', 'RefChem:560289', 'KW-2449']	12
NUAK family SNF1-like kinase 2	NUAK2	Q9H093	['Lapatinib', 'Imatinib', 'Vandetanib', 'Pazopanib', 'Sorafenib', 'SB-203580', 'Canertinib', 'RefChem:560289', 'KW-2449']	9
Neuronal acetylcholine receptor subunit alpha-2	ACHA2	Q15822	['MDMA', 'Salvinorin A']	2
Neuronal acetylcholine receptor subunit alpha-3	ACHA3	P32297	['acetylcholine', 'Salvinorin A', 'Tebanicline', 'nicotine', 'MDMA']	5
Neuronal acetylcholine receptor subunit alpha-3/beta-4	ACHA3	P32297	['bupropion', 'acetylcholine', 'Telithromycin', 'nicotine', 'ondansetron', 'tubocurarine']	6
Neuronal acetylcholine receptor subunit alpha-4	ACHA4	P43681	['Dihydro-beta-erythroidine', 'acetylcholine', 'Salvinorin A', 'Tebanicline', 'nicotine']	5
Neuronal acetylcholine receptor subunit alpha-4/beta-4	ACHA4	P43681	['bupropion', 'nicotine']	2
Neuronal acetylcholine receptor subunit alpha-7	ACHA7	P36544	['bupropion', 'kynurenic acid', 'acetylcholine', 'Tebanicline', 'nicotine', 'naltrexone', 'isoliquiritigenin', 'MDMA']	8
Neuronal acetylcholine receptor; alpha2/beta4	ACHA2	Q15822	['nicotine']	1
Neuropeptide Y receptor type 1	NPY1R	P25929	['metoprolol', 'acetylcholine', 'venlafaxine', 'duloxetine', 'econazole']	5
Neuropeptide Y receptor type 2	NPY2R	P49146	['acetylcholine', 'metoprolol']	2
Neuropeptides B/W receptor type 1	NPBW1	P48145	['naloxone']	1
Neurotensin receptor type 1	NTR1	P30989	['Sorafenib']	1
Neutrophil collagenase	MMP8	P22894	['DTXSID80992212', 'Ilomastat', 'piceatannol']	3
Neutrophil cytosol factor 1 [S99G]	NCF1	P14598	['ebselen', 'loxapine', 'prochlorperazine']	3
Neutrophil elastase	ELNE	P08246	['(-)-Epigallocatechin gallate', 'Ursolic acid', 'Boceprevir', 'emodin', 'quercetin', 'Bortezomib', 'apigenin', 'luteolin', 'CLAVULANIC ACID']	9
Nicotinamide phosphoribosyltransferase	NAMPT	P43490	['diazoxide']	1
Ninein	NIN	Q8N4C6	['kenpaullone']	1
Nitric oxide synthase, brain	NOS1	P29475	['aminoguanidine', '2-AMINOPYRIDINE', 'L-NAME', 'chlorzoxazone']	4
Nitric oxide synthase, inducible	NOS2	P35228	['aminoguanidine', 'L-arginine', 'curcumin', 'L-NAME', '2-AMINOPYRIDINE', 'chlorzoxazone']	6
Nociceptin receptor	OPRX	P41146	['naltrexone', 'buprenorphine']	2
Non-receptor tyrosine-protein kinase TNK1	TNK1	Q13470	['Lapatinib', 'Imatinib', 'Vandetanib', 'Pazopanib', 'Sorafenib', 'SB-203580', 'Canertinib', 'RefChem:560289', 'KW-2449']	9
Non-receptor tyrosine-protein kinase TYK2	TYK2	P29597	['Lapatinib', 'Imatinib', 'Vandetanib', 'ifidancitinib', 'Pazopanib', 'Sorafenib', 'SB-203580', 'Canertinib', 'RefChem:560289', 'KW-2449', 'MOMELOTINIB']	11
Non-receptor tyrosine-protein kinase TYK2/Tyrosine-protein kinase JAK1	TYK2	P29597	['ifidancitinib']	1
Non-receptor tyrosine-protein kinase TYK2/Tyrosine-protein kinase JAK2	TYK2	P29597	['ifidancitinib']	1
Nuclear factor erythroid 2-related factor 2	NF2L2	Q16236	['sulforaphane']	1
Nuclear receptor ROR-alpha	RORA	P35398	['Retinoic acid']	1
Nuclear receptor ROR-beta	RORB	Q92753	['Retinoic acid']	1
Nuclear receptor ROR-gamma	RORG	P51449	['digoxin', 'Ursolic acid']	2
Nuclear receptor coactivator 1	NCOA1	Q15788	['cytarabine', 'etoposide', 'methotrexate', 'famotidine']	4
Nuclear receptor coactivator 2	NCOA2	Q15596	['famotidine']	1
Nuclear receptor coactivator 3	NCOA3	Q9Y6Q9	['cytarabine', 'etoposide', 'methotrexate', 'famotidine']	4
Nuclear receptor corepressor 1	NCOR1	O75376	['Vorinostat']	1
Nuclear receptor subfamily 0 group B member 1	NR0B1	P51843	['vinblastine', 'podophyllotoxin', 'colchicine', 'chrysin', 'Vorinostat', 'forskolin', 'kenpaullone']	7
Nuclear receptor subfamily 1 group I member 3	NR1I3	Q14994	['moxifloxacin', 'ethinyl estradiol', 'clotrimazole']	3
Nuclear receptor subfamily 4 group A member 2	NR4A2	P43354	['simvastatin', 'Pitavastatin', 'amodiaquine', 'chloroquine']	4
Nuclear receptor subfamily 4 group A member 3	NR4A3	Q92570	['Ibrutinib']	1
Nucleotide-binding oligomerization domain-containing protein 2	NOD2	Q9HC29	['docetaxel', 'paclitaxel']	2
O94806/P05129/P05771/P17252/P24723/P41743/Q02156/Q04759/Q05513/Q05655/Q15139	KPCA	P17252	['Phorbol 12-myristate 13-acetate', 'suramin', '9H-Pyrido[3,4-B]indole']	3
Ornithine decarboxylase	DCOR	P11926	['resveratrol', 'genistein', 'L-EFLORNITHINE']	3
P-selectin	LYAM3	P16109	['Gallic acid']	1
P2X purinoceptor 1	P2RX1	P51575	['Adenosine triphosphate', 'gamma-Thio-ATP']	2
P2X purinoceptor 2	P2RX2	Q9UBL9	['Adenosine triphosphate']	1
P2X purinoceptor 3	P2RX3	P56373	['progesterone', 'Adenosine triphosphate', 'suramin', 'gamma-Thio-ATP']	4
P2X purinoceptor 4	P2RX4	Q99571	['Eslicarbazepine acetate', 'OXCARBAZEPINE', 'Adenosine triphosphate', 'carbamazepine', 'paroxetine']	5
P2Y purinoceptor 11	P2Y11	Q96G91	['Adenosine triphosphate', 'suramin', 'gamma-Thio-ATP']	3
P2Y purinoceptor 12	P2Y12	Q9H244	['Salvianolic acid B', 'doxorubicin', 'Adenosine triphosphate', 'emodin', 'Ticagrelor', 'mitoxantrone']	6
P2Y purinoceptor 2	P2RY2	P41231	['Adenosine triphosphate', 'suramin', 'gamma-Thio-ATP']	3
P2Y purinoceptor 4	P2RY4	P51582	['Adenosine triphosphate', 'suramin']	2
P2Y purinoceptor 6	P2RY6	Q15077	['Adenosine triphosphate', 'suramin']	2
PC4 and SFRS1-interacting protein	PSIP1	O75475	['luteolin', 'levodopa', 'CEFIXIME']	3
Pancreatic triacylglycerol lipase	LIPP	P16233	['quercetin']	1
Peptidyl-prolyl cis-trans isomerase A	PPIA	P62937	['cyclosporin A']	1
Peptidyl-prolyl cis-trans isomerase B	PPIB	P23284	['cyclosporin A']	1
Peptidyl-prolyl cis-trans isomerase D	PPID	Q08752	['cyclosporin A']	1
Peptidyl-prolyl cis-trans isomerase FKBP14	FKB14	Q9NWM8	['cycloheximide']	1
Peptidyl-prolyl cis-trans isomerase FKBP1A	FKB1A	P62942	['rapamycin', 'cycloheximide', 'tacrolimus', 'cyclosporin A', 'thiabendazole']	5
Peptidyl-prolyl cis-trans isomerase FKBP1B	FKB1B	P68106	['rapamycin', 'tacrolimus', 'cyclosporin A']	3
Peptidyl-prolyl cis-trans isomerase FKBP3	FKBP3	Q00688	['cycloheximide']	1
Peptidyl-prolyl cis-trans isomerase FKBP4	FKBP4	Q02790	['rapamycin', 'cycloheximide', 'tacrolimus', 'cyclosporin A']	4
Peptidyl-prolyl cis-trans isomerase FKBP5	FKBP5	Q13451	['rapamycin', 'tacrolimus']	2
Peptidyl-prolyl cis-trans isomerase NIMA-interacting 1	PIN1	Q13526	['(-)-Epigallocatechin gallate', 'cycloheximide', 'Retinoic acid']	3
Peptidyl-prolyl cis-trans isomerase NIMA-interacting 4	PIN4	Q9Y237	['cycloheximide']	1
Perilipin-1	PLIN1	O60240	['curcumin', 'nifedipine', 'chlorhexidine', 'ketotifen', 'disulfiram', 'ebselen', 'mecysteine', 'SUFENTANIL', 'toremifene', 'ETHACRYNIC ACID', 'thiethylperazine']	11
Perilipin-5	PLIN5	Q00G26	['curcumin', 'nifedipine', 'chlorhexidine', 'ketotifen', 'disulfiram', 'ebselen', 'mecysteine', 'SUFENTANIL', 'toremifene', 'ETHACRYNIC ACID', 'thiethylperazine']	11
Peripheral plasma membrane protein CASK	CSKP	O14936	['Lapatinib', 'Imatinib', 'Vandetanib', 'Pazopanib', 'Sorafenib', 'SB-203580', 'Canertinib', 'RefChem:560289', 'KW-2449']	9
Peroxisome proliferator-activated receptor gamma	PPARG	P37231	['rosiglitazone', 'cannabidiol', 'kaempferol', 'Isorhamnetin', 'palmitic acid', 'quercetin', 'indomethacin', 'Tesaglitazar', 'Tanshinone IIA', 'Fenofibric acid', 'linolenic acid', 'chrysin', 'thyroxine', 'Pioglitazone', 'Telmisartan', 'Pemafibrate', 'resveratrol', 'fenofibrate', 'Galangin']	19
Phosphatidylinositol 3-kinase C2 domain-containing subunit gamma	P3C2G	O75747	['Lapatinib', 'Imatinib', 'Vandetanib', 'Pazopanib', 'Sorafenib', 'SB-203580', 'Canertinib', 'RefChem:560289', 'KW-2449']	9
Phosphatidylinositol 3-kinase catalytic subunit type 3	PK3C3	Q8NEB9	['3-methyladenine']	1
Phosphatidylinositol 3-kinase regulatory subunit alpha/4,5-bisphosphate 3-kinase catalytic subunit alpha isoform	P85A	P27986	['Vorinostat', 'lomefloxacin']	2
Phosphatidylinositol 3-kinase regulatory subunit alpha/4,5-bisphosphate 3-kinase catalytic subunit delta isoform	P85A	P27986	['Panobinostat']	1
Phosphatidylinositol 4,5-bisphosphate 3-kinase catalytic subunit alpha isoform	PK3CA	P42336	['(-)-Epigallocatechin gallate', 'Imatinib', 'Lapatinib', 'Vandetanib', 'Pazopanib', 'Sorafenib', 'tubocurarine', 'SB-203580', 'Canertinib', 'RefChem:560289', 'KW-2449']	11
Phosphatidylinositol 4,5-bisphosphate 3-kinase catalytic subunit beta isoform	PK3CB	P42338	['Lapatinib', 'Imatinib', 'Vandetanib', 'Pazopanib', 'Panobinostat', 'Sorafenib', 'SB-203580', 'Canertinib', 'RefChem:560289', 'KW-2449']	10
Phosphatidylinositol 4,5-bisphosphate 3-kinase catalytic subunit delta isoform	PK3CD	O00329	['Seletalisib', 'Lapatinib', 'Imatinib', 'Vandetanib', 'Pazopanib', 'Sorafenib', 'SB-203580', 'Canertinib', 'RefChem:560289', 'KW-2449']	10
Phosphatidylinositol 4,5-bisphosphate 3-kinase catalytic subunit gamma isoform	PK3CG	P48736	['Seletalisib', 'Lapatinib', 'Imatinib', '3-methyladenine', 'Vandetanib', 'caffeine', 'Pazopanib', 'quercetin', 'Panobinostat', 'Sorafenib', 'theophylline', 'SB-203580', 'Canertinib', 'RefChem:560289', 'KW-2449']	15
Phosphatidylinositol 4-phosphate 3-kinase C2 domain-containing subunit beta	P3C2B	O00750	['Lapatinib', 'Imatinib', 'Vandetanib', 'Pazopanib', 'Sorafenib', 'SB-203580', 'Canertinib', 'RefChem:560289', 'KW-2449']	9
Phosphatidylinositol 4-phosphate 5-kinase type-1 alpha	PI51A	Q99755	['Lapatinib', 'Imatinib', 'Vandetanib', 'Pazopanib', 'Sorafenib', 'SB-203580', 'Canertinib', 'RefChem:560289', 'KW-2449']	9
Phosphatidylinositol 4-phosphate 5-kinase type-1 gamma	PI51C	O60331	['Lapatinib', 'Imatinib', 'Vandetanib', 'Pazopanib', 'Sorafenib', 'SB-203580', 'Canertinib', 'RefChem:560289', 'KW-2449']	9
Phosphatidylinositol 5-phosphate 4-kinase type-2 beta	PI42B	P78356	['Lapatinib', 'Imatinib', 'Vandetanib', 'Pazopanib', 'Sorafenib', 'SB-203580', 'Canertinib', 'RefChem:560289', 'KW-2449']	9
Phosphatidylinositol 5-phosphate 4-kinase type-2 gamma	PI42C	Q8TBX8	['Lapatinib', 'Imatinib', 'Vandetanib', 'Pazopanib', 'Sorafenib', 'SB-203580', 'Canertinib', 'RefChem:560289', 'KW-2449']	9
Phosphoethanolamine/phosphocholine phosphatase	PHOP1	Q8TCT1	['ebselen', 'lansoprazole']	2
Phospholipase A-2-activating protein	PLAP	Q9Y263	['theophylline']	1
Phospholipase A2	PA21B	P04054	['curcumin', 'linolenic acid', 'quercetin', 'dexamethasone', 'bifonazole', 'Tauroursodeoxycholic acid']	6
Phospholipase A2, membrane associated	PA2GA	P14555	['dexamethasone']	1
Phospholipase D1	PLD1	Q13393	['tamoxifen']	1
Phosphomannomutase 2	PMM2	O15305	['ebselen']	1
Phosphorylase b kinase gamma catalytic chain, liver/testis isoform	PHKG2	P15735	['Lapatinib', 'Imatinib', '129-56-6', 'Vandetanib', 'Pazopanib', 'Sorafenib', 'SB-203580', 'Canertinib', 'RefChem:560289', 'KW-2449']	10
Phosphorylase b kinase gamma catalytic chain, skeletal muscle/heart isoform	PHKG1	Q16816	['Lapatinib', 'Imatinib', 'Vandetanib', 'Pazopanib', 'Sorafenib', 'SB-203580', 'Canertinib', 'RefChem:560289', 'KW-2449']	9
Photoreceptor-specific nuclear receptor	NR2E3	Q9Y5X4	['Mangiferin']	1
Pirin	PIR	O00625	['Dabrafenib']	1
Plasminogen	PLMN	P00747	['4-aminopyridine', 'Boceprevir', '6-aminohexanoic acid', 'AMILORIDE', '701-54-2']	5
Plasminogen activator inhibitor 1	PAI1	P05121	['(-)-Epigallocatechin gallate', 'Gallic acid']	2
Platelet-activating factor receptor	PTAFR	P25105	['alprazolam', 'chlorpheniramine', 'triazolam']	3
Platelet-derived growth factor receptor alpha	PGFRA	P16234	['Lapatinib', 'Imatinib', 'Nintedanib', 'Vandetanib', 'Regorafenib', 'Pazopanib', 'Pexidartinib', 'Sorafenib', 'SB-203580', 'Canertinib', 'RefChem:560289', 'KW-2449']	12
Platelet-derived growth factor receptor alpha/beta	PGFRB	P09619	['Imatinib', 'Canertinib']	2
Platelet-derived growth factor receptor beta	PGFRB	P09619	['Lapatinib', 'Imatinib', 'Nintedanib', 'Vandetanib', 'Regorafenib', 'Ibrutinib', 'Pazopanib', 'SU9516', 'Pexidartinib', 'Sorafenib', 'SB-203580', 'ellagic acid', 'Canertinib', 'RefChem:560289', 'KW-2449', 'niclosamide']	16
Poly [ADP-ribose] polymerase 1	PARP1	P09874	['amitriptyline']	1
Polyamine deacetylase HDAC10	HDA10	Q969S8	['trichostatin A', 'Belinostat', 'Vorinostat', 'Panobinostat']	4
Polyunsaturated fatty acid 5-lipoxygenase	LOX5	P09917	['caffeic acid', 'Ursolic acid', 'Caffeic acid phenethyl ester', 'luteolin', 'Pterostilbene', 'kaempferol', 'ketotifen', 'quercetin', 'indomethacin', 'Osthole', 'rofecoxib', 'curcumin', 'baicalein', 'piperine', 'celecoxib', '58560-75-1', 'SB-203580', 'idebenone', 'Maslinic acid', 'DIALLYL SULFIDE', 'resveratrol', 'eugenol', 'Capsaicin', 'piceatannol', 'Honokiol']	25
Polyunsaturated fatty acid lipoxygenase ALOX12	LOX12	P18054	['baicalein', 'Tetrabromobisphenol A', 'quercetin']	3
Polyunsaturated fatty acid lipoxygenase ALOX15	LOX15	P16050	['baicalein', 'curcumin', 'celecoxib', 'Tetrabromobisphenol A', 'probucol', 'quercetin', 'Caffeic acid phenethyl ester', 'luteolin']	8
Polyunsaturated fatty acid lipoxygenase ALOX15B	LX15B	O15296	['quercetin', 'baicalein', 'Ursolic acid']	3
Potassium voltage-gated channel subfamily A member 3	KCNA3	P22001	['4-aminopyridine', 'paroxetine', 'clotrimazole']	3
Potassium voltage-gated channel subfamily D member 3	KCND3	Q9UK17	['Darunavir', 'Paliperidone', 'alfuzosin', 'Desvenlafaxine', 'Darifenacin', 'Silodosin', 'tolterodine', 'Solifenacin', 'duloxetine']	9
Potassium voltage-gated channel subfamily E/KQT member 1	KCNE1	P15382	['Darunavir', 'Paliperidone', 'Lapatinib', 'Tadalafil', 'alfuzosin', 'Lacosamide', 'Darifenacin', 'Silodosin', 'tolterodine', 'Palonosetron', 'Zuranolone', 'HMR1556', 'moxifloxacin', 'lamotrigine', 'Solifenacin', 'duloxetine', 'Dofetilide']	17
Potassium voltage-gated channel subfamily H member 2	KCNH2	Q12809	['LEVOFLOXACIN', 'clarithromycin', 'ondansetron', 'Ximelegatran', '602306-29-6', 'disopyramide', 'Ziprasidone', 'sparfloxacin', 'cocaine', 'donepezil', 'indomethacin', 'chlorpheniramine', 'VERAPAMIL', 'Dextropropoxyphene', 'Gatifloxacin', 'diltiazem', 'citalopram', 'terazosin', 'Sorafenib', 'carvedilol', 'Bedaquiline', 'caffeine', 'duloxetine', 'pimozide', 'meperidine', 'Silodosin', 'erythromycin', 'lamotrigine', 'PERHEXILINE', 'droperidol', 'Dofetilide', 'Desvenlafaxine', 'vinpocetine', 'fluvoxamine', 'amitriptyline', 'propafenone', 'chloroquine', 'AMILORIDE', 'nicotine', 'prazosin', 'sulforaphane', 'diphenhydramine', 'thioridazine', 'lidocaine', 'Paliperidone', 'Aripiprazole', 'flecainide', 'Vorinostat', 'moclobemide', 'risperidone', 'chlorpromazine', '4-aminopyridine', 'phenytoin', 'Halofantrine', 'irbesartan', 'Atomoxetine', 'methadone', 'paroxetine', 'amodiaquine', 'azelastine', 'clotrimazole', 'fluoxetine', 'midazolam', 'papaverine', 'astemizole', 'Ibrutinib', 'tamoxifen', 'Lopinavir', 'phenobarbital', 'morphine', 'Fasudil', 'ketoconazole', 'Darunavir', 'Lapatinib', 'ofloxacin', 'pentobarbital', 'Zuranolone', 'carbamazepine', 'fentanyl', 'Bupivacaine [USAN:INN:BAN]', 'fexofenadine', 'Regorafenib', 'Tacrine', 'Telithromycin', 'riluzole', 'quinidine', 'moxifloxacin', '2097416-76-5', 'Belinostat', 'Voriconazole', 'ciprofloxacin', 'ouabain', 'Darifenacin', 'rosiglitazone', 'Ifenprodil', 'tolterodine', 'haloperidol', 'Nirmatrelvir', 'buspirone', 'imipramine', 'bupropion', 'alfuzosin', 'L-768673', 'desipramine', 'pergolide', 'hydroxychloroquine', 'amiodarone', 'berberine chloride', 'oxycodone', 'bepridil', 'doxazosin', 'quetiapine', 'lomefloxacin', 'Palonosetron', 'Cariprazine', 'apomorphine', 'Solifenacin', 'mefloquine', 'Tadalafil', 'Lacosamide', 'codeine', 'propranolol', 'Delamanid', 'domperidone', 'Mexiletine', 'CICLOPIROX']	126
Potassium voltage-gated channel subfamily KQT member 2	KCNQ2	O43526	['Encukalner', 'Retigabine']	2
Potassium voltage-gated channel subfamily KQT member 2/3	KCNQ2	O43526	['Retigabine']	1
Potassium voltage-gated channel subfamily KQT member 3	KCNQ3	O43525	['Retigabine']	1
Potassium voltage-gated channel subfamily KQT member 4	KCNQ4	P56696	['Retigabine']	1
Potassium voltage-gated channel subfamily KQT member 5	KCNQ5	Q9NR82	['Retigabine']	1
Potassium-transporting ATPase alpha chain 1/subunit beta	ATP4A	P20648	['pantoprazole', 'lansoprazole', 'ranitidine', 'Prilosec', 'cimetidine']	5
Potassium-transporting ATPase alpha chain 2	AT12A	P54707	['ouabain']	1
Potassium/sodium hyperpolarization-activated cyclic nucleotide-gated channel 2	HCN2	Q9UL51	['Zuranolone']	1
Probable global transcription activator SNF2L2	SMCA2	P51531	['SU9516', 'isoliquiritigenin']	2
Procathepsin L	CATL1	P07711	['Allicin', '3,4-DIHYDROXYBENZOIC ACID', 'dopamine', 'calpeptin', 'epinephrine', '(-)-Epicatechin', 'resveratrol', 'Boceprevir', 'emodin', 'triamcinolone', 'quercetin', 'Nirmatrelvir', 'apomorphine']	13
Proenkephalin-B	PDYN	P01213	['Leu-enkephalin']	1
Programmed cell death protein 4	PDCD4	Q53EL6	['rapamycin']	1
Proliferating cell nuclear antigen	PCNA	P12004	['thyroxine']	1
Prolyl endopeptidase	PPCE	P48147	['berberine chloride']	1
Prolyl hydroxylase EGLN2	EGLN2	Q96KS0	['malic acid', 'fumaric acid']	2
Prolyl hydroxylase EGLN3	EGLN3	Q9H6Z9	['malic acid', 'fumaric acid']	2
Proprotein convertase subtilisin/kexin type 7	PCSK7	Q16549	['warfarin']	1
Prostacyclin receptor	PI2R	P43119	['misoprostol', 'ILOPROST', 'dinoprost', 'Prostaglandin E2', 'latanoprost']	5
Prostaglandin D2 receptor 2	PD2R2	Q9Y5Y4	['indomethacin']	1
Prostaglandin E synthase	PTGES	O14684	['(-)-Epigallocatechin gallate', 'curcumin', 'indomethacin', 'celecoxib']	4
Prostaglandin E2 receptor EP2 subtype	PE2R2	P43116	['latanoprost', 'misoprostol', 'indomethacin', 'ILOPROST', 'dinoprost', 'Prostaglandin E2', 'rofecoxib']	7
Prostaglandin E2 receptor EP4 subtype	PE2R4	P35408	['amisulpride', 'Aripiprazole', 'misoprostol', 'MDMA', 'ILOPROST', 'dinoprost', 'Prostaglandin E2', 'latanoprost']	8
Prostaglandin G/H synthase 1	PGH1	P23219	['celecoxib', '58560-75-1', 'indomethacin', 'ketoprofen', 'rofecoxib', 'meloxicam']	6
Prostaglandin G/H synthase 1 [582-599]	PGH1	P23219	['indomethacin', 'celecoxib']	2
Prostaglandin G/H synthase 1/2	PGH2	P35354	['indomethacin', 'celecoxib', 'isoliquiritigenin', 'aspirin']	4
Prostaglandin G/H synthase 2	PGH2	P35354	['caffeic acid', 'trolox', 'Ursolic acid', 'fenoprofen', 'ticlopidine', 'triptolide', 'Caffeic acid phenethyl ester', 'luteolin', 'Pterostilbene', 'flurbiprofen', 'kaempferol', 'salicylic acid', 'piroxicam', 'indomethacin', 'tamoxifen', 'quercetin', 'ketoprofen', 'salicylate', 'Osthole', 'rofecoxib', 'curcumin', 'Bisdemethoxycurcumin', 'celecoxib', 'diclofenac', 'acetaminophen', '58560-75-1', 'captopril', 'chrysin', 'dexamethasone', 'DEXKETOPROFEN', 'apigenin', 'Maslinic acid', 'ketorolac', 'aspirin', '3,4-DIHYDROXYBENZOIC ACID', 'resveratrol', 'eugenol', 'Salsalate', 'NAPROXEN', 'VORTIOXETINE', 'meloxicam']	41
Protachykinin-1	TKN1	P20366	['Ziprasidone', 'Paliperidone', 'quetiapine', 'haloperidol', 'risperidone']	5
Proteasome subunit beta type-1	PSB1	P20618	['Bortezomib', 'emodin']	2
Proteasome subunit beta type-2	PSB2	P49721	['Bortezomib', 'emodin']	2
Proteasome subunit beta type-5	PSB5	P28074	['(-)-Epigallocatechin gallate', 'curcumin', 'kaempferol', 'genistein', 'chrysin', 'emodin', 'naringenin', 'isoliquiritigenin', 'quercetin', 'Bortezomib', 'Gallic acid', 'Vorinostat', 'apigenin', 'luteolin', 'formononetin']	15
Proteasome subunit beta type-8	PSB8	P28062	['Bortezomib']	1
Protein cereblon	CRBN	Q96SW2	['thalidomide', 'HYDANTOIN']	2
Protein delta homolog 1	DLK1	P80370	['CEP-1347', 'Sorafenib', 'KW-2449']	3
Protein disulfide-isomerase	PDIA1	P07237	['Galangin', 'isoliquiritigenin']	2
Protein farnesyltransferase subunit beta/geranylgeranyltransferase type-1 subunit alpha	FNTA	P49354	"['FTI-277', 'FTase Inhibitor I', ""2,2'-BIPYRIDINE""]"	3
Protein kinase C alpha type	KPCA	P17252	['Imatinib', 'genistein', 'Aripiprazole', 'resveratrol', 'Phorbol 12-myristate 13-acetate', 'Sorafenib', 'paroxetine', 'niclosamide']	8
Protein kinase C beta type	KPCB	P05771	['Phorbol 12-myristate 13-acetate', 'adenosine', 'zidovudine']	3
Protein kinase C delta type	KPCD	Q05655	['curcumin', 'Lapatinib', 'Imatinib', 'Vandetanib', 'Phorbol 12-myristate 13-acetate', 'Pazopanib', 'Sorafenib', 'SB-203580', 'Canertinib', 'RefChem:560289', 'KW-2449']	11
Protein kinase C epsilon type	KPCE	Q02156	['curcumin', 'Lapatinib', 'Imatinib', 'Vandetanib', 'Phorbol 12-myristate 13-acetate', 'Pazopanib', 'zidovudine', 'Sorafenib', 'Ximelegatran', 'SB-203580', 'Canertinib', 'RefChem:560289', 'Fasudil', 'KW-2449']	14
Protein kinase C eta type	KPCL	P24723	['Lapatinib', 'Imatinib', 'Vandetanib', 'Pazopanib', 'Sorafenib', 'SB-203580', 'Canertinib', 'RefChem:560289', 'KW-2449']	9
Protein kinase C gamma type	KPCG	P05129	['Phorbol 12-myristate 13-acetate', 'Aripiprazole']	2
Protein kinase C theta type	KPCT	Q04759	['curcumin', 'Lapatinib', 'Imatinib', 'Vandetanib', 'Phorbol 12-myristate 13-acetate', 'Pazopanib', 'Sorafenib', 'SB-203580', 'Canertinib', 'RefChem:560289', 'KW-2449']	11
Protein mono-ADP-ribosyltransferase PARP3 [R100H]	PARP3	Q9Y6F1	['PJ34']	1
Protein phosphatase 3 catalytic subunit alpha	PP2BA	Q08209	['tacrolimus', 'cyclosporin A']	2
Protein tyrosine phosphatase type IVA 3	TP4A3	O75365	['emodin']	1
Protein-arginine deiminase type-4	PADI4	Q9UM07	['papaverine', 'azathioprine', 'methotrexate', 'leflunomide', 'azithromycin']	5
Protein-glutamine gamma-glutamyltransferase 2	TGM2	P21980	['sulforaphane']	1
Protein-lysine 6-oxidase	LYOX	P28300	['disulfiram']	1
Protein-tyrosine kinase 6	PTK6	Q13882	['Lapatinib', 'Imatinib', 'Vandetanib', 'Ibrutinib', 'Pazopanib', 'Sorafenib', 'SB-203580', 'Canertinib', 'RefChem:560289', 'KW-2449']	10
Proteinase-activated receptor 2	PAR2	P55085	['triptolide']	1
Proto-oncogene tyrosine-protein kinase receptor Ret	RET	P07949	['Lapatinib', 'Imatinib', 'Regorafenib', 'Vandetanib', 'amitriptyline', 'nortriptyline', 'Ibrutinib', 'Pazopanib', 'quercetin', 'SU9516', 'Sorafenib', 'SB-203580', 'ellagic acid', 'Canertinib', 'RefChem:560289', 'KW-2449']	16
Proto-oncogene tyrosine-protein kinase receptor Ret [1-999,M918T]	RET	P07949	['Canertinib', 'Vandetanib', 'Sorafenib', 'Pazopanib']	4
Proton-coupled amino acid transporter 1	S36A1	Q7Z2H8	['taurine', 'D-cycloserine', '6-aminohexanoic acid', '4-Hydroxybutanoic acid', 'creatine', 'L-serine', '(S)-Azetidine-2-carboxylic acid', 'L-cysteine']	8
Proton-coupled folate transporter	PCFT	Q96NT5	['methotrexate']	1
Purine nucleoside phosphorylase	PNPH	P00491	['adenosine']	1
RAC-gamma serine/threonine-protein kinase	AKT3	Q9Y243	['Lapatinib', 'Imatinib', 'Vandetanib', 'Pazopanib', 'Sorafenib', 'SB-203580', 'Canertinib', 'RefChem:560289', 'KW-2449']	9
RAF proto-oncogene serine/threonine-protein kinase	RAF1	P04049	['Lapatinib', 'Imatinib', 'Regorafenib', 'Vandetanib', 'Pazopanib', 'Sorafenib', 'SB-203580', 'Canertinib', 'RefChem:560289', 'Dabrafenib', 'kenpaullone', 'KW-2449']	12
RAF proto-oncogene serine/threonine-protein kinase [305-648]	RAF1	P04049	['Sorafenib']	1
Ras guanyl-releasing protein 3	GRP3	Q8IV61	['Phorbol 12-myristate 13-acetate']	1
Receptor protein-tyrosine kinase	Q504U8	Q504U8	['Pazopanib']	1
Receptor tyrosine-protein kinase erbB-2	ERBB2	P04626	['Lapatinib', 'Ibrutinib']	2
Receptor tyrosine-protein kinase erbB-3	ERBB3	P21860	['Lapatinib', 'Imatinib', 'Vandetanib', 'Pazopanib', 'Sorafenib', 'SB-203580', 'Canertinib', 'RefChem:560289', 'KW-2449']	9
Receptor tyrosine-protein kinase erbB-4	ERBB4	Q15303	['Lapatinib', 'Imatinib', 'Vandetanib', 'Ibrutinib', 'Pazopanib', 'Sorafenib', 'SB-203580', 'Canertinib', 'RefChem:560289', 'KW-2449']	10
Receptor-interacting serine/threonine-protein kinase 2	RIPK2	O43353	['Regorafenib', 'Sorafenib', 'SB-203580']	3
Receptor-interacting serine/threonine-protein kinase 3	RIPK3	Q9Y572	['Dabrafenib', 'Sorafenib']	2
Receptor-interacting serine/threonine-protein kinase 4	RIPK4	P57078	['Lapatinib', 'Imatinib', 'Vandetanib', 'Pazopanib', 'Sorafenib', 'SB-203580', 'Canertinib', 'RefChem:560289', 'KW-2449']	9
Receptor-type tyrosine-protein kinase FLT3	FLT3	P36888	['Pexidartinib', 'Sorafenib']	2
Receptor-type tyrosine-protein kinase FLT3 [N841I]	FLT3	P36888	['Canertinib', 'Vandetanib', 'Sorafenib', 'Pazopanib']	4
Receptor-type tyrosine-protein phosphatase F	PTPRF	P10586	['Maslinic acid', 'Ursolic acid']	2
Reduced folate transporter	S19A1	P41440	['methotrexate']	1
Regulator of G-protein signaling 16	RGS16	O15492	['deferoxamine']	1
Regulator of G-protein signaling 19	RGS19	P49795	['deferoxamine']	1
Regulator of G-protein signaling 7	RGS7	P49802	['deferoxamine']	1
Regulator of G-protein signaling 8	RGS8	P57771	['deferoxamine']	1
Relaxin receptor 1	RXFP1	Q9HBX9	['forskolin']	1
Renin	RENI	P00797	['captopril']	1
Retinoic acid receptor RXR-alpha	RXRA	P19793	['rosiglitazone', 'Retinoic acid', 'domperidone', 'thyroxine', 'berberine chloride', 'Honokiol']	6
Retinoic acid receptor RXR-beta	RXRB	P28702	['Retinoic acid']	1
Retinoic acid receptor RXR-gamma	RXRG	P48443	['Retinoic acid']	1
Retinoic acid receptor alpha	RARA	P10276	['Tamibarotene', 'Retinoic acid', '870773-76-5']	3
Retinoic acid receptor alpha [200-419]	RARA	P10276	['Retinoic acid']	1
Retinoic acid receptor beta	RARB	P10826	['Tamibarotene', 'Retinoic acid', '870773-76-5']	3
Retinoic acid receptor beta [200-419]	RARB	P10826	['Retinoic acid']	1
Retinoic acid receptor gamma	RARG	P13631	['Tamibarotene', 'Retinoic acid', '870773-76-5']	3
Retinoic acid receptor gamma [183-417]	RARG	P13631	['Retinoic acid']	1
Rho-associated protein kinase 1	ROCK1	Q13464	['Imatinib', 'Lapatinib', 'Vandetanib', '1973494-16-4', 'Pazopanib', 'Sorafenib', 'Ximelegatran', 'SB-203580', 'Canertinib', 'RefChem:560289', 'Fasudil', 'KW-2449']	12
Rho-associated protein kinase 1/2	ROCK1	Q13464	['Fasudil']	1
Rho-associated protein kinase 2	ROCK2	O75116	['Imatinib', 'Lapatinib', 'Vandetanib', '1973494-16-4', 'Pazopanib', 'Sorafenib', 'Ximelegatran', 'SB-203580', '9H-Pyrido[3,4-B]indole', 'ellipticine', 'Canertinib', 'RefChem:560289', 'Fasudil', 'KW-2449']	14
Rho-related GTP-binding protein RhoC	RHOC	P08134	['atorvastatin']	1
Rhodopsin kinase GRK1	GRK1	Q15835	['Lapatinib', 'Imatinib', 'Vandetanib', 'Pazopanib', 'Sorafenib', 'SB-203580', 'paroxetine', 'Canertinib', 'RefChem:560289', 'KW-2449']	10
Rhodopsin kinase GRK7	GRK7	Q8WTQ7	['Lapatinib', 'Imatinib', 'Vandetanib', 'Pazopanib', 'Sorafenib', 'SB-203580', 'Canertinib', 'RefChem:560289', 'KW-2449']	9
Ribonucleoside-diphosphate reductase large subunit	RIR1	P23921	['hydroxyurea']	1
Ribonucleoside-diphosphate reductase large subunit/subunit M2	RIR1	P23921	['hydroxyurea']	1
Ribosomal protein S6 kinase alpha-1	KS6A1	Q15418	['Lapatinib', 'Imatinib', 'Vandetanib', 'dorsomorphin', 'Ibrutinib', 'Pazopanib', 'SB 216763', 'Sorafenib', 'SB-203580', 'Canertinib', 'RefChem:560289', 'KW-2449']	12
Ribosomal protein S6 kinase alpha-2	KS6A2	Q15349	['Lapatinib', 'Imatinib', '129-56-6', 'Vandetanib', 'Pazopanib', 'Sorafenib', 'SB-203580', 'Canertinib', 'RefChem:560289', 'KW-2449']	10
Ribosomal protein S6 kinase alpha-3	KS6A3	P51812	['Lapatinib', 'Imatinib', 'kaempferol', 'Vandetanib', 'Pazopanib', 'Sorafenib', 'SB-203580', 'luteolin', 'Canertinib', 'RefChem:560289', 'KW-2449']	11
Ribosomal protein S6 kinase alpha-4	KS6A4	O75676	['Lapatinib', 'Imatinib', 'Vandetanib', 'Pazopanib', 'Sorafenib', 'SB-203580', 'Canertinib', 'RefChem:560289', 'KW-2449']	9
Ribosomal protein S6 kinase alpha-5	KS6A5	O75582	['Lapatinib', 'Imatinib', '129-56-6', 'Vandetanib', 'Pazopanib', 'Sorafenib', 'Ximelegatran', 'SB-203580', 'Canertinib', 'RefChem:560289', 'Fasudil', 'KW-2449']	12
Ribosomal protein S6 kinase alpha-6	KS6A6	Q9UK32	['Imatinib', 'Lapatinib', 'Vandetanib', 'Pazopanib', 'Sorafenib', 'SB-203580', 'Canertinib', 'RefChem:560289', 'KW-2449']	9
Ribosomal protein S6 kinase beta-1	KS6B1	P23443	['Lapatinib', 'Imatinib', 'Vandetanib', 'Pazopanib', 'Sorafenib', 'SB-203580', 'Canertinib', 'RefChem:560289', 'KW-2449']	9
Ribosyldihydronicotinamide dehydrogenase [quinone]	NQO2	P16083	['Imatinib', 'chloroquine', 'resveratrol', 'prazosin', 'Melatonin', 'Pterostilbene']	6
Runt-related transcription factor 1	RUNX1	Q01196	['apomorphine']	1
SNF-related serine/threonine-protein kinase	SNRK	Q9NRH2	['Lapatinib', 'Imatinib', 'Vandetanib', 'Pazopanib', 'Sorafenib', 'SB-203580', 'Canertinib', 'RefChem:560289', 'KW-2449']	9
SRSF protein kinase 1	SRPK1	Q96SB4	['Lapatinib', 'Imatinib', 'Vandetanib', 'Pazopanib', 'Sorafenib', 'SB-203580', 'Canertinib', 'RefChem:560289', 'KW-2449']	9
SRSF protein kinase 2	SRPK2	P78362	['Lapatinib', 'Imatinib', 'Vandetanib', 'Pazopanib', 'Sorafenib', 'SB-203580', 'Canertinib', 'RefChem:560289', 'KW-2449']	9
SRSF protein kinase 3	SRPK3	Q9UPE1	['Lapatinib', 'Imatinib', 'Vandetanib', 'Pazopanib', 'Sorafenib', 'SB-203580', 'Canertinib', 'RefChem:560289', 'KW-2449']	9
STE20-like serine/threonine-protein kinase	SLK	Q9H2G2	['Lapatinib', 'Imatinib', '129-56-6', 'Vandetanib', 'Pazopanib', 'Sorafenib', 'SB-203580', 'Canertinib', 'RefChem:560289', 'KW-2449']	10
STE20/SPS1-related proline-alanine-rich protein kinase	STK39	Q9UEW8	['Lapatinib', 'Imatinib', 'Vandetanib', 'Pazopanib', 'Sorafenib', 'SB-203580', 'Canertinib', 'RefChem:560289', 'KW-2449']	9
SUMO-activating enzyme subunit 1	SAE1	Q9UBE0	['33854-16-9', 'thioctic acid']	2
SUMO-conjugating enzyme UBC9	UBC9	P63279	['33854-16-9']	1
Sarcoplasmic/endoplasmic reticulum calcium ATPase 1	AT2A1	O14983	['thapsigargin']	1
Sentrin-specific protease 1	SENP1	Q9P0U3	['Ursolic acid']	1
Sentrin-specific protease 8	SENP8	Q96LD8	['berberine chloride', 'PRIMAQUINE']	2
Serine hydroxymethyltransferase, cytosolic	GLYC	P34896	['methotrexate']	1
Serine hydroxymethyltransferase, mitochondrial	GLYM	P34897	['methotrexate']	1
Serine protease 1	TRY1	P07477	['tranylcypromine']	1
Serine protease hepsin	HEPS	P05981	['meclizine', 'probucol', 'N-methyl-D-aspartic acid']	3
Serine/threonine-protein kinase 10	STK10	O94804	['Lapatinib', 'Imatinib', 'Vandetanib', 'Pazopanib', 'Sorafenib', 'SB-203580', 'Canertinib', 'RefChem:560289', 'KW-2449']	9
Serine/threonine-protein kinase 17A	ST17A	Q9UEE5	['Lapatinib', 'Imatinib', '129-56-6', 'Vandetanib', 'Pazopanib', 'Sorafenib', 'SB-203580', 'Canertinib', 'RefChem:560289', 'KW-2449']	10
Serine/threonine-protein kinase 24	STK24	Q9Y6E0	['Lapatinib', 'Imatinib', 'Vandetanib', 'Pazopanib', 'Sorafenib', 'SB-203580', 'Canertinib', 'RefChem:560289', 'KW-2449']	9
Serine/threonine-protein kinase 25	STK25	O00506	['Lapatinib', 'Imatinib', 'Vandetanib', 'Pazopanib', 'Sorafenib', 'SB-203580', 'Canertinib', 'RefChem:560289', 'KW-2449']	9
Serine/threonine-protein kinase 26	STK26	Q9P289	['Lapatinib', 'Imatinib', 'Vandetanib', 'Pazopanib', 'Sorafenib', 'SB-203580', 'Canertinib', 'RefChem:560289', 'KW-2449']	9
Serine/threonine-protein kinase 3	STK3	Q13188	['Lapatinib', 'Imatinib', 'Vandetanib', 'Pazopanib', 'Sorafenib', 'SB-203580', 'Canertinib', 'RefChem:560289', 'KW-2449']	9
Serine/threonine-protein kinase 32A	ST32A	Q8WU08	['Lapatinib', 'Imatinib', 'Vandetanib', 'Pazopanib', 'Sorafenib', 'SB-203580', 'Canertinib', 'RefChem:560289', 'KW-2449']	9
Serine/threonine-protein kinase 32B	ST32B	Q9NY57	['Lapatinib', 'Imatinib', 'Vandetanib', 'Pazopanib', 'Sorafenib', 'SB-203580', 'Canertinib', 'RefChem:560289', 'KW-2449']	9
Serine/threonine-protein kinase 32C	ST32C	Q86UX6	['Lapatinib', 'Imatinib', 'Vandetanib', 'Pazopanib', 'Sorafenib', 'SB-203580', 'Canertinib', 'RefChem:560289', 'KW-2449']	9
Serine/threonine-protein kinase 33	STK33	Q9BYT3	['curcumin', 'Lapatinib', 'Imatinib', 'phloretin', 'Vandetanib', 'mitoxantrone', 'resveratrol', 'piceatannol', 'Cynaroside', 'Pazopanib', 'quercetin', 'SU9516', 'Sorafenib', 'SB-203580', 'Canertinib', 'RefChem:560289', 'Fasudil', 'KW-2449']	18
Serine/threonine-protein kinase 35	STK35	Q8TDR2	['Lapatinib', 'Imatinib', 'Vandetanib', 'Pazopanib', 'Sorafenib', 'SB-203580', 'Canertinib', 'RefChem:560289', 'KW-2449']	9
Serine/threonine-protein kinase 36	STK36	Q9NRP7	['Lapatinib', 'Imatinib', 'Vandetanib', 'Pazopanib', 'Sorafenib', 'SB-203580', 'Canertinib', 'RefChem:560289', 'KW-2449']	9
Serine/threonine-protein kinase 38	STK38	Q15208	['Lapatinib', 'Imatinib', 'Vandetanib', 'Pazopanib', 'Sorafenib', 'SB-203580', 'Canertinib', 'RefChem:560289', 'KW-2449']	9
Serine/threonine-protein kinase 38-like	ST38L	Q9Y2H1	['Lapatinib', 'Imatinib', '129-56-6', 'Vandetanib', 'Pazopanib', 'Sorafenib', 'SB-203580', 'Canertinib', 'RefChem:560289', 'KW-2449']	10
Serine/threonine-protein kinase ATR	ATR	Q13535	['THIOUREA', 'caffeine', 'Schisandrin B']	3
Serine/threonine-protein kinase B-raf	BRAF	P15056	['Lapatinib', 'Imatinib', 'Regorafenib', 'Vandetanib', 'Pazopanib', 'Sorafenib', 'SB-203580', 'ellagic acid', 'Canertinib', 'RefChem:560289', 'Dabrafenib', 'KW-2449', 'niclosamide']	13
Serine/threonine-protein kinase B-raf [409-765]	BRAF	P15056	['Sorafenib']	1
Serine/threonine-protein kinase B-raf [410-766,V600E]	BRAF	P15056	['Sorafenib']	1
Serine/threonine-protein kinase BRSK1	BRSK1	Q8TDC3	['Lapatinib', 'Imatinib', 'Vandetanib', 'Pazopanib', 'Sorafenib', 'SB-203580', 'Canertinib', 'RefChem:560289', 'KW-2449']	9
Serine/threonine-protein kinase BRSK2	BRSK2	Q8IWQ3	['Lapatinib', 'Imatinib', 'Vandetanib', 'Pazopanib', 'Sorafenib', 'SB-203580', 'Canertinib', 'RefChem:560289', 'KW-2449']	9
Serine/threonine-protein kinase Chk1	CHK1	O14757	['Lapatinib', 'Imatinib', 'Vandetanib', 'Pazopanib', 'Sorafenib', 'SB-203580', 'Canertinib', 'RefChem:560289', 'KW-2449']	9
Serine/threonine-protein kinase Chk2	CHK2	O96017	['Lapatinib', 'Imatinib', 'Vandetanib', 'Pazopanib', 'Sorafenib', 'SB-203580', 'Canertinib', 'RefChem:560289', 'KW-2449']	9
Serine/threonine-protein kinase D1	KPCD1	Q15139	['Lapatinib', 'Imatinib', 'Vandetanib', 'AMILORIDE', 'Pazopanib', 'Sorafenib', 'SB-203580', 'Canertinib', 'RefChem:560289', 'KW-2449']	10
Serine/threonine-protein kinase D2	KPCD2	Q9BZL6	['Lapatinib', 'Imatinib', 'Vandetanib', 'Pazopanib', 'Sorafenib', 'SB-203580', 'Canertinib', 'RefChem:560289', 'KW-2449']	9
Serine/threonine-protein kinase D3	KPCD3	O94806	['Lapatinib', 'Imatinib', 'Vandetanib', 'Pazopanib', 'Sorafenib', 'SB-203580', 'Canertinib', 'RefChem:560289', 'KW-2449']	9
Serine/threonine-protein kinase DCLK1	DCLK1	O15075	['Lapatinib', 'Imatinib', 'Vandetanib', 'Pazopanib', 'Sorafenib', 'SB-203580', 'Canertinib', 'RefChem:560289', 'KW-2449']	9
Serine/threonine-protein kinase DCLK2	DCLK2	Q8N568	['Lapatinib', 'Imatinib', 'Vandetanib', 'Pazopanib', 'Sorafenib', 'SB-203580', 'Canertinib', 'RefChem:560289', 'KW-2449']	9
Serine/threonine-protein kinase DCLK3	DCLK3	Q9C098	['Lapatinib', 'Imatinib', 'Vandetanib', 'Pazopanib', 'Sorafenib', 'SB-203580', 'Canertinib', 'RefChem:560289', 'KW-2449']	9
Serine/threonine-protein kinase ICK	CILK1	Q9UPZ9	['Lapatinib', 'Imatinib', 'Vandetanib', 'Pazopanib', 'Sorafenib', 'SB-203580', 'Canertinib', 'RefChem:560289', 'KW-2449']	9
Serine/threonine-protein kinase LATS1	LATS1	O95835	['Lapatinib', 'Imatinib', 'Vandetanib', 'Pazopanib', 'Sorafenib', 'SB-203580', 'Canertinib', 'RefChem:560289', 'KW-2449']	9
Serine/threonine-protein kinase LATS2	LATS2	Q9NRM7	['Lapatinib', 'Imatinib', 'Vandetanib', 'Pazopanib', 'Sorafenib', 'SB-203580', 'Canertinib', 'RefChem:560289', 'KW-2449']	9
Serine/threonine-protein kinase MAK	MAK	P20794	['Lapatinib', 'Imatinib', 'Vandetanib', 'Pazopanib', 'Sorafenib', 'SB-203580', 'Canertinib', 'RefChem:560289', 'KW-2449']	9
Serine/threonine-protein kinase MARK2	MARK2	Q7KZI7	['Lapatinib', 'Imatinib', '129-56-6', 'Vandetanib', 'Pazopanib', 'Sorafenib', 'SB-203580', 'Canertinib', 'RefChem:560289', 'KW-2449']	10
Serine/threonine-protein kinase MRCK alpha	MRCKA	Q5VT25	['Lapatinib', 'Imatinib', 'Vandetanib', 'Pazopanib', 'Sorafenib', 'SB-203580', 'Canertinib', 'RefChem:560289', 'KW-2449']	9
Serine/threonine-protein kinase MRCK beta	MRCKB	Q9Y5S2	['Lapatinib', 'Imatinib', 'Vandetanib', 'Pazopanib', 'Sorafenib', 'SB-203580', 'Canertinib', 'RefChem:560289', 'KW-2449']	9
Serine/threonine-protein kinase MRCK gamma	MRCKG	Q6DT37	['Lapatinib', 'Imatinib', 'Vandetanib', 'Pazopanib', 'Sorafenib', 'SB-203580', 'Canertinib', 'RefChem:560289', 'KW-2449']	9
Serine/threonine-protein kinase N1	PKN1	Q16512	['Lapatinib', 'Imatinib', 'Vandetanib', 'Pazopanib', 'quercetin', 'Sorafenib', 'SB-203580', 'Canertinib', 'RefChem:560289', 'Fasudil', 'KW-2449']	11
Serine/threonine-protein kinase N2	PKN2	Q16513	['Lapatinib', 'Imatinib', 'Vandetanib', 'Pazopanib', 'Sorafenib', 'Ximelegatran', 'SB-203580', 'Canertinib', 'RefChem:560289', 'Fasudil', 'KW-2449']	11
Serine/threonine-protein kinase NIM1	NIM1	Q8IY84	['Lapatinib', 'Imatinib', 'Vandetanib', 'Pazopanib', 'Sorafenib', 'SB-203580', 'Canertinib', 'RefChem:560289', 'KW-2449']	9
Serine/threonine-protein kinase NLK	NLK	Q9UBE8	['Lapatinib', 'Imatinib', 'Vandetanib', 'Pazopanib', 'Sorafenib', 'SB-203580', 'Canertinib', 'RefChem:560289', 'KW-2449']	9
Serine/threonine-protein kinase Nek11	NEK11	Q8NG66	['Lapatinib', 'Imatinib', 'Vandetanib', 'Pazopanib', 'Sorafenib', 'SB-203580', 'Canertinib', 'RefChem:560289', 'KW-2449']	9
Serine/threonine-protein kinase Nek3	NEK3	P51956	['Lapatinib', 'Imatinib', 'Vandetanib', 'Pazopanib', 'Sorafenib', 'SB-203580', 'Canertinib', 'RefChem:560289', 'KW-2449', 'MOMELOTINIB']	10
Serine/threonine-protein kinase Nek4	NEK4	P51957	['Lapatinib', 'Imatinib', 'Vandetanib', 'Pazopanib', 'Sorafenib', 'SB-203580', 'Canertinib', 'RefChem:560289', 'KW-2449']	9
Serine/threonine-protein kinase Nek5	NEK5	Q6P3R8	['Lapatinib', 'Imatinib', 'Vandetanib', 'Pazopanib', 'Sorafenib', 'SB-203580', 'Canertinib', 'RefChem:560289', 'KW-2449']	9
Serine/threonine-protein kinase Nek6	NEK6	Q9HC98	['Lapatinib', 'Imatinib', 'Vandetanib', 'Pazopanib', 'quercetin', 'Sorafenib', 'SB-203580', 'Canertinib', 'RefChem:560289', 'KW-2449']	10
Serine/threonine-protein kinase Nek7	NEK7	Q8TDX7	['Lapatinib', 'Imatinib', 'Vandetanib', 'Pazopanib', 'Sorafenib', 'SB-203580', 'RefChem:560289', 'Canertinib', 'berberine chloride', 'KW-2449']	10
Serine/threonine-protein kinase Nek9	NEK9	Q8TD19	['Lapatinib', 'Imatinib', 'Vandetanib', 'Pazopanib', 'Sorafenib', 'SB-203580', 'Canertinib', 'RefChem:560289', 'KW-2449', 'MOMELOTINIB']	10
Serine/threonine-protein kinase OSR1	OXSR1	O95747	['Lapatinib', 'Imatinib', 'Vandetanib', 'Pazopanib', 'Sorafenib', 'SB-203580', 'Canertinib', 'RefChem:560289', 'KW-2449']	9
Serine/threonine-protein kinase PAK 4	PAK4	O96013	['Lapatinib', 'Imatinib', 'Vandetanib', 'Pazopanib', 'Sorafenib', 'SB-203580', 'Canertinib', 'RefChem:560289', 'KW-2449']	9
Serine/threonine-protein kinase PAK 5	PAK5	Q9P286	['Lapatinib', 'Imatinib', 'Vandetanib', 'Pazopanib', 'Sorafenib', 'SB-203580', 'Canertinib', 'RefChem:560289', 'KW-2449']	9
Serine/threonine-protein kinase PAK 6	PAK6	Q9NQU5	['Lapatinib', 'Imatinib', 'Vandetanib', 'Pazopanib', 'Sorafenib', 'SB-203580', 'Canertinib', 'RefChem:560289', 'KW-2449']	9
Serine/threonine-protein kinase PLK1	PLK1	P53350	['baicalein', 'Lapatinib', 'Imatinib', 'Vandetanib', 'Thymoquinone', 'AMILORIDE', 'Pazopanib', 'quercetin', 'Sorafenib', 'SB-203580', 'ellagic acid', 'Canertinib', 'RefChem:560289', 'kenpaullone', 'KW-2449', 'Baicalin']	16
Serine/threonine-protein kinase PLK2	PLK2	Q9NYY3	['baicalein', 'Lapatinib', 'Imatinib', 'Vandetanib', 'Thymoquinone', 'Pazopanib', 'Sorafenib', 'SB-203580', 'Canertinib', 'RefChem:560289', 'KW-2449']	11
Serine/threonine-protein kinase PLK3	PLK3	Q9H4B4	['baicalein', 'Lapatinib', 'Imatinib', 'Vandetanib', 'Thymoquinone', 'Pazopanib', 'Sorafenib', 'SB-203580', 'Canertinib', 'RefChem:560289', 'KW-2449']	11
Serine/threonine-protein kinase PLK4	PLK4	O00444	['Imatinib', 'Lapatinib', '129-56-6', 'Vandetanib', 'Pazopanib', 'Sorafenib', 'SB-203580', 'ellagic acid', 'Canertinib', 'RefChem:560289', 'KW-2449']	11
Serine/threonine-protein kinase RIO1	RIOK1	Q9BRS2	['Lapatinib', 'Imatinib', 'Vandetanib', 'Pazopanib', 'Sorafenib', 'SB-203580', 'Canertinib', 'RefChem:560289', 'KW-2449']	9
Serine/threonine-protein kinase RIO2	RIOK2	Q9BVS4	['Lapatinib', 'Imatinib', 'Vandetanib', 'Pazopanib', 'Sorafenib', 'SB-203580', 'Canertinib', 'RefChem:560289', 'KW-2449']	9
Serine/threonine-protein kinase RIO3	RIOK3	O14730	['Lapatinib', 'Imatinib', 'Vandetanib', 'Pazopanib', 'Sorafenib', 'SB-203580', 'Canertinib', 'RefChem:560289', 'KW-2449']	9
Serine/threonine-protein kinase SBK1	SBK1	Q52WX2	['Lapatinib', 'Imatinib', 'Vandetanib', 'Pazopanib', 'Sorafenib', 'SB-203580', 'Canertinib', 'RefChem:560289', 'KW-2449']	9
Serine/threonine-protein kinase SIK1	SIK1	P57059	['Lapatinib', 'Imatinib', 'Vandetanib', 'Pazopanib', 'Sorafenib', 'SB-203580', 'Canertinib', 'RefChem:560289', 'KW-2449']	9
Serine/threonine-protein kinase SIK3 [59-1321]	SIK3	Q9Y2K2	['Lapatinib', 'Imatinib', 'Vandetanib', 'Pazopanib', 'Sorafenib', 'SB-203580', 'Canertinib', 'RefChem:560289', 'KW-2449']	9
Serine/threonine-protein kinase STK11	STK11	Q15831	['Lapatinib', 'Imatinib', 'Vandetanib', 'Pazopanib', 'Sorafenib', 'SB-203580', 'Canertinib', 'RefChem:560289', 'KW-2449']	9
Serine/threonine-protein kinase Sgk1	SGK1	O00141	['890842-28-1']	1
Serine/threonine-protein kinase Sgk3	SGK3	Q96BR1	['Lapatinib', 'Imatinib', 'Vandetanib', 'Pazopanib', 'Sorafenib', 'SB-203580', 'Canertinib', 'RefChem:560289', 'KW-2449']	9
Serine/threonine-protein kinase TAO1	TAOK1	Q7L7X3	['Lapatinib', 'Imatinib', 'Vandetanib', 'Pazopanib', 'Sorafenib', 'SB-203580', 'Canertinib', 'RefChem:560289', 'KW-2449']	9
Serine/threonine-protein kinase TAO3	TAOK3	Q9H2K8	['Lapatinib', 'Imatinib', 'Vandetanib', 'Pazopanib', 'Sorafenib', 'SB-203580', 'Canertinib', 'RefChem:560289', 'KW-2449']	9
Serine/threonine-protein kinase TNNI3K	TNI3K	Q59H18	['Lapatinib', 'Imatinib', 'Vandetanib', 'Pazopanib', 'Sorafenib', 'SB-203580', 'Canertinib', 'RefChem:560289', 'KW-2449']	9
Serine/threonine-protein kinase ULK1	ULK1	O75385	['Lapatinib', 'Imatinib', 'Vandetanib', 'Pazopanib', 'Sorafenib', 'SB-203580', 'Canertinib', 'RefChem:560289', 'KW-2449']	9
Serine/threonine-protein kinase ULK2	ULK2	Q8IYT8	['Lapatinib', 'Imatinib', 'Vandetanib', 'Pazopanib', 'Sorafenib', 'SB-203580', 'Canertinib', 'RefChem:560289', 'KW-2449']	9
Serine/threonine-protein kinase ULK3	ULK3	Q6PHR2	['Lapatinib', 'Imatinib', 'Vandetanib', 'Pazopanib', 'Sorafenib', 'SB-203580', 'Canertinib', 'RefChem:560289', 'KW-2449']	9
Serine/threonine-protein kinase VRK2	VRK2	Q86Y07	['Lapatinib', 'Imatinib', 'Vandetanib', 'Pazopanib', 'Sorafenib', 'SB-203580', 'Canertinib', 'RefChem:560289', 'KW-2449']	9
Serine/threonine-protein kinase mTOR	MTOR	P42345	['(-)-Epigallocatechin gallate', 'Imatinib', 'Lapatinib', 'rapamycin', 'Vandetanib', 'caffeine', 'chloroquine', 'tacrolimus', 'Pazopanib', 'Sorafenib', 'SB-203580', 'Canertinib', 'RefChem:560289', 'KW-2449']	14
Serine/threonine-protein kinase pim-2	PIM2	Q9P1W9	['Lapatinib', 'Imatinib', '129-56-6', 'Vandetanib', 'Pazopanib', 'Sorafenib', 'SB-203580', 'Canertinib', 'RefChem:560289', 'KW-2449']	10
Serine/threonine-protein kinase pim-3	PIM3	Q86V86	['Lapatinib', 'Imatinib', 'Vandetanib', 'Pazopanib', 'Sorafenib', 'SB-203580', 'Canertinib', 'RefChem:560289', 'KW-2449']	9
Serine/threonine-protein kinase tousled-like 1	TLK1	Q9UKI8	['Lapatinib', 'Imatinib', 'Vandetanib', 'Pazopanib', 'Sorafenib', 'SB-203580', 'Canertinib', 'RefChem:560289', 'KW-2449']	9
Serine/threonine-protein kinase tousled-like 2	TLK2	Q86UE8	['Lapatinib', 'Imatinib', 'Vandetanib', 'Pazopanib', 'Sorafenib', 'SB-203580', 'Canertinib', 'RefChem:560289', 'KW-2449']	9
Serine/threonine-protein kinase/endoribonuclease IRE1	ERN1	O75460	['Lapatinib', 'Imatinib', 'Vandetanib', 'Pazopanib', 'Sorafenib', 'SB-203580', 'Canertinib', 'RefChem:560289', 'KW-2449']	9
Serine/threonine-protein phosphatase 2A 56 kDa regulatory subunit alpha isoform	2A5A	Q15172	['Adenosine triphosphate']	1
Serine/threonine-protein phosphatase 5	PPP5	P53041	['coenzyme A']	1
Serum paraoxonase/arylesterase 1	PON1	P27169	['acetazolamide', 'Lornoxicam', 'furosemide', 'ifosfamide', 'tenoxicam', 'docetaxel', 'indomethacin', 'ketoprofen', 'paclitaxel', 'etoposide']	10
Sex hormone-binding globulin	SHBG	P04278	['estriol', 'hydrocortisone', 'CORTICOSTERONE', 'ALDOSTERONE', 'estrone', 'danazol', 'genistein', 'naringenin', 'Dehydroepiandrosterone', 'Medroxyprogesterone acetate', 'ETONOGESTREL', 'testosterone', 'Levonorgestrel', 'progesterone', 'ethinyl estradiol', '4-nonylphenol', 'estradiol']	17
Sialidase-1	NEUR1	Q99519	['oseltamivir']	1
Sialidase-2	NEUR2	Q9Y3R4	['baicalein', 'kaempferol', 'genistein', 'chrysin', 'emodin', 'quercetin', 'apigenin', 'luteolin', 'acacetin', 'oseltamivir']	10
Sialidase-3	NEUR3	Q9UQ49	['oseltamivir']	1
Sialidase-4	NEUR4	Q8WWR8	['oseltamivir']	1
Sigma non-opioid intracellular receptor 1	SGMR1	Q99720	['trifluoperazine', 'haloperidol', 'testosterone', 'fluvoxamine', 'buspirone', 'amantadine', 'pramipexole', 'fluoxetine', 'chloroquine', 'donepezil', 'astemizole', 'nicotine', 'pentazocine', 'tamoxifen', 'hydroxychloroquine', 'mazindol', 'morphine', 'progesterone', 'METHAMPHETAMINE', 'amiodarone', 'oxycodone', 'CORTICOSTERONE', 'phentolamine', 'DIZOCILPINE', 'fentanyl', 'naloxone', 'apomorphine', '519187-97-4', 'dextromethorphan', 'moclobemide', 'risperidone', 'sertraline']	32
Signal transducer and activator of transcription 1-alpha/beta	STAT1	P42224	['(-)-Epigallocatechin gallate', 'digoxin', 'ouabain']	3
Signal transducer and activator of transcription 3 [702-738,740-752]	STAT3	P40763	['digoxin', 'ouabain']	2
Small conductance calcium-activated potassium channel protein 2	KCNN2	Q9H2S1	['BERBAMINE', 'tetrandrine']	2
Small conductance calcium-activated potassium channel protein 3	KCNN3	Q9UGI6	['BERBAMINE', 'tetrandrine']	2
Sodium channel protein type 1/2/3 subunit alpha	SCN1A	P35498	['amitriptyline']	1
Sodium channel protein type 11 subunit alpha	SCNBA	Q9UI33	['TETRODOTOXIN']	1
Sodium channel protein type 2 subunit alpha	SCN2A	Q99250	['amitriptyline']	1
Sodium channel protein type 4 subunit alpha	SCN4A	P35499	['riluzole']	1
Sodium channel protein type 5 subunit alpha	SCN5A	Q14524	['amitriptyline']	1
Sodium channel protein type 7 subunit alpha	SCN7A	Q01118	['amitriptyline']	1
Sodium channel protein type 8 subunit alpha	SCN8A	Q9UQD0	['TETRODOTOXIN']	1
Sodium channel protein type 9 subunit alpha	SCN9A	Q15858	['riluzole', 'amitriptyline']	2
Sodium- and chloride-dependent GABA transporter 1	SC6A1	P30531	['tiagabine']	1
Sodium- and chloride-dependent GABA transporter 3	S6A11	P48066	['tiagabine']	1
Sodium- and chloride-dependent betaine transporter	S6A12	P48065	['tiagabine']	1
Sodium-dependent dopamine transporter	SC6A3	Q01959	['Atomoxetine', 'Desvenlafaxine', 'nefazodone', 'Iprindole', 'fluvoxamine', 'amitriptyline', 'imipramine', 'paroxetine', 'bupropion', 'amisulpride', 'fluoxetine', 'amoxapine', 'cocaine', 'dextroamphetamine', 'mirtazapine', 'desipramine', 'MDMA', 'venlafaxine', 'mazindol', 'Lorcaserin', 'modafinil', 'methylphenidate', 'trazodone', 'Reboxetine', 'tranylcypromine', 'citalopram', 'Phenelzine', 'duloxetine', 'Milnacipran', 'clomipramine', 'maprotiline', 'Aripiprazole', 'dopamine', 'nortriptyline', 'protriptyline', 'trimipramine', 'sertraline', 'AMPHETAMINE']	38
Sodium-dependent noradrenaline transporter	SC6A2	P23975	['Atomoxetine', 'Desvenlafaxine', 'nefazodone', 'Iprindole', 'haloperidol', 'Pregabalin', 'fluvoxamine', 'amitriptyline', 'imipramine', 'paroxetine', 'bupropion', 'amisulpride', 'fluoxetine', 'amoxapine', 'cocaine', 'dextroamphetamine', 'mirtazapine', 'quercetin', 'desipramine', 'MDMA', 'venlafaxine', 'mazindol', 'RUTIN', 'Lorcaserin', 'Tramadol', 'modafinil', 'methylphenidate', 'trazodone', 'Reboxetine', 'tranylcypromine', 'citalopram', 'Phenelzine', 'piribedil', 'duloxetine', 'Milnacipran', 'clomipramine', 'maprotiline', 'Aripiprazole', 'dopamine', 'Tacrine', 'nortriptyline', 'protriptyline', 'clonidine', 'CYPROHEPTADINE', 'trimipramine', 'sertraline', 'AMPHETAMINE']	47
Sodium-dependent serotonin transporter	SC6A4	P31645	['Atomoxetine', 'Desvenlafaxine', 'nefazodone', 'Iprindole', 'haloperidol', 'fluvoxamine', 'lumateperone', 'amitriptyline', 'imipramine', 'paroxetine', 'Ziprasidone', 'bupropion', 'fluoxetine', 'amoxapine', 'cocaine', 'donepezil', 'dextroamphetamine', 'mirtazapine', 'quercetin', 'desipramine', 'MDMA', 'venlafaxine', 'mazindol', 'RUTIN', 'Lorcaserin', 'Tramadol', 'modafinil', 'methylphenidate', 'trazodone', 'Reboxetine', 'tranylcypromine', 'citalopram', 'quetiapine', 'Phenelzine', 'duloxetine', 'rivastigmine', 'Milnacipran', 'Escitalopram', 'clomipramine', 'maprotiline', 'Aripiprazole', 'dopamine', 'nortriptyline', 'protriptyline', 'CYPROHEPTADINE', 'VORTIOXETINE', 'trimipramine', 'risperidone', 'sertraline', 'chlorpromazine']	50
Sodium/bile acid cotransporter	NTCP	Q14973	['curcumin', 'irbesartan', 'URSODEOXYCHOLIC ACID', 'furosemide', 'propranolol', 'rosiglitazone', 'Ezetimibe', 'cyclosporin A', 'ritonavir', 'ketoconazole']	10
Sodium/glucose cotransporter 1	SC5A1	P13866	['Phlorizin']	1
Sodium/glucose cotransporter 2	SC5A2	P31639	['Phlorizin']	1
Sodium/hydrogen exchanger 1	SL9A1	P19634	['AMILORIDE']	1
Sodium/nucleoside cotransporter 1	S28A1	O00337	['Phlorizin', 'adenosine']	2
Sodium/nucleoside cotransporter 2	S28A2	O43868	"['Phlorizin', 'adenosine', ""7,8,3'-TRIHYDROXYFLAVONE""]"	3
Solute carrier family 12 member 2	S12A2	P55011	['bumetanide']	1
Solute carrier family 12 member 5	S12A5	Q9H2X9	['bumetanide']	1
Solute carrier family 15 member 1	S15A1	P46059	['cephalexin', 'cefazolin', 'enalapril', 'levodopa', 'methyldopa', 'penicillin g', 'piperacillin', 'ceftazidime', 'Cefodizime', 'ampicillin', 'amoxicillin', 'CEFIXIME', 'ceftriaxone', 'cefuroxime', 'oseltamivir']	15
Solute carrier family 15 member 2	S15A2	Q16348	['cephalexin', 'penicillin g', 'Cefodizime', 'ampicillin', 'amoxicillin', 'CEFIXIME', 'cefuroxime']	7
Solute carrier family 22 member 1	S22A1	O15245	['Imatinib', 'ranitidine', 'agmatine', 'FLUPHENAZINE', 'ondansetron', 'haloperidol', 'cimetidine', 'metoclopramide', 'pantoprazole', 'phenoxybenzamine', 'amitriptyline', 'imipramine', 'dobutamine', 'luteolin', 'amantadine', 'metformin', 'disopyramide', 'Tetraethylammonium', 'propafenone', 'clotrimazole', 'alfuzosin', 'midazolam', 'hydromorphone', 'thiamine', 'AMILORIDE', 'SUFENTANIL', 'prazosin', 'desipramine', 'HYDROCODONE', 'morphine', 'progesterone', 'estradiol', 'Tapentadol', 'VERAPAMIL', 'Tramadol', 'oxycodone', 'CORTICOSTERONE', 'Methylnaltrexone', 'diltiazem', 'citalopram', 'naltrexone', 'terazosin', 'fentanyl', 'dipyridamole', 'ritonavir', 'apomorphine', 'indinavir', 'carvedilol', 'apigenin', 'mitoxantrone', 'Meptazinol', 'clomipramine', 'Tacrine', 'meperidine', 'RefChem:1092872', 'codeine', 'propranolol', 'prochlorperazine', 'PHENFORMIN', 'dextromethorphan', 'chlorhexidine', 'memantine', 'promethazine', 'quinidine', 'Closantel', 'clonidine', 'guanabenz', 'trimipramine', 'promazine', 'chlorpromazine', 'Quinine']	71
Solute carrier family 22 member 11	S22AB	Q9NSA0	['cefazolin', 'piroxicam', 'probenecid', 'pravastatin', 'ceftriaxone', 'cimetidine']	6
Solute carrier family 22 member 16	S22AG	Q86VW1	['L-carnitine']	1
Solute carrier family 22 member 2	S22A2	O15244	['Imatinib', 'ondansetron', 'phenoxybenzamine', 'pantoprazole', 'buspirone', 'imipramine', 'luteolin', 'amantadine', 'metformin', 'disopyramide', 'Tetraethylammonium', 'prazosin', 'desipramine', 'tubocurarine', 'progesterone', 'estradiol', 'CORTICOSTERONE', 'dipyridamole', 'ritonavir', 'indinavir', 'carvedilol', 'apigenin', 'ethinyl estradiol', 'mitoxantrone', 'pimozide', 'chlorhexidine', 'Aripiprazole', 'Tacrine', 'PHENFORMIN', 'domperidone', 'ranitidine', 'risperidone', 'Quinine', 'topotecan', 'cimetidine']	35
Solute carrier family 22 member 3	S22A3	O75751	['Imatinib', 'histamine', 'Tetraethylammonium', 'CORTICOSTERONE', 'chlorhexidine', 'ondansetron', 'desipramine', 'phenoxybenzamine', 'pantoprazole', 'clonidine', 'prazosin', 'progesterone', 'imipramine', 'ritonavir', 'mitoxantrone', 'indinavir', 'estradiol', 'colchicine']	18
Solute carrier family 22 member 6	S22A6	Q4U2R8	['cefazolin', 'diclofenac', '58560-75-1', 'salicylic acid', 'piroxicam', 'indomethacin', 'NAPROXEN', 'probenecid', 'ketoprofen', 'pravastatin', 'ellagic acid', 'Cidofovir', 'ceftriaxone', 'flurbiprofen', 'Cilastatin', 'cimetidine']	16
Solute carrier family 22 member 7	S22A7	Q9Y694	['pravastatin', 'probenecid']	2
Solute carrier family 22 member 8	S22A8	Q8TCC7	['cefazolin', '58560-75-1', 'penicillin g', 'salicylic acid', 'piroxicam', 'indomethacin', 'probenecid', 'ketoprofen', 'pravastatin', 'ceftriaxone', 'Cilastatin', 'cimetidine']	12
Solute carrier family 28 member 3	S28A3	Q9HAS3	['phloretin', 'adenosine', 'Phlorizin']	3
Solute carrier family 5 member 4	SC5A4	Q9NY91	['Phlorizin']	1
Solute carrier organic anion transporter family member 1A2	SO1A2	P46721	['RIFAMYCIN']	1
Solute carrier organic anion transporter family member 2A1	SO2A1	Q92959	['misoprostol', 'ILOPROST', 'dinoprost', 'Prostaglandin E2', 'latanoprost']	5
Solute carrier organic anion transporter family member 2B1	SO2B1	O94956	['doxorubicin', 'Atazanavir', 'cyclosporin A', 'indomethacin', 'ritonavir', 'pravastatin', 'RIFAMYCIN']	7
Somatostatin receptor type 3	SSR3	P32745	['SOMATOSTATIN', 'astemizole', 'Octreotide', 'Pasireotide']	4
Somatostatin receptor type 5	SSR5	P35346	['SOMATOSTATIN', 'astemizole', 'Octreotide', 'Pasireotide']	4
Son of sevenless homolog 1	SOS1	Q07889	['IDARUBICIN', 'doxorubicin']	2
Sorbitol dehydrogenase	DHSO	Q00796	['quercetin', 'epalrestat', 'coumarin']	3
Sphingosine 1-phosphate receptor 1	S1PR1	P21453	['Fingolimod', 'Retinoic acid', 'sphingosine-1-phosphate']	3
Sphingosine 1-phosphate receptor 2	S1PR2	O95136	['Fingolimod', '870762-83-7', 'sphingosine-1-phosphate']	3
Sphingosine 1-phosphate receptor 3	S1PR3	Q99500	['oxymetazoline', 'Fingolimod', 'phentolamine', 'sphingosine-1-phosphate']	4
Sphingosine 1-phosphate receptor 4	S1PR4	O95977	['Fingolimod', 'sphingosine-1-phosphate']	2
Sphingosine 1-phosphate receptor 5	S1PR5	Q9H228	['Fingolimod', 'sphingosine-1-phosphate']	2
Squalene monooxygenase	ERG1	Q14534	['pravastatin', 'amiodarone', 'terbinafine']	3
Squalene synthase	FDFT	P37268	['amiodarone', 'FTase Inhibitor I']	2
Steroid 17-alpha-hydroxylase/17,20 lyase	CP17A	P05093	['fluconazole', 'clotrimazole', 'aminoglutethimide', 'bifonazole', 'testosterone propionate', 'ketoconazole', 'econazole']	7
Steroid 21-hydroxylase	CP21A	P08686	['ketoconazole']	1
Steroid hormone receptor ERR1	ERR1	P11474	['kaempferol', 'genistein', 'tamoxifen', 'Fulvestrant', 'estradiol']	5
Steroidogenic factor 1	STF1	Q13285	['vinblastine', 'podophyllotoxin', 'colchicine', 'daunorubicin', 'doxorubicin', 'chrysin', 'Cladribine', 'Vorinostat', 'forskolin', 'ellipticine', 'kenpaullone']	11
Sterol O-acyltransferase 1	SOAT1	P35610	['progesterone']	1
Steryl-sulfatase	STS	P08842	['estradiol', 'estrone', 'acetazolamide', 'Ursolic acid']	4
Substance-P receptor	NK1R	P25103	['paroxetine']	1
Succinate-semialdehyde dehydrogenase, mitochondrial	SSDH	P51649	['Gastrodin']	1
Sucrase-isomaltase, intestinal	SUIS	P14410	['baicalein', 'MIGLITOL']	2
TGF-beta receptor type-2	TGFR2	P37173	['Lapatinib', 'Imatinib', 'Vandetanib', 'dorsomorphin', 'Pazopanib', 'Sorafenib', 'SB-203580', 'Canertinib', 'RefChem:560289', 'KW-2449']	10
Target of rapamycin complex subunit LST8	LST8	Q9BVC4	['rapamycin']	1
Telomerase reverse transcriptase	TERT	O14746	"['(-)-Epigallocatechin gallate', '7,8-dihydroxyflavone', 'doxorubicin', ""7,8,3'-TRIHYDROXYFLAVONE"", 'Tanshinone IIA', 'berberine chloride']"	6
Testis-specific serine/threonine-protein kinase 1	TSSK1	Q9BXA7	['Lapatinib', 'Imatinib', 'Vandetanib', 'Pazopanib', 'Sorafenib', 'SB-203580', 'Canertinib', 'RefChem:560289', 'KW-2449']	9
Thromboxane-A synthase	THAS	P24557	['indomethacin']	1
Thymidine kinase 2, mitochondrial	KITM	O00142	['cytarabine']	1
Thymidine kinase, cytosolic	KITH	P04183	['zidovudine', 'stavudine', 'cytarabine']	3
Thymidylate synthase	TYSY	P04818	['methotrexate']	1
Thyroid hormone receptor alpha	THA	P10827	['thyroxine', 'amiodarone', 'mifepristone']	3
Thyroid hormone receptor beta	THB	P10828	['thyroxine', 'amiodarone', 'mifepristone']	3
Tissue factor	TF	P13726	['curcumin', 'VALPROIC ACID', 'linolenic acid']	3
Tissue-type plasminogen activator	TPA	P00750	['AMILORIDE']	1
Toll-like receptor 4	TLR4	O00206	['methotrexate', 'carvedilol']	2
Toll-like receptor 7	TLR7	Q9NYK1	['IMIQUIMOD']	1
Trace amine-associated receptor 1	TAAR1	Q96RJ0	['histamine', 'dopamine', 'dextroamphetamine', 'phentermine', 'proguanil', 'betahistine', 'guanabenz', 'METHAMPHETAMINE']	8
Transient receptor potential cation channel subfamily M member 2	TRPM2	O94759	['PJ34', 'clotrimazole', '2-Aminoethyl diphenylborinate', 'econazole']	4
Transient receptor potential cation channel subfamily M member 6	TRPM6	Q9BX84	['Lapatinib', 'Imatinib', 'Vandetanib', 'Pazopanib', 'Sorafenib', 'SB-203580', 'Canertinib', 'RefChem:560289', 'KW-2449']	9
Transient receptor potential cation channel subfamily V member 1	TRPV1	Q8NER1	['Pterostilbene', 'capsazepine', 'GERANIOL', 'celecoxib', 'AMG-517', '2-Aminoethyl diphenylborinate', 'piperine', 'cannabidiol', 'propofol', 'Capsaicin', 'OLVANIL']	11
Transient receptor potential cation channel subfamily V member 3	TRPV3	Q8NET8	['acacetin']	1
Transketolase	TKT	P29401	['thiamine']	1
Translocator protein	TSPO	P30536	['lorazepam', 'ALPIDEM', 'P7C3-A20', 'diazepam', 'clonazepam']	5
Transmembrane prolyl 4-hydroxylase	P4HTM	Q9NXG6	"[""2,2'-BIPYRIDINE""]"	1
Transmembrane protease serine 2	TMPS2	O15393	['Debrisoquine']	1
Transthyretin	TTHY	P02766	['resveratrol', 'Pterostilbene', 'Tolcapone', 'piceatannol']	4
Trifunctional purine biosynthetic protein adenosine-3	PUR2	P22102	['methotrexate']	1
Trypsin	TRY1	P07477	['baicalein', 'Leupeptin', 'AMILORIDE', 'quercetin', 'RUTIN', 'Baicalin']	6
Tryptophan 2,3-dioxygenase	T23O	P48775	['Tanshinone IIA', '9H-Pyrido[3,4-B]indole']	2
Tumor necrosis factor	TNFA	P01375	['thalidomide', 'rolipram', 'Cynaroside', 'pentoxifylline', 'prednisolone']	5
Type-1 angiotensin II receptor	AGTR1	P30556	['valsartan', 'Telmisartan', 'caffeic acid', 'irbesartan', 'HELENALIN', 'propranolol', 'disulfiram', 'FIMASARTAN', 'losartan']	9
Type-1/Type-2 angiotensin II receptor	AGTR1	P30556	['losartan']	1
Tyrosinase	TYRO	P14679	['curcumin', 'kaempferol', 'levodopa', 'resveratrol', 'tert-Butylhydroquinone', 'quercetin', 'Mimosine', 'RUTIN', 'Tiliroside', 'luteolin']	10
Tyrosine--tRNA ligase, cytoplasmic	SYYC	P54577	['Capsaicin']	1
Tyrosine-protein kinase ABL1	ABL1	P00519	['Lapatinib', 'Imatinib', 'genistein', 'Vandetanib', 'KW-2449', 'Regorafenib', 'Larotrectinib', 'Ibrutinib', 'Pazopanib', 'Sorafenib', 'Vorinostat', 'SB-203580', 'paclitaxel', 'Canertinib', 'RefChem:560289', 'kenpaullone', 'mebendazole', 'niclosamide']	18
Tyrosine-protein kinase ABL1 [1-999,E255K]	ABL1	P00519	['Imatinib']	1
Tyrosine-protein kinase ABL1 [1-999,Q252H]	ABL1	P00519	['Imatinib', 'Canertinib', 'Vandetanib', 'Sorafenib']	4
Tyrosine-protein kinase ABL1 [201-500,E255K]	ABL1	P00519	['Imatinib']	1
Tyrosine-protein kinase ABL1 [201-500,F359V]	ABL1	P00519	['Imatinib']	1
Tyrosine-protein kinase ABL1 [201-500,H396P]	ABL1	P00519	['Imatinib']	1
Tyrosine-protein kinase ABL1 [201-500,M351T]	ABL1	P00519	['Imatinib']	1
Tyrosine-protein kinase ABL1 [201-500,Q252H]	ABL1	P00519	['Imatinib']	1
Tyrosine-protein kinase ABL1 [201-500,T315I]	ABL1	P00519	['Imatinib']	1
Tyrosine-protein kinase ABL1 [201-500,T315N]	ABL1	P00519	['Imatinib']	1
Tyrosine-protein kinase ABL1 [201-500,Y253F]	ABL1	P00519	['Imatinib']	1
Tyrosine-protein kinase ABL1 [201-500]	ABL1	P00519	['Imatinib']	1
Tyrosine-protein kinase ABL1/ABL2	ABL1	P00519	['Imatinib', 'genistein', 'temozolomide']	3
Tyrosine-protein kinase ABL2	ABL2	P42684	['Lapatinib', 'Imatinib', 'Vandetanib', 'beta-CYCLODEXTRIN', 'Pazopanib', 'Sorafenib', 'SB-203580', 'Canertinib', 'RefChem:560289', 'KW-2449']	10
Tyrosine-protein kinase BTK	BTK	Q06187	['Lapatinib', 'Imatinib', 'Vandetanib', 'mitoxantrone', 'Ibrutinib', 'Pazopanib', 'Sorafenib', 'SB-203580', 'Canertinib', 'RefChem:560289', 'KW-2449']	11
Tyrosine-protein kinase Blk	BLK	P51451	['Lapatinib', 'Imatinib', 'Vandetanib', 'Ibrutinib', 'Pazopanib', 'Sorafenib', 'SB-203580', 'Canertinib', 'RefChem:560289', 'KW-2449']	10
Tyrosine-protein kinase CSK	CSK	P41240	['Lapatinib', 'Imatinib', 'genistein', 'Vandetanib', 'Ibrutinib', 'Pazopanib', 'Sorafenib', 'SB-203580', 'Canertinib', 'RefChem:560289', 'KW-2449']	11
Tyrosine-protein kinase FRK	FRK	P42685	['Lapatinib', 'Imatinib', 'Vandetanib', 'Ibrutinib', 'Pazopanib', 'Sorafenib', 'SB-203580', 'Canertinib', 'RefChem:560289', 'KW-2449']	10
Tyrosine-protein kinase Fyn	FYN	P06241	['(-)-Epigallocatechin gallate']	1
Tyrosine-protein kinase HCK	HCK	P08631	['Lapatinib', 'Imatinib', 'Vandetanib', 'Ibrutinib', 'Pazopanib', 'Sorafenib', 'SB-203580', 'Canertinib', 'RefChem:560289', 'KW-2449']	10
Tyrosine-protein kinase ITK/TSK	ITK	Q08881	['Lapatinib', 'Imatinib', 'Vandetanib', 'Ibrutinib', 'Pazopanib', 'Sorafenib', 'SB-203580', 'Canertinib', 'RefChem:560289', 'KW-2449']	10
Tyrosine-protein kinase JAK1	JAK1	P23458	['Lapatinib', 'Imatinib', 'Vandetanib', 'ifidancitinib', 'Ibrutinib', 'Pazopanib', 'Sorafenib', 'SB-203580', 'Canertinib', 'RefChem:560289', 'KW-2449', 'MOMELOTINIB']	12
Tyrosine-protein kinase JAK1/JAK2	JAK1	P23458	['ifidancitinib']	1
Tyrosine-protein kinase JAK2	JAK2	O60674	['Lapatinib', 'Imatinib', 'Vandetanib', 'MOMELOTINIB', 'ifidancitinib', 'Adenosine triphosphate', 'Repotrectinib', 'Pazopanib', 'Ibrutinib', 'Sorafenib', 'Vorinostat', 'SB-203580', 'Canertinib', 'RefChem:560289', 'KW-2449', 'niclosamide']	16
Tyrosine-protein kinase JAK3	JAK3	P52333	['Lapatinib', 'Imatinib', 'Vandetanib', '129-56-6', 'ifidancitinib', 'Ibrutinib', 'Pazopanib', 'Sorafenib', 'SB-203580', 'Canertinib', 'RefChem:560289', 'KW-2449', 'MOMELOTINIB']	13
Tyrosine-protein kinase Lyn	LYN	P07948	['Lapatinib', 'Imatinib', 'Vandetanib', 'Ibrutinib', 'Pazopanib', 'Sorafenib', 'SB-203580', 'Canertinib', 'RefChem:560289', 'KW-2449', 'niclosamide']	11
Tyrosine-protein kinase Mer	MERTK	Q12866	['Lapatinib', 'Imatinib', 'Vandetanib', 'Pazopanib', 'Sorafenib', 'SB-203580', 'paclitaxel', 'Canertinib', 'RefChem:560289', 'KW-2449']	10
Tyrosine-protein kinase SYK	KSYK	P43405	['Lapatinib', 'Imatinib', 'genistein', 'Vandetanib', 'piceatannol', 'Ibrutinib', 'Pazopanib', 'quercetin', 'Sorafenib', 'apigenin', 'SB-203580', 'luteolin', 'Canertinib', 'RefChem:560289', 'KW-2449']	15
Tyrosine-protein kinase Srms	SRMS	Q9H3Y6	['Lapatinib', 'Imatinib', 'Vandetanib', 'Pazopanib', 'Sorafenib', 'SB-203580', 'Canertinib', 'RefChem:560289', 'KW-2449']	9
Tyrosine-protein kinase TXK	TXK	P42681	['Ibrutinib']	1
Tyrosine-protein kinase Tec	TEC	P42680	['Lapatinib', 'Imatinib', 'Vandetanib', 'Ibrutinib', 'Pazopanib', 'Sorafenib', 'SB-203580', 'Canertinib', 'RefChem:560289', 'KW-2449']	10
Tyrosine-protein kinase Yes	YES	P07947	['baicalein', 'kaempferol', 'Imatinib', 'Lapatinib', 'Vandetanib', 'dorsomorphin', 'Ibrutinib', 'Pazopanib', 'quercetin', 'Sorafenib', 'SB-203580', 'luteolin', 'Canertinib', 'RefChem:560289', 'KW-2449']	15
Tyrosine-protein kinase ZAP-70	ZAP70	P43403	['Lapatinib', 'Imatinib', 'Vandetanib', 'Pazopanib', 'Sorafenib', 'SB-203580', 'Canertinib', 'RefChem:560289', 'KW-2449']	9
Tyrosine-protein kinase receptor TYRO3	TYRO3	Q06418	['Lapatinib', 'Imatinib', 'Vandetanib', 'Pazopanib', 'Sorafenib', 'SB-203580', 'Canertinib', 'RefChem:560289', 'KW-2449']	9
Tyrosine-protein kinase receptor Tie-1	TIE1	P35590	['Lapatinib', 'Imatinib', 'Vandetanib', 'Pazopanib', 'Sorafenib', 'SB-203580', 'Canertinib', 'RefChem:560289', 'KW-2449']	9
Tyrosine-protein phosphatase non-receptor type 1	PTN1	P18031	['caffeic acid', 'licochalcone a', 'Ursolic acid', 'naringin', 'rosiglitazone', 'Glycyrrhizic acid', 'CHLOROGENIC ACID', 'salicylic acid', 'palmitic acid', 'quercetin', 'ellagic acid', 'Madecassic acid', '4-Aminosalicylic acid', 'suramin', 'Cynaroside', 'apigenin', 'Maslinic acid', 'Pioglitazone', 'resveratrol', 'Genipin', 'naringenin', 'isoliquiritigenin', '37353-31-4']	23
Tyrosine-protein phosphatase non-receptor type 11	PTN11	Q06124	['Tanshinone IIA', 'estradiol', 'Tanshinone I', 'Maslinic acid']	4
Tyrosine-protein phosphatase non-receptor type 2	PTN2	P17706	['CHLOROGENIC ACID', 'Ursolic acid', 'Genipin', 'Madecassic acid', '37353-31-4', 'Maslinic acid']	6
Tyrosine-protein phosphatase non-receptor type 6	PTN6	P29350	['Tanshinone IIA', 'Tanshinone I', 'Maslinic acid', 'Ursolic acid']	4
Tyrosine-protein phosphatase non-receptor type 7	PTN7	P35236	['caffeic acid']	1
U4/U6 small nuclear ribonucleoprotein Prp4	PRP4	O43172	['Sorafenib']	1
UDP-glucose 4-epimerase	GALE	Q14376	['ebselen', 'ETHACRYNIC ACID']	2
UDP-glucuronosyltransferase 1A10	UD110	Q9HAW8	['probenecid', 'diclofenac']	2
UDP-glucuronosyltransferase 1A7	UD17	Q9HAW7	['probenecid', 'diclofenac']	2
UDP-glucuronosyltransferase 1A9	UD19	O60656	['haloperidol', 'probenecid', 'diclofenac']	3
Ubiquitin carboxyl-terminal hydrolase 2	UBP2	O75604	['celastrol']	1
Ubiquitin carboxyl-terminal hydrolase 47	UBP47	Q96K76	['Ursolic acid']	1
Ubiquitin carboxyl-terminal hydrolase 7	UBP7	Q93009	['Madecassic acid', 'Ursolic acid']	2
Ubiquitin carboxyl-terminal hydrolase isozyme L1	UCHL1	P09936	['celastrol']	1
Ubiquitin carboxyl-terminal hydrolase isozyme L3	UCHL3	P15374	['celastrol']	1
Ubiquitin-conjugating enzyme E2 N	UBE2N	P61088	['Halofantrine', 'chlorhexidine', 'bepridil', 'fluoxetine', 'sertraline', 'benzethonium chloride', 'prochlorperazine', 'PERHEXILINE', 'naringin', 'astemizole', 'trifluoperazine', 'FLUPHENAZINE', 'thiethylperazine', 'tamoxifen', 'amiodarone', 'perphenazine', 'econazole', 'spermine']	18
Uncharacterized serine/threonine-protein kinase SBK3	SBK3	P0C264	['Lapatinib', 'Imatinib', 'Vandetanib', 'Pazopanib', 'Sorafenib', 'SB-203580', 'Canertinib', 'RefChem:560289', 'KW-2449']	9
Uracil nucleotide/cysteinyl leukotriene receptor	GPR17	Q13304	['indomethacin', 'rizatriptan']	2
Urokinase plasminogen activator surface receptor	UPAR	Q03405	['diltiazem', 'haloperidol', 'maprotiline']	3
Urokinase-type plasminogen activator	UROK	P00749	['quercetin', 'AMILORIDE', '701-54-2']	3
V-type proton ATPase subunit B, brain isoform	VATB2	P21281	['enoxacin']	1
Vascular cell adhesion protein 1	VCAM1	P19320	['probucol']	1
Vascular endothelial growth factor receptor 1	VGFR1	P17948	['Lapatinib', 'Imatinib', 'Nintedanib', 'Vandetanib', 'Regorafenib', 'dorsomorphin', 'Pazopanib', 'Sorafenib', 'SB-203580', 'Canertinib', 'RefChem:560289', 'KW-2449']	12
Vascular endothelial growth factor receptor 2	VGFR2	P35968	['Imatinib', 'Nintedanib', 'Vandetanib', 'Canertinib', 'kenpaullone', 'KW-2449', 'dorsomorphin', 'Pazopanib', 'quercetin', 'SU9516', 'neomycin', 'ellagic acid', 'RefChem:560289', 'mebendazole', 'Lapatinib', 'Pexidartinib', 'Sorafenib', 'SB-203580', 'niclosamide', 'Regorafenib', 'Vorinostat']	21
Vascular endothelial growth factor receptor 3	VGFR3	P35916	['Lapatinib', 'Imatinib', 'Regorafenib', 'Vandetanib', 'Pazopanib', 'Sorafenib', 'SB-203580', 'ellagic acid', 'Canertinib', 'RefChem:560289', 'KW-2449']	11
Vitamin D3 receptor	VDR	P11473	['curcumin', 'URSODEOXYCHOLIC ACID', 'Cariprazine', 'trichostatin A', 'DEOXYCHOLIC ACID']	5
Vitamin K epoxide reductase complex subunit 1	VKOR1	Q9BQB6	['warfarin']	1
Vitamin K-dependent protein C	PROC	P04070	['AMILORIDE']	1
Voltage-dependent L-type calcium channel subunit alpha-1C	CAC1C	Q13936	['phenytoin', 'isradipine', 'Darifenacin', 'tolterodine', 'testosterone', 'halothane', 'clotrimazole', 'alfuzosin', 'nimodipine', 'estradiol', 'VERAPAMIL', 'Darunavir', 'Lapatinib', 'bepridil', 'diltiazem', 'Palonosetron', 'Zuranolone', 'thioridazine', 'Solifenacin', 'amlodipine', 'duloxetine', 'nifedipine', 'Paliperidone', 'Tadalafil', 'Lacosamide', 'propranolol', 'Silodosin', 'sotalol', 'quinidine', 'moxifloxacin', 'lamotrigine', 'risperidone', 'Dofetilide']	33
Voltage-dependent L-type calcium channel subunit alpha-1C/alpha-1D/alpha-1F/alpha-1S	CAC1C	Q13936	['phenytoin', 'Halofantrine', 'cilostazol', 'haloperidol', 'methadone', 'amitriptyline', 'imipramine', 'paroxetine', 'disopyramide', 'sparfloxacin', 'donepezil', 'astemizole', 'nitrendipine', 'lamivudine', 'linezolid', 'diazepam', 'amiodarone', 'VERAPAMIL', 'bepridil', 'diltiazem', 'pentobarbital', 'thioridazine', 'Solifenacin', 'mitoxantrone', 'ceftriaxone', 'duloxetine', 'pimozide', 'nifedipine', 'Paliperidone', 'chlorpromazine', 'sotalol', 'quinidine', 'piperacillin', 'moxifloxacin', 'flecainide', 'ribavirin', 'Mexiletine', 'Voriconazole', 'risperidone', 'metronidazole', 'droperidol', 'Dofetilide']	42
Voltage-dependent L-type calcium channel subunit alpha-1S	CAC1S	Q13698	['diltiazem']	1
Voltage-dependent N-type calcium channel subunit alpha-1B	CAC1B	Q00975	['amitriptyline']	1
Voltage-dependent T-type calcium channel subunit alpha-1G	CAC1G	O43497	['flunarizine', 'pimozide']	2
Voltage-dependent T-type calcium channel subunit alpha-1H	CAC1H	O95180	['pimozide']	1
Voltage-dependent T-type calcium channel subunit alpha-1I	CAC1I	Q9P0X4	['flunarizine', 'ethosuximide']	2
Voltage-dependent calcium channel subunit alpha-2/delta-2	CA2D2	Q9NY47	['Reboxetine', 'Pregabalin']	2
Wee1-like protein kinase	WEE1	P30291	['Lapatinib', 'Imatinib', 'Vandetanib', 'Pazopanib', 'Sorafenib', 'SB-203580', 'Canertinib', 'RefChem:560289', 'KW-2449']	9
Wee1-like protein kinase 2	WEE2	P0C1S8	['Lapatinib', 'Imatinib', 'Vandetanib', 'Pazopanib', 'Sorafenib', 'SB-203580', 'Canertinib', 'RefChem:560289', 'KW-2449']	9
X-box-binding protein 1	XBP1	P17861	['HELENALIN']	1
Xanthine dehydrogenase/oxidase	XDH	P47989	['Methyl 4-hydroxybenzoate', 'genistein', 'trolox', 'Tangeretin', 'Tiliroside', 'luteolin', 'kaempferol', 'Isorhamnetin', 'hesperetin', 'quercetin', 'indomethacin', 'L-methionine', 'RUTIN', 'baicalein', 'chrysin', 'Cianidanol', 'apigenin', 'levodopa', '(-)-Epicatechin', 'Nobiletin', 'naringenin', 'Galangin', 'L-cysteine']	23
cAMP and cAMP-inhibited cGMP 3',5'-cyclic phosphodiesterase 10A	PDE10	Q9Y233	['Tadalafil', 'papaverine', 'vinpocetine', 'rolipram', 'dipyridamole']	5
cAMP and cAMP-inhibited cGMP 3',5'-cyclic phosphodiesterase 10A [432-779]	PDE10	Q9Y233	['rolipram', 'Tadalafil']	2
cAMP-dependent protein kinase catalytic subunit PRKX	PRKX	P51817	['Lapatinib', 'Imatinib', 'Vandetanib', 'Pazopanib', 'Sorafenib', 'SB-203580', 'Canertinib', 'RefChem:560289', 'KW-2449']	9
cAMP-dependent protein kinase catalytic subunit alpha	KAPCA	P17612	['Lapatinib', 'Imatinib', 'genistein', 'Vandetanib', 'Pazopanib', 'Sorafenib', 'SB-203580', 'ellipticine', 'Canertinib', 'RefChem:560289', 'Fasudil', 'KW-2449']	12
cAMP-dependent protein kinase catalytic subunit alpha/beta/gamma	KAPCA	P17612	['Imatinib', 'ellagic acid', '9H-Pyrido[3,4-B]indole']	3
cAMP-dependent protein kinase catalytic subunit beta	KAPCB	P22694	['Lapatinib', 'Imatinib', 'Vandetanib', 'Pazopanib', 'Sorafenib', 'SB-203580', 'Canertinib', 'RefChem:560289', 'KW-2449']	9
cAMP-specific 3',5'-cyclic phosphodiesterase 4A	PDE4A	P27815	['Tadalafil', 'papaverine', 'rolipram', 'pentoxifylline', 'theophylline', 'caffeine']	6
cAMP-specific 3',5'-cyclic phosphodiesterase 4B [316-320,321-700,S319G,N320S,N321H,T322M]	PDE4B	Q07343	['rolipram', 'Tadalafil']	2
cAMP-specific 3',5'-cyclic phosphodiesterase 4D	PDE4D	Q08499	['dipyridamole', 'rolipram']	2
cAMP-specific 3',5'-cyclic phosphodiesterase 4D [372-376,381-715,S375G,I381V,S383G,G384S,V385H,K386M)	PDE4D	Q08499	['rolipram', 'Tadalafil']	2
cAMP-specific 3',5'-cyclic phosphodiesterase 7B [91-450]	PDE7B	Q9NP56	['rolipram', 'Tadalafil']	2
cGMP-dependent 3',5'-cyclic phosphodiesterase [574-941]	PDE2A	O00408	['rolipram', 'Tadalafil']	2
cGMP-dependent protein kinase 1	KGP1	Q13976	['Lapatinib', 'Imatinib', 'Vandetanib', 'Pazopanib', 'Sorafenib', 'SB-203580', 'Canertinib', 'RefChem:560289', 'Fasudil', 'KW-2449']	10
cGMP-dependent protein kinase 2	KGP2	Q13237	['Lapatinib', 'Imatinib', 'Vandetanib', 'Pazopanib', 'Sorafenib', 'SB-203580', 'Canertinib', 'RefChem:560289', 'KW-2449']	9
cGMP-inhibited 3',5'-cyclic phosphodiesterase 3A	PDE3A	Q14432	['papaverine', 'cilostazol']	2
cGMP-inhibited 3',5'-cyclic phosphodiesterase 3A/3B	PDE3A	Q14432	['Tadalafil', 'rolipram', 'losartan', 'cilostazol', 'dipyridamole', 'theophylline', 'LEVOSIMENDAN']	7
cGMP-inhibited 3',5'-cyclic phosphodiesterase 3B	PDE3B	Q13370	['papaverine', 'Tadalafil']	2
cGMP-inhibited 3',5'-cyclic phosphodiesterase 3B [650-1084]	PDE3B	Q13370	['rolipram', 'Tadalafil']	2
cGMP-specific 3',5'-cyclic phosphodiesterase	PDE5A	O76074	['celecoxib', 'Tadalafil', 'papaverine', 'donepezil', 'rolipram', 'Icariin', 'dipyridamole']	7
cGMP-specific 3',5'-cyclic phosphodiesterase [531-875]	PDE5A	O76074	['rolipram', 'Tadalafil']	2
dCTP pyrophosphatase 1	DCTP1	Q9H773	['triptolide']	1
eIF-2-alpha kinase GCN2	E2AK4	Q9P2K8	['Lapatinib', 'Imatinib', 'Vandetanib', 'Pazopanib', 'Sorafenib', 'SB-203580', 'Canertinib', 'RefChem:560289', 'KW-2449']	9
fMet-Leu-Phe receptor	FPR1	P21462	['daunorubicin', 'cyclosporin A']	2
